{
          "relative_gap": 9.803111080611706e-5,
              "obj_func": "opt_balancing_weighted_sum_w1_w9",
   "max_completion_time": [
                            966.4,
                            1003.1000000000001,
                            1007.0
                          ],
                  "name": "C103-25",
              "distance": 197.99999999999991,
             "balancing": 81.20000000000005,
                   "tex": "vehicle 1: [0, 13, 17, 18, 15, 19, 16, 14, 12, 3, 0]\nvehicle 2: [0, 5, 7, 8, 10, 11, 9, 6, 4, 2, 1, 0]\nvehicle 3: [0, 20, 24, 25, 23, 22, 21, 0]\n",
             "total_com": 16999.600000000002,
                 "route": {
                             "2": [
                                    0,
                                    5,
                                    7,
                                    8,
                                    10,
                                    11,
                                    9,
                                    6,
                                    4,
                                    2,
                                    1,
                                    0
                                  ],
                             "3": [
                                    0,
                                    20,
                                    24,
                                    25,
                                    23,
                                    22,
                                    21,
                                    0
                                  ],
                             "1": [
                                    0,
                                    13,
                                    17,
                                    18,
                                    15,
                                    19,
                                    16,
                                    14,
                                    12,
                                    3,
                                    0
                                  ]
                          },
             "obj_value": 186.3199999999997,
           "num_vehicle": 3,
           "solver_name": "CPLEX",
            "solve_time": 1371.667000055313
}