{
          "relative_gap": 9.992818445875443e-5,
              "obj_func": "opt_balancing_weighted_sum_w1_w9",
   "max_completion_time": [
                            1041,
                            1007,
                            1030.6000000000001
                          ],
                  "name": "C104-25",
              "distance": 191.89999999999998,
             "balancing": 68,
                   "tex": "vehicle 1: [0, 13, 15, 12, 14, 16, 19, 18, 17, 0]\nvehicle 2: [0, 20, 24, 25, 23, 22, 21, 0]\nvehicle 3: [0, 5, 3, 7, 8, 10, 11, 9, 6, 4, 2, 1, 0]\n",
             "total_com": 18134.2,
                 "route": {
                             "2": [
                                    0,
                                    20,
                                    24,
                                    25,
                                    23,
                                    22,
                                    21,
                                    0
                                  ],
                             "3": [
                                    0,
                                    5,
                                    3,
                                    7,
                                    8,
                                    10,
                                    11,
                                    9,
                                    6,
                                    4,
                                    2,
                                    1,
                                    0
                                  ],
                             "1": [
                                    0,
                                    13,
                                    15,
                                    12,
                                    14,
                                    16,
                                    19,
                                    18,
                                    17,
                                    0
                                  ]
                          },
             "obj_value": 179.51000000000002,
           "num_vehicle": 3,
           "solver_name": "CPLEX",
            "solve_time": 1323.641000032425
}