{
          "relative_gap": 9.833566815638586e-5,
              "obj_func": "opt_balancing_weighted_sum_w1_w9",
   "max_completion_time": [
                            1072,
                            1059,
                            1065.1000000000001,
                            998,
                            1040.7000000000003
                          ],
                  "name": "C105-50",
              "distance": 439.90000000000015,
             "balancing": 344.7999999999997,
                   "tex": "vehicle 1: [0, 13, 17, 18, 19, 15, 16, 14, 12, 47, 0]\nvehicle 2: [0, 43, 42, 41, 40, 44, 46, 45, 48, 49, 0]\nvehicle 3: [0, 20, 32, 25, 27, 29, 30, 28, 26, 23, 22, 21, 0]\nvehicle 4: [0, 24, 33, 31, 35, 37, 38, 39, 36, 34, 50, 0]\nvehicle 5: [0, 3, 5, 7, 8, 10, 11, 9, 6, 4, 2, 1, 0]\n",
             "total_com": 32965.5,
                 "route": {
                             "5": [
                                    0,
                                    3,
                                    5,
                                    7,
                                    8,
                                    10,
                                    11,
                                    9,
                                    6,
                                    4,
                                    2,
                                    1,
                                    0
                                  ],
                             "4": [
                                    0,
                                    24,
                                    33,
                                    31,
                                    35,
                                    37,
                                    38,
                                    39,
                                    36,
                                    34,
                                    50,
                                    0
                                  ],
                             "2": [
                                    0,
                                    43,
                                    42,
                                    41,
                                    40,
                                    44,
                                    46,
                                    45,
                                    48,
                                    49,
                                    0
                                  ],
                             "3": [
                                    0,
                                    20,
                                    32,
                                    25,
                                    27,
                                    29,
                                    30,
                                    28,
                                    26,
                                    23,
                                    22,
                                    21,
                                    0
                                  ],
                             "1": [
                                    0,
                                    13,
                                    17,
                                    18,
                                    19,
                                    15,
                                    16,
                                    14,
                                    12,
                                    47,
                                    0
                                  ]
                          },
             "obj_value": 430.3900000000017,
           "num_vehicle": 5,
           "solver_name": "CPLEX",
            "solve_time": 862.1929998397827
}