{
          "relative_gap": 0,
              "obj_func": "opt_balancing_weighted_sum_w1_w9",
   "max_completion_time": [
                            984,
                            975,
                            948.7000000000002
                          ],
                  "name": "C105-25",
              "distance": 199.29999999999995,
             "balancing": 70.59999999999968,
                   "tex": "vehicle 1: [0, 20, 24, 25, 23, 22, 21, 0]\nvehicle 2: [0, 13, 17, 18, 19, 15, 16, 14, 12, 1, 0]\nvehicle 3: [0, 3, 5, 7, 8, 10, 11, 9, 6, 4, 2, 0]\n",
             "total_com": 16098.200000000004,
                 "route": {
                             "2": [
                                    0,
                                    13,
                                    17,
                                    18,
                                    19,
                                    15,
                                    16,
                                    14,
                                    12,
                                    1,
                                    0
                                  ],
                             "3": [
                                    0,
                                    3,
                                    5,
                                    7,
                                    8,
                                    10,
                                    11,
                                    9,
                                    6,
                                    4,
                                    2,
                                    0
                                  ],
                             "1": [
                                    0,
                                    20,
                                    24,
                                    25,
                                    23,
                                    22,
                                    21,
                                    0
                                  ]
                          },
             "obj_value": 186.43000000000058,
           "num_vehicle": 3,
           "solver_name": "CPLEX",
            "solve_time": 0.5639998912811279
}