{
          "relative_gap": 9.164342642786687e-5,
              "obj_func": "opt_balancing_weighted_sum_w1_w9",
   "max_completion_time": [
                            1030.6000000000001,
                            979.4,
                            1008.0,
                            1007.0,
                            1001.4
                          ],
                  "name": "C106-50",
              "distance": 437.90000000000003,
             "balancing": 218.00000000000068,
                   "tex": "vehicle 1: [0, 5, 3, 7, 8, 10, 11, 9, 6, 4, 2, 1, 0]\nvehicle 2: [0, 43, 42, 41, 40, 44, 46, 45, 48, 34, 22, 0]\nvehicle 3: [0, 20, 24, 25, 27, 29, 30, 28, 26, 23, 21, 0]\nvehicle 4: [0, 13, 17, 18, 19, 15, 16, 14, 12, 49, 0]\nvehicle 5: [0, 33, 32, 31, 35, 37, 38, 39, 36, 50, 47, 0]\n",
             "total_com": 32104.69999999999,
                 "route": {
                             "5": [
                                    0,
                                    33,
                                    32,
                                    31,
                                    35,
                                    37,
                                    38,
                                    39,
                                    36,
                                    50,
                                    47,
                                    0
                                  ],
                             "4": [
                                    0,
                                    13,
                                    17,
                                    18,
                                    19,
                                    15,
                                    16,
                                    14,
                                    12,
                                    49,
                                    0
                                  ],
                             "2": [
                                    0,
                                    43,
                                    42,
                                    41,
                                    40,
                                    44,
                                    46,
                                    45,
                                    48,
                                    34,
                                    22,
                                    0
                                  ],
                             "3": [
                                    0,
                                    20,
                                    24,
                                    25,
                                    27,
                                    29,
                                    30,
                                    28,
                                    26,
                                    23,
                                    21,
                                    0
                                  ],
                             "1": [
                                    0,
                                    5,
                                    3,
                                    7,
                                    8,
                                    10,
                                    11,
                                    9,
                                    6,
                                    4,
                                    2,
                                    1,
                                    0
                                  ]
                          },
             "obj_value": 416.0699999963615,
           "num_vehicle": 5,
           "solver_name": "CPLEX",
            "solve_time": 1097.473000049591
}