{
          "relative_gap": 0,
              "obj_func": "opt_balancing_weighted_sum_w1_w9",
   "max_completion_time": [
                            940,
                            940,
                            938.6000000000001
                          ],
                  "name": "C107-25",
              "distance": 198.09999999999997,
             "balancing": 2.799999999999727,
                   "tex": "vehicle 1: [0, 20, 24, 25, 23, 22, 21, 0]\nvehicle 2: [0, 13, 17, 18, 19, 15, 16, 14, 12, 1, 0]\nvehicle 3: [0, 5, 3, 7, 8, 10, 11, 9, 6, 4, 2, 0]\n",
             "total_com": 15741.500000000002,
                 "route": {
                             "2": [
                                    0,
                                    13,
                                    17,
                                    18,
                                    19,
                                    15,
                                    16,
                                    14,
                                    12,
                                    1,
                                    0
                                  ],
                             "3": [
                                    0,
                                    5,
                                    3,
                                    7,
                                    8,
                                    10,
                                    11,
                                    9,
                                    6,
                                    4,
                                    2,
                                    0
                                  ],
                             "1": [
                                    0,
                                    20,
                                    24,
                                    25,
                                    23,
                                    22,
                                    21,
                                    0
                                  ]
                          },
             "obj_value": 178.57000000000102,
           "num_vehicle": 3,
           "solver_name": "CPLEX",
            "solve_time": 0.3469998836517334
}