{
          "relative_gap": 9.898333628144633e-5,
              "obj_func": "opt_balancing_weighted_sum_w1_w9",
   "max_completion_time": [
                            939.8000000000001,
                            944.6,
                            891.8
                          ],
                  "name": "C109-25",
              "distance": 194.99999999999997,
             "balancing": 105.60000000000014,
                   "tex": "vehicle 1: [0, 5, 3, 7, 8, 10, 11, 9, 6, 2, 1, 0]\nvehicle 2: [0, 20, 24, 25, 22, 23, 21, 0]\nvehicle 3: [0, 13, 17, 18, 19, 15, 16, 14, 12, 4, 0]\n",
             "total_com": 15662.999999999995,
                 "route": {
                             "2": [
                                    0,
                                    20,
                                    24,
                                    25,
                                    22,
                                    23,
                                    21,
                                    0
                                  ],
                             "3": [
                                    0,
                                    13,
                                    17,
                                    18,
                                    19,
                                    15,
                                    16,
                                    14,
                                    12,
                                    4,
                                    0
                                  ],
                             "1": [
                                    0,
                                    5,
                                    3,
                                    7,
                                    8,
                                    10,
                                    11,
                                    9,
                                    6,
                                    2,
                                    1,
                                    0
                                  ]
                          },
             "obj_value": 186.0599999999999,
           "num_vehicle": 3,
           "solver_name": "CPLEX",
            "solve_time": 640.8340001106262
}