{
          "relative_gap": 9.135449209353932e-5,
              "obj_func": "opt_balancing_weighted_sum_w1_w9",
   "max_completion_time": [
                            2946,
                            2972,
                            2977
                          ],
                  "name": "C202-50",
              "distance": 369.00000000000017,
             "balancing": 62,
                   "tex": "vehicle 1: [0, 49, 40, 44, 46, 45, 50, 47, 43, 42, 41, 48, 0]\nvehicle 2: [0, 20, 22, 24, 27, 30, 29, 6, 32, 33, 31, 35, 37, 38, 39, 36, 34, 28, 26, 23, 18, 19, 16, 14, 12, 15, 17, 13, 25, 9, 11, 21, 0]\nvehicle 3: [0, 4, 3, 7, 1, 2, 5, 10, 8, 0]\n",
             "total_com": 96966.20000000001,
                 "route": {
                             "2": [
                                    0,
                                    20,
                                    22,
                                    24,
                                    27,
                                    30,
                                    29,
                                    6,
                                    32,
                                    33,
                                    31,
                                    35,
                                    37,
                                    38,
                                    39,
                                    36,
                                    34,
                                    28,
                                    26,
                                    23,
                                    18,
                                    19,
                                    16,
                                    14,
                                    12,
                                    15,
                                    17,
                                    13,
                                    25,
                                    9,
                                    11,
                                    21,
                                    0
                                  ],
                             "3": [
                                    0,
                                    4,
                                    3,
                                    7,
                                    1,
                                    2,
                                    5,
                                    10,
                                    8,
                                    0
                                  ],
                             "1": [
                                    0,
                                    49,
                                    40,
                                    44,
                                    46,
                                    45,
                                    50,
                                    47,
                                    43,
                                    42,
                                    41,
                                    48,
                                    0
                                  ]
                          },
             "obj_value": 338.2999979936004,
           "num_vehicle": 3,
           "solver_name": "CPLEX",
            "solve_time": 932.9730000495911
}