{
          "relative_gap": 9.833139858286064e-5,
              "obj_func": "opt_balancing_weighted_sum_w1_w9",
   "max_completion_time": [
                            2982.6,
                            2977.0
                          ],
                  "name": "C202-25",
              "distance": 220.1,
             "balancing": 5.599999999999909,
                   "tex": "vehicle 1: [0, 20, 22, 24, 6, 23, 18, 19, 16, 14, 12, 15, 17, 13, 25, 9, 11, 10, 21, 0]\nvehicle 2: [0, 4, 3, 7, 1, 2, 5, 8, 0]\n",
             "total_com": 52644.79999999999,
                 "route": {
                             "2": [
                                    0,
                                    4,
                                    3,
                                    7,
                                    1,
                                    2,
                                    5,
                                    8,
                                    0
                                  ],
                             "1": [
                                    0,
                                    20,
                                    22,
                                    24,
                                    6,
                                    23,
                                    18,
                                    19,
                                    16,
                                    14,
                                    12,
                                    15,
                                    17,
                                    13,
                                    25,
                                    9,
                                    11,
                                    10,
                                    21,
                                    0
                                  ]
                          },
             "obj_value": 198.64999999999986,
           "num_vehicle": 2,
           "solver_name": "CPLEX",
            "solve_time": 4.211999893188477
}