{
          "relative_gap": 3.578370176687152e-5,
              "obj_func": "opt_balancing_weighted_sum_w1_w9",
   "max_completion_time": [
                            2977,
                            2982.4
                          ],
                  "name": "C204-25",
              "distance": 219.89999999999998,
             "balancing": 5.400000000000091,
                   "tex": "vehicle 1: [0, 4, 3, 7, 1, 2, 5, 8, 0]\nvehicle 2: [0, 20, 22, 24, 6, 23, 17, 18, 19, 16, 14, 12, 15, 13, 25, 9, 11, 10, 21, 0]\n",
             "total_com": 52439.100000000006,
                 "route": {
                             "2": [
                                    0,
                                    20,
                                    22,
                                    24,
                                    6,
                                    23,
                                    17,
                                    18,
                                    19,
                                    16,
                                    14,
                                    12,
                                    15,
                                    13,
                                    25,
                                    9,
                                    11,
                                    10,
                                    21,
                                    0
                                  ],
                             "1": [
                                    0,
                                    4,
                                    3,
                                    7,
                                    1,
                                    2,
                                    5,
                                    8,
                                    0
                                  ]
                          },
             "obj_value": 198.4499999999998,
           "num_vehicle": 2,
           "solver_name": "CPLEX",
            "solve_time": 60.07099986076355
}