{
          "relative_gap": 2.9714212944990424e-5,
              "obj_func": "opt_balancing_weighted_sum_w1_w9",
   "max_completion_time": [
                            2993,
                            2992
                          ],
                  "name": "C205-25",
              "distance": 227.49999999999997,
             "balancing": 1,
                   "tex": "vehicle 1: [0, 5, 2, 1, 7, 3, 4, 21, 0]\nvehicle 2: [0, 20, 22, 24, 6, 23, 18, 19, 16, 14, 12, 15, 13, 17, 25, 9, 11, 10, 8, 0]\n",
             "total_com": 46784.99999999999,
                 "route": {
                             "2": [
                                    0,
                                    20,
                                    22,
                                    24,
                                    6,
                                    23,
                                    18,
                                    19,
                                    16,
                                    14,
                                    12,
                                    15,
                                    13,
                                    17,
                                    25,
                                    9,
                                    11,
                                    10,
                                    8,
                                    0
                                  ],
                             "1": [
                                    0,
                                    5,
                                    2,
                                    1,
                                    7,
                                    3,
                                    4,
                                    21,
                                    0
                                  ]
                          },
             "obj_value": 204.85,
           "num_vehicle": 2,
           "solver_name": "CPLEX",
            "solve_time": 0.9240000247955322
}