{
          "relative_gap": 9.513051346588134e-5,
              "obj_func": "opt_balancing_weighted_sum_w1_w9",
   "max_completion_time": [
                            2993,
                            2957.4,
                            2961.1
                          ],
                  "name": "C205-50",
              "distance": 371.5,
             "balancing": 71.19999999999982,
                   "tex": "vehicle 1: [0, 5, 2, 1, 7, 3, 4, 8, 21, 0]\nvehicle 2: [0, 49, 40, 44, 46, 45, 50, 47, 42, 41, 43, 48, 0]\nvehicle 3: [0, 20, 22, 24, 27, 30, 29, 6, 32, 33, 31, 35, 37, 38, 39, 36, 34, 28, 26, 23, 18, 19, 16, 14, 12, 15, 17, 13, 25, 9, 11, 10, 0]\n",
             "total_com": 91235.1,
                 "route": {
                             "2": [
                                    0,
                                    49,
                                    40,
                                    44,
                                    46,
                                    45,
                                    50,
                                    47,
                                    42,
                                    41,
                                    43,
                                    48,
                                    0
                                  ],
                             "3": [
                                    0,
                                    20,
                                    22,
                                    24,
                                    27,
                                    30,
                                    29,
                                    6,
                                    32,
                                    33,
                                    31,
                                    35,
                                    37,
                                    38,
                                    39,
                                    36,
                                    34,
                                    28,
                                    26,
                                    23,
                                    18,
                                    19,
                                    16,
                                    14,
                                    12,
                                    15,
                                    17,
                                    13,
                                    25,
                                    9,
                                    11,
                                    10,
                                    0
                                  ],
                             "1": [
                                    0,
                                    5,
                                    2,
                                    1,
                                    7,
                                    3,
                                    4,
                                    8,
                                    21,
                                    0
                                  ]
                          },
             "obj_value": 341.4699999999997,
           "num_vehicle": 3,
           "solver_name": "CPLEX",
            "solve_time": 164.54299998283386
}