{
          "relative_gap": 9.758477677454812e-5,
              "obj_func": "opt_balancing_weighted_sum_w1_w9",
   "max_completion_time": [
                            2838.8,
                            2838.6
                          ],
                  "name": "C206-25",
              "distance": 227.7,
             "balancing": 0.20000000000027285,
                   "tex": "vehicle 1: [0, 20, 22, 24, 6, 23, 18, 19, 16, 12, 14, 15, 17, 13, 25, 9, 11, 10, 0]\nvehicle 2: [0, 5, 2, 1, 7, 3, 4, 8, 21, 0]\n",
             "total_com": 45467.09999999999,
                 "route": {
                             "2": [
                                    0,
                                    5,
                                    2,
                                    1,
                                    7,
                                    3,
                                    4,
                                    8,
                                    21,
                                    0
                                  ],
                             "1": [
                                    0,
                                    20,
                                    22,
                                    24,
                                    6,
                                    23,
                                    18,
                                    19,
                                    16,
                                    12,
                                    14,
                                    15,
                                    17,
                                    13,
                                    25,
                                    9,
                                    11,
                                    10,
                                    0
                                  ]
                          },
             "obj_value": 204.94999999999993,
           "num_vehicle": 2,
           "solver_name": "CPLEX",
            "solve_time": 1.4200000762939453
}