{
          "relative_gap": 9.879162143523244e-5,
              "obj_func": "opt_balancing_weighted_sum_w1_w9",
   "max_completion_time": [
                            2721.9,
                            2707.0
                          ],
                  "name": "C207-25",
              "distance": 227.6,
             "balancing": 14.900000000000091,
                   "tex": "vehicle 1: [0, 20, 22, 24, 6, 23, 18, 19, 15, 12, 14, 16, 17, 13, 9, 25, 21, 0]\nvehicle 2: [0, 5, 2, 1, 7, 3, 4, 11, 10, 8, 0]\n",
             "total_com": 44217.99999999999,
                 "route": {
                             "2": [
                                    0,
                                    5,
                                    2,
                                    1,
                                    7,
                                    3,
                                    4,
                                    11,
                                    10,
                                    8,
                                    0
                                  ],
                             "1": [
                                    0,
                                    20,
                                    22,
                                    24,
                                    6,
                                    23,
                                    18,
                                    19,
                                    15,
                                    12,
                                    14,
                                    16,
                                    17,
                                    13,
                                    9,
                                    25,
                                    21,
                                    0
                                  ]
                          },
             "obj_value": 206.32999999999976,
           "num_vehicle": 2,
           "solver_name": "CPLEX",
            "solve_time": 9.319000005722046
}