{
          "relative_gap": 6.068192761836677e-5,
              "obj_func": "opt_balancing_weighted_sum_w1_w9",
   "max_completion_time": [
                            2738,
                            2737
                          ],
                  "name": "C208-25",
              "distance": 224.79999999999998,
             "balancing": 1,
                   "tex": "vehicle 1: [0, 20, 22, 24, 6, 23, 18, 19, 16, 14, 12, 15, 17, 13, 9, 25, 21, 0]\nvehicle 2: [0, 5, 2, 1, 7, 3, 4, 11, 10, 8, 0]\n",
             "total_com": 42669.2,
                 "route": {
                             "2": [
                                    0,
                                    5,
                                    2,
                                    1,
                                    7,
                                    3,
                                    4,
                                    11,
                                    10,
                                    8,
                                    0
                                  ],
                             "1": [
                                    0,
                                    20,
                                    22,
                                    24,
                                    6,
                                    23,
                                    18,
                                    19,
                                    16,
                                    14,
                                    12,
                                    15,
                                    17,
                                    13,
                                    9,
                                    25,
                                    21,
                                    0
                                  ]
                          },
             "obj_value": 202.42,
           "num_vehicle": 2,
           "solver_name": "CPLEX",
            "solve_time": 5.414000034332275
}