{
          "relative_gap": 0.040141165385667296,
              "obj_func": "opt_balancing_weighted_sum_w1_w9",
   "max_completion_time": [
                            167,
                            163,
                            169,
                            171,
                            182,
                            159,
                            134,
                            118.1
                          ],
                  "name": "R101-25",
              "distance": 632.6999999999999,
             "balancing": 666.3,
                   "tex": "vehicle 1: [0, 7, 8, 17, 0]\nvehicle 2: [0, 2, 21, 3, 24, 0]\nvehicle 3: [0, 5, 16, 13, 0]\nvehicle 4: [0, 12, 9, 20, 1, 0]\nvehicle 5: [0, 23, 25, 0]\nvehicle 6: [0, 14, 15, 22, 4, 0]\nvehicle 7: [0, 11, 19, 10, 0]\nvehicle 8: [0, 18, 6, 0]\n",
             "total_com": 4190.9,
                 "route": {
                             "5": [
                                    0,
                                    23,
                                    25,
                                    0
                                  ],
                             "4": [
                                    0,
                                    12,
                                    9,
                                    20,
                                    1,
                                    0
                                  ],
                             "6": [
                                    0,
                                    14,
                                    15,
                                    22,
                                    4,
                                    0
                                  ],
                             "7": [
                                    0,
                                    11,
                                    19,
                                    10,
                                    0
                                  ],
                             "2": [
                                    0,
                                    2,
                                    21,
                                    3,
                                    24,
                                    0
                                  ],
                             "8": [
                                    0,
                                    18,
                                    6,
                                    0
                                  ],
                             "3": [
                                    0,
                                    5,
                                    16,
                                    13,
                                    0
                                  ],
                             "1": [
                                    0,
                                    7,
                                    8,
                                    17,
                                    0
                                  ]
                          },
             "obj_value": 636.060000000001,
           "num_vehicle": 8,
           "solver_name": "CPLEX",
            "solve_time": 3618.651999950409
}