{
          "relative_gap": 0.11118452881112191,
              "obj_func": "opt_balancing_weighted_sum_w1_w9",
   "max_completion_time": [
                            156.7,
                            142.0,
                            142.0,
                            182.0,
                            144.0,
                            171.0,
                            169.0,
                            134.0,
                            175.0,
                            153.0,
                            163.0,
                            167.0
                          ],
                  "name": "R101-50",
              "distance": 1051.0000000000002,
             "balancing": 1201.3,
                   "tex": "vehicle 1: [0, 31, 30, 20, 32, 0]\nvehicle 2: [0, 14, 44, 38, 43, 0]\nvehicle 3: [0, 42, 15, 41, 26, 0]\nvehicle 4: [0, 39, 23, 22, 4, 25, 0]\nvehicle 5: [0, 5, 16, 37, 0]\nvehicle 6: [0, 2, 21, 40, 50, 1, 0]\nvehicle 7: [0, 27, 18, 6, 13, 0]\nvehicle 8: [0, 36, 47, 7, 10, 0]\nvehicle 9: [0, 11, 19, 49, 48, 0]\nvehicle 10: [0, 33, 29, 9, 34, 35, 0]\nvehicle 11: [0, 28, 12, 3, 24, 0]\nvehicle 12: [0, 45, 8, 46, 17, 0]\n",
             "total_com": 7368.999999999999,
                 "route": {
                              "5": [
                                     0,
                                     5,
                                     16,
                                     37,
                                     0
                                   ],
                             "12": [
                                     0,
                                     45,
                                     8,
                                     46,
                                     17,
                                     0
                                   ],
                              "8": [
                                     0,
                                     36,
                                     47,
                                     7,
                                     10,
                                     0
                                   ],
                              "1": [
                                     0,
                                     31,
                                     30,
                                     20,
                                     32,
                                     0
                                   ],
                              "6": [
                                     0,
                                     2,
                                     21,
                                     40,
                                     50,
                                     1,
                                     0
                                   ],
                             "11": [
                                     0,
                                     28,
                                     12,
                                     3,
                                     24,
                                     0
                                   ],
                              "9": [
                                     0,
                                     11,
                                     19,
                                     49,
                                     48,
                                     0
                                   ],
                              "3": [
                                     0,
                                     42,
                                     15,
                                     41,
                                     26,
                                     0
                                   ],
                              "7": [
                                     0,
                                     27,
                                     18,
                                     6,
                                     13,
                                     0
                                   ],
                              "4": [
                                     0,
                                     39,
                                     23,
                                     22,
                                     4,
                                     25,
                                     0
                                   ],
                              "2": [
                                     0,
                                     14,
                                     44,
                                     38,
                                     43,
                                     0
                                   ],
                             "10": [
                                     0,
                                     33,
                                     29,
                                     9,
                                     34,
                                     35,
                                     0
                                   ]
                          },
             "obj_value": 1066.0300000000002,
           "num_vehicle": 12,
           "solver_name": "CPLEX",
            "solve_time": 3604.21799993515
}