{
          "relative_gap": 0.0979807266632733,
              "obj_func": "opt_balancing_weighted_sum_w1_w9",
   "max_completion_time": [
                            162.4,
                            162.7,
                            158.1,
                            163.0,
                            167.0,
                            182.0,
                            169.0
                          ],
                  "name": "R102-25",
              "distance": 587.5,
             "balancing": 178.40000000000003,
                   "tex": "vehicle 1: [0, 12, 3, 9, 20, 1, 0]\nvehicle 2: [0, 8, 5, 2, 0]\nvehicle 3: [0, 11, 19, 10, 7, 0]\nvehicle 4: [0, 21, 23, 24, 0]\nvehicle 5: [0, 14, 16, 17, 0]\nvehicle 6: [0, 15, 22, 4, 25, 0]\nvehicle 7: [0, 18, 6, 13, 0]\n",
             "total_com": 4125.900000000001,
                 "route": {
                             "5": [
                                    0,
                                    14,
                                    16,
                                    17,
                                    0
                                  ],
                             "4": [
                                    0,
                                    21,
                                    23,
                                    24,
                                    0
                                  ],
                             "6": [
                                    0,
                                    15,
                                    22,
                                    4,
                                    25,
                                    0
                                  ],
                             "7": [
                                    0,
                                    18,
                                    6,
                                    13,
                                    0
                                  ],
                             "2": [
                                    0,
                                    8,
                                    5,
                                    2,
                                    0
                                  ],
                             "3": [
                                    0,
                                    11,
                                    19,
                                    10,
                                    7,
                                    0
                                  ],
                             "1": [
                                    0,
                                    12,
                                    3,
                                    9,
                                    20,
                                    1,
                                    0
                                  ]
                          },
             "obj_value": 546.5900000000206,
           "num_vehicle": 7,
           "solver_name": "CPLEX",
            "solve_time": 3603.6710000038147
}