{
          "relative_gap": 0.09230275776116667,
              "obj_func": "opt_balancing_weighted_sum_w1_w9",
   "max_completion_time": [
                            169,
                            159.5,
                            181.1,
                            187,
                            182
                          ],
                  "name": "R103-25",
              "distance": 468.2,
             "balancing": 136,
                   "tex": "vehicle 1: [0, 16, 14, 15, 6, 13, 0]\nvehicle 2: [0, 7, 19, 11, 10, 1, 0]\nvehicle 3: [0, 20, 9, 3, 24, 12, 0]\nvehicle 4: [0, 18, 8, 17, 5, 0]\nvehicle 5: [0, 2, 21, 23, 22, 4, 25, 0]\n",
             "total_com": 3608.7000000000003,
                 "route": {
                             "5": [
                                    0,
                                    2,
                                    21,
                                    23,
                                    22,
                                    4,
                                    25,
                                    0
                                  ],
                             "4": [
                                    0,
                                    18,
                                    8,
                                    17,
                                    5,
                                    0
                                  ],
                             "2": [
                                    0,
                                    7,
                                    19,
                                    11,
                                    10,
                                    1,
                                    0
                                  ],
                             "3": [
                                    0,
                                    20,
                                    9,
                                    3,
                                    24,
                                    12,
                                    0
                                  ],
                             "1": [
                                    0,
                                    16,
                                    14,
                                    15,
                                    6,
                                    13,
                                    0
                                  ]
                          },
             "obj_value": 434.98,
           "num_vehicle": 5,
           "solver_name": "CPLEX",
            "solve_time": 3609.003000020981
}