{
          "relative_gap": 0.08325584986338323,
              "obj_func": "opt_balancing_weighted_sum_w1_w9",
   "max_completion_time": [
                            169,
                            179,
                            182,
                            181.1
                          ],
                  "name": "R104-25",
              "distance": 417.3,
             "balancing": 41.099999999999994,
                   "tex": "vehicle 1: [0, 7, 19, 11, 8, 18, 13, 0]\nvehicle 2: [0, 2, 15, 14, 16, 17, 5, 6, 0]\nvehicle 3: [0, 21, 22, 23, 4, 25, 0]\nvehicle 4: [0, 1, 10, 20, 9, 3, 24, 12, 0]\n",
             "total_com": 3368.1999999999994,
                 "route": {
                             "4": [
                                    0,
                                    1,
                                    10,
                                    20,
                                    9,
                                    3,
                                    24,
                                    12,
                                    0
                                  ],
                             "2": [
                                    0,
                                    2,
                                    15,
                                    14,
                                    16,
                                    17,
                                    5,
                                    6,
                                    0
                                  ],
                             "3": [
                                    0,
                                    21,
                                    22,
                                    23,
                                    4,
                                    25,
                                    0
                                  ],
                             "1": [
                                    0,
                                    7,
                                    19,
                                    11,
                                    8,
                                    18,
                                    13,
                                    0
                                  ]
                          },
             "obj_value": 379.68000000000023,
           "num_vehicle": 4,
           "solver_name": "CPLEX",
            "solve_time": 3602.5599999427795
}