{
          "relative_gap": 6.697733286568462e-5,
              "obj_func": "opt_balancing_weighted_sum_w1_w9",
   "max_completion_time": [
                            149,
                            153,
                            159,
                            176.20000000000002,
                            157,
                            166
                          ],
                  "name": "R105-25",
              "distance": 544.0999999999999,
             "balancing": 177.00000000000009,
                   "tex": "vehicle 1: [0, 2, 15, 22, 4, 0]\nvehicle 2: [0, 12, 9, 3, 24, 0]\nvehicle 3: [0, 5, 14, 16, 6, 13, 0]\nvehicle 4: [0, 19, 11, 10, 20, 1, 0]\nvehicle 5: [0, 7, 18, 8, 17, 0]\nvehicle 6: [0, 21, 23, 25, 0]\n",
             "total_com": 3766.6,
                 "route": {
                             "5": [
                                    0,
                                    7,
                                    18,
                                    8,
                                    17,
                                    0
                                  ],
                             "4": [
                                    0,
                                    19,
                                    11,
                                    10,
                                    20,
                                    1,
                                    0
                                  ],
                             "6": [
                                    0,
                                    21,
                                    23,
                                    25,
                                    0
                                  ],
                             "2": [
                                    0,
                                    12,
                                    9,
                                    3,
                                    24,
                                    0
                                  ],
                             "3": [
                                    0,
                                    5,
                                    14,
                                    16,
                                    6,
                                    13,
                                    0
                                  ],
                             "1": [
                                    0,
                                    2,
                                    15,
                                    22,
                                    4,
                                    0
                                  ]
                          },
             "obj_value": 507.3900000000003,
           "num_vehicle": 6,
           "solver_name": "CPLEX",
            "solve_time": 352.960000038147
}