{
          "relative_gap": 0.04457025654248114,
              "obj_func": "opt_balancing_weighted_sum_w1_w9",
   "max_completion_time": [
                            202.1,
                            178.4,
                            171.5,
                            177.0
                          ],
                  "name": "R107-25",
              "distance": 427.8,
             "balancing": 93.19999999999999,
                   "tex": "vehicle 1: [0, 16, 14, 15, 23, 22, 21, 4, 25, 0]\nvehicle 2: [0, 6, 13, 2, 0]\nvehicle 3: [0, 12, 24, 3, 9, 20, 10, 1, 0]\nvehicle 4: [0, 18, 7, 11, 19, 8, 17, 5, 0]\n",
             "total_com": 3613.0000000000005,
                 "route": {
                             "4": [
                                    0,
                                    18,
                                    7,
                                    11,
                                    19,
                                    8,
                                    17,
                                    5,
                                    0
                                  ],
                             "2": [
                                    0,
                                    6,
                                    13,
                                    2,
                                    0
                                  ],
                             "3": [
                                    0,
                                    12,
                                    24,
                                    3,
                                    9,
                                    20,
                                    10,
                                    1,
                                    0
                                  ],
                             "1": [
                                    0,
                                    16,
                                    14,
                                    15,
                                    23,
                                    22,
                                    21,
                                    4,
                                    25,
                                    0
                                  ]
                          },
             "obj_value": 387.1000000000014,
           "num_vehicle": 4,
           "solver_name": "CPLEX",
            "solve_time": 3600.87700009346
}