{
          "relative_gap": 0.019348056680502306,
              "obj_func": "opt_balancing_weighted_sum_w1_w9",
   "max_completion_time": [
                            169.5,
                            169.0,
                            169.0,
                            171.1
                          ],
                  "name": "R108-25",
              "distance": 410.09999999999997,
             "balancing": 6.799999999999983,
                   "tex": "vehicle 1: [0, 7, 10, 11, 19, 8, 18, 13, 0]\nvehicle 2: [0, 2, 15, 14, 16, 17, 5, 6, 0]\nvehicle 3: [0, 21, 22, 23, 4, 25, 0]\nvehicle 4: [0, 1, 20, 9, 3, 24, 12, 0]\n",
             "total_com": 3244.4999999999995,
                 "route": {
                             "4": [
                                    0,
                                    1,
                                    20,
                                    9,
                                    3,
                                    24,
                                    12,
                                    0
                                  ],
                             "2": [
                                    0,
                                    2,
                                    15,
                                    14,
                                    16,
                                    17,
                                    5,
                                    6,
                                    0
                                  ],
                             "3": [
                                    0,
                                    21,
                                    22,
                                    23,
                                    4,
                                    25,
                                    0
                                  ],
                             "1": [
                                    0,
                                    7,
                                    10,
                                    11,
                                    19,
                                    8,
                                    18,
                                    13,
                                    0
                                  ]
                          },
             "obj_value": 369.7699999999999,
           "num_vehicle": 4,
           "solver_name": "CPLEX",
            "solve_time": 3600.6600000858307
}