{
          "relative_gap": 9.707705353444842e-5,
              "obj_func": "opt_balancing_weighted_sum_w1_w9",
   "max_completion_time": [
                            146.9,
                            178.0,
                            154.1,
                            147.9,
                            155.7
                          ],
                  "name": "R109-25",
              "distance": 453.09999999999997,
             "balancing": 139.99999999999994,
                   "tex": "vehicle 1: [0, 2, 15, 14, 16, 6, 13, 0]\nvehicle 2: [0, 21, 22, 23, 4, 25, 24, 0]\nvehicle 3: [0, 12, 3, 9, 20, 0]\nvehicle 4: [0, 18, 5, 8, 17, 0]\nvehicle 5: [0, 7, 19, 11, 10, 1, 0]\n",
             "total_com": 3603.6999999999994,
                 "route": {
                             "5": [
                                    0,
                                    7,
                                    19,
                                    11,
                                    10,
                                    1,
                                    0
                                  ],
                             "4": [
                                    0,
                                    18,
                                    5,
                                    8,
                                    17,
                                    0
                                  ],
                             "2": [
                                    0,
                                    21,
                                    22,
                                    23,
                                    4,
                                    25,
                                    24,
                                    0
                                  ],
                             "3": [
                                    0,
                                    12,
                                    3,
                                    9,
                                    20,
                                    0
                                  ],
                             "1": [
                                    0,
                                    2,
                                    15,
                                    14,
                                    16,
                                    6,
                                    13,
                                    0
                                  ]
                          },
             "obj_value": 421.78999999999996,
           "num_vehicle": 5,
           "solver_name": "CPLEX",
            "solve_time": 131.10599994659424
}