{
          "relative_gap": 0.05754454476600953,
              "obj_func": "opt_balancing_weighted_sum_w1_w9",
   "max_completion_time": [
                            193,
                            170.4,
                            154,
                            132.1,
                            157
                          ],
                  "name": "R111-25",
              "distance": 430.80000000000007,
             "balancing": 276.40000000000003,
                   "tex": "vehicle 1: [0, 21, 23, 22, 4, 25, 24, 0]\nvehicle 2: [0, 12, 3, 9, 20, 10, 1, 0]\nvehicle 3: [0, 2, 15, 14, 16, 17, 5, 0]\nvehicle 4: [0, 7, 11, 19, 8, 18, 0]\nvehicle 5: [0, 6, 13, 0]\n",
             "total_com": 3452.3999999999996,
                 "route": {
                             "5": [
                                    0,
                                    6,
                                    13,
                                    0
                                  ],
                             "4": [
                                    0,
                                    7,
                                    11,
                                    19,
                                    8,
                                    18,
                                    0
                                  ],
                             "2": [
                                    0,
                                    12,
                                    3,
                                    9,
                                    20,
                                    10,
                                    1,
                                    0
                                  ],
                             "3": [
                                    0,
                                    2,
                                    15,
                                    14,
                                    16,
                                    17,
                                    5,
                                    0
                                  ],
                             "1": [
                                    0,
                                    21,
                                    23,
                                    22,
                                    4,
                                    25,
                                    24,
                                    0
                                  ]
                          },
             "obj_value": 415.35999999999865,
           "num_vehicle": 5,
           "solver_name": "CPLEX",
            "solve_time": 3604.6370000839233
}