{
          "relative_gap": 0.09714247876797225,
              "obj_func": "opt_balancing_weighted_sum_w1_w9",
   "max_completion_time": [
                            163.5,
                            179.29999999999998,
                            155.1,
                            179.9
                          ],
                  "name": "R112-25",
              "distance": 404.30000000000007,
             "balancing": 90.20000000000002,
                   "tex": "vehicle 1: [0, 18, 8, 17, 16, 5, 6, 0]\nvehicle 2: [0, 21, 23, 22, 2, 15, 14, 13, 0]\nvehicle 3: [0, 12, 3, 24, 25, 4, 0]\nvehicle 4: [0, 7, 19, 11, 10, 20, 9, 1, 0]\n",
             "total_com": 3392.099999999999,
                 "route": {
                             "4": [
                                    0,
                                    7,
                                    19,
                                    11,
                                    10,
                                    20,
                                    9,
                                    1,
                                    0
                                  ],
                             "2": [
                                    0,
                                    21,
                                    23,
                                    22,
                                    2,
                                    15,
                                    14,
                                    13,
                                    0
                                  ],
                             "3": [
                                    0,
                                    12,
                                    3,
                                    24,
                                    25,
                                    4,
                                    0
                                  ],
                             "1": [
                                    0,
                                    18,
                                    8,
                                    17,
                                    16,
                                    5,
                                    6,
                                    0
                                  ]
                          },
             "obj_value": 372.88999993654465,
           "num_vehicle": 4,
           "solver_name": "CPLEX",
            "solve_time": 3603.3550000190735
}