{
          "relative_gap": 1.3695381518351937e-5,
              "obj_func": "opt_balancing_weighted_sum_w1_w9",
   "max_completion_time": [
                            700,
                            743,
                            852,
                            717
                          ],
                  "name": "R201-25",
              "distance": 464.2,
             "balancing": 482,
                   "tex": "vehicle 1: [0, 5, 19, 11, 7, 8, 18, 6, 13, 0]\nvehicle 2: [0, 2, 15, 14, 16, 17, 0]\nvehicle 3: [0, 21, 23, 22, 4, 25, 24, 0]\nvehicle 4: [0, 12, 9, 3, 20, 10, 1, 0]\n",
             "total_com": 14008.2,
                 "route": {
                             "4": [
                                    0,
                                    12,
                                    9,
                                    3,
                                    20,
                                    10,
                                    1,
                                    0
                                  ],
                             "2": [
                                    0,
                                    2,
                                    15,
                                    14,
                                    16,
                                    17,
                                    0
                                  ],
                             "3": [
                                    0,
                                    21,
                                    23,
                                    22,
                                    4,
                                    25,
                                    24,
                                    0
                                  ],
                             "1": [
                                    0,
                                    5,
                                    19,
                                    11,
                                    7,
                                    8,
                                    18,
                                    6,
                                    13,
                                    0
                                  ]
                          },
             "obj_value": 465.97999999999985,
           "num_vehicle": 4,
           "solver_name": "CPLEX",
            "solve_time": 82.19900012016296
}