{
          "relative_gap": 0.14420272630140749,
              "obj_func": "opt_balancing_weighted_sum_w1_w9",
   "max_completion_time": [
                            700,
                            827,
                            739,
                            763
                          ],
                  "name": "R202-25",
              "distance": 437.80000000000007,
             "balancing": 405,
                   "tex": "vehicle 1: [0, 7, 11, 19, 8, 18, 6, 13, 0]\nvehicle 2: [0, 21, 23, 22, 4, 25, 0]\nvehicle 3: [0, 9, 20, 10, 1, 3, 24, 12, 0]\nvehicle 4: [0, 2, 15, 14, 16, 17, 5, 0]\n",
             "total_com": 14408.999999999998,
                 "route": {
                             "4": [
                                    0,
                                    2,
                                    15,
                                    14,
                                    16,
                                    17,
                                    5,
                                    0
                                  ],
                             "2": [
                                    0,
                                    21,
                                    23,
                                    22,
                                    4,
                                    25,
                                    0
                                  ],
                             "3": [
                                    0,
                                    9,
                                    20,
                                    10,
                                    1,
                                    3,
                                    24,
                                    12,
                                    0
                                  ],
                             "1": [
                                    0,
                                    7,
                                    11,
                                    19,
                                    8,
                                    18,
                                    6,
                                    13,
                                    0
                                  ]
                          },
             "obj_value": 434.5200000000061,
           "num_vehicle": 4,
           "solver_name": "CPLEX",
            "solve_time": 3603.53200006485
}