{
          "relative_gap": 0.1873350233485535,
              "obj_func": "opt_balancing_weighted_sum_w1_w9",
   "max_completion_time": [
                            785.2,
                            700.0,
                            877.0
                          ],
                  "name": "R203-25",
              "distance": 416.3,
             "balancing": 354,
                   "tex": "vehicle 1: [0, 6, 5, 8, 17, 16, 14, 0]\nvehicle 2: [0, 18, 7, 19, 11, 20, 9, 3, 1, 10, 13, 0]\nvehicle 3: [0, 2, 15, 23, 22, 21, 4, 25, 24, 12, 0]\n",
             "total_com": 13783.5,
                 "route": {
                             "2": [
                                    0,
                                    18,
                                    7,
                                    19,
                                    11,
                                    20,
                                    9,
                                    3,
                                    1,
                                    10,
                                    13,
                                    0
                                  ],
                             "3": [
                                    0,
                                    2,
                                    15,
                                    23,
                                    22,
                                    21,
                                    4,
                                    25,
                                    24,
                                    12,
                                    0
                                  ],
                             "1": [
                                    0,
                                    6,
                                    5,
                                    8,
                                    17,
                                    16,
                                    14,
                                    0
                                  ]
                          },
             "obj_value": 410.0700000000269,
           "num_vehicle": 3,
           "solver_name": "CPLEX",
            "solve_time": 3601.4719998836517
}