{
          "relative_gap": 0.07858450137606146,
              "obj_func": "opt_balancing_weighted_sum_w1_w9",
   "max_completion_time": [
                            700,
                            897.2
                          ],
                  "name": "R204-25",
              "distance": 359.50000000000006,
             "balancing": 197.20000000000005,
                   "tex": "vehicle 1: [0, 7, 19, 11, 10, 20, 9, 1, 18, 8, 6, 13, 0]\nvehicle 2: [0, 5, 17, 16, 14, 15, 2, 21, 22, 23, 4, 25, 24, 3, 12, 0]\n",
             "total_com": 10978.300000000001,
                 "route": {
                             "2": [
                                    0,
                                    5,
                                    17,
                                    16,
                                    14,
                                    15,
                                    2,
                                    21,
                                    22,
                                    23,
                                    4,
                                    25,
                                    24,
                                    3,
                                    12,
                                    0
                                  ],
                             "1": [
                                    0,
                                    7,
                                    19,
                                    11,
                                    10,
                                    20,
                                    9,
                                    1,
                                    18,
                                    8,
                                    6,
                                    13,
                                    0
                                  ]
                          },
             "obj_value": 343.2699999999997,
           "num_vehicle": 2,
           "solver_name": "CPLEX",
            "solve_time": 3600.922999858856
}