{
          "relative_gap": 4.575179740787901e-5,
              "obj_func": "opt_balancing_weighted_sum_w1_w9",
   "max_completion_time": [
                            751,
                            668,
                            727.4
                          ],
                  "name": "R205-25",
              "distance": 393,
             "balancing": 166,
                   "tex": "vehicle 1: [0, 12, 21, 22, 23, 4, 25, 24, 0]\nvehicle 2: [0, 2, 15, 14, 16, 5, 18, 8, 7, 19, 11, 10, 20, 9, 3, 1, 0]\nvehicle 3: [0, 6, 17, 13, 0]\n",
             "total_com": 12547.300000000001,
                 "route": {
                             "2": [
                                    0,
                                    2,
                                    15,
                                    14,
                                    16,
                                    5,
                                    18,
                                    8,
                                    7,
                                    19,
                                    11,
                                    10,
                                    20,
                                    9,
                                    3,
                                    1,
                                    0
                                  ],
                             "3": [
                                    0,
                                    6,
                                    17,
                                    13,
                                    0
                                  ],
                             "1": [
                                    0,
                                    12,
                                    21,
                                    22,
                                    23,
                                    4,
                                    25,
                                    24,
                                    0
                                  ]
                          },
             "obj_value": 370.3,
           "num_vehicle": 3,
           "solver_name": "CPLEX",
            "solve_time": 111.35099983215332
}