{
          "relative_gap": 0.04749515893633126,
              "obj_func": "opt_balancing_weighted_sum_w1_w9",
   "max_completion_time": [
                            737.8,
                            717.6,
                            766.0
                          ],
                  "name": "R206-25",
              "distance": 385.30000000000007,
             "balancing": 96.79999999999995,
                   "tex": "vehicle 1: [0, 6, 16, 17, 5, 13, 0]\nvehicle 2: [0, 18, 8, 7, 19, 11, 10, 20, 9, 3, 24, 12, 1, 0]\nvehicle 3: [0, 2, 14, 15, 22, 23, 25, 4, 21, 0]\n",
             "total_com": 14256.7,
                 "route": {
                             "2": [
                                    0,
                                    18,
                                    8,
                                    7,
                                    19,
                                    11,
                                    10,
                                    20,
                                    9,
                                    3,
                                    24,
                                    12,
                                    1,
                                    0
                                  ],
                             "3": [
                                    0,
                                    2,
                                    14,
                                    15,
                                    22,
                                    23,
                                    25,
                                    4,
                                    21,
                                    0
                                  ],
                             "1": [
                                    0,
                                    6,
                                    16,
                                    17,
                                    5,
                                    13,
                                    0
                                  ]
                          },
             "obj_value": 356.449999999999,
           "num_vehicle": 3,
           "solver_name": "CPLEX",
            "solve_time": 3601.1180000305176
}