{
          "relative_gap": 0.0825259099024311,
              "obj_func": "opt_balancing_weighted_sum_w1_w9",
   "max_completion_time": [
                            766,
                            642.1,
                            765.4000000000001
                          ],
                  "name": "R207-25",
              "distance": 369.2000000000001,
             "balancing": 247.79999999999995,
                   "tex": "vehicle 1: [0, 2, 15, 22, 23, 25, 4, 21, 0]\nvehicle 2: [0, 18, 8, 7, 19, 11, 10, 1, 20, 9, 3, 24, 12, 0]\nvehicle 3: [0, 6, 5, 17, 16, 14, 13, 0]\n",
             "total_com": 14417.6,
                 "route": {
                             "2": [
                                    0,
                                    18,
                                    8,
                                    7,
                                    19,
                                    11,
                                    10,
                                    1,
                                    20,
                                    9,
                                    3,
                                    24,
                                    12,
                                    0
                                  ],
                             "3": [
                                    0,
                                    6,
                                    5,
                                    17,
                                    16,
                                    14,
                                    13,
                                    0
                                  ],
                             "1": [
                                    0,
                                    2,
                                    15,
                                    22,
                                    23,
                                    25,
                                    4,
                                    21,
                                    0
                                  ]
                          },
             "obj_value": 357.0600000000003,
           "num_vehicle": 3,
           "solver_name": "CPLEX",
            "solve_time": 3602.920999765396
}