{
          "relative_gap": 8.385796251548694e-5,
              "obj_func": "opt_balancing_weighted_sum_w1_w9",
   "max_completion_time": [
                            689.8,
                            757.2
                          ],
                  "name": "R208-25",
              "distance": 342.8,
             "balancing": 67.40000000000009,
                   "tex": "vehicle 1: [0, 6, 5, 17, 16, 14, 15, 22, 23, 4, 21, 2, 13, 0]\nvehicle 2: [0, 18, 8, 7, 19, 11, 10, 1, 20, 9, 3, 24, 25, 12, 0]\n",
             "total_com": 10705.800000000001,
                 "route": {
                             "2": [
                                    0,
                                    18,
                                    8,
                                    7,
                                    19,
                                    11,
                                    10,
                                    1,
                                    20,
                                    9,
                                    3,
                                    24,
                                    25,
                                    12,
                                    0
                                  ],
                             "1": [
                                    0,
                                    6,
                                    5,
                                    17,
                                    16,
                                    14,
                                    15,
                                    22,
                                    23,
                                    4,
                                    21,
                                    2,
                                    13,
                                    0
                                  ]
                          },
             "obj_value": 315.2599999999998,
           "num_vehicle": 2,
           "solver_name": "CPLEX",
            "solve_time": 713.0770001411438
}