{
          "relative_gap": 3.177276616297006e-5,
              "obj_func": "opt_balancing_weighted_sum_w1_w9",
   "max_completion_time": [
                            643,
                            646
                          ],
                  "name": "R209-25",
              "distance": 370.70000000000005,
             "balancing": 3,
                   "tex": "vehicle 1: [0, 12, 21, 2, 15, 14, 16, 5, 17, 6, 13, 22, 23, 4, 25, 24, 0]\nvehicle 2: [0, 18, 8, 7, 19, 11, 10, 20, 9, 3, 1, 0]\n",
             "total_com": 12048.400000000001,
                 "route": {
                             "2": [
                                    0,
                                    18,
                                    8,
                                    7,
                                    19,
                                    11,
                                    10,
                                    20,
                                    9,
                                    3,
                                    1,
                                    0
                                  ],
                             "1": [
                                    0,
                                    12,
                                    21,
                                    2,
                                    15,
                                    14,
                                    16,
                                    5,
                                    17,
                                    6,
                                    13,
                                    22,
                                    23,
                                    4,
                                    25,
                                    24,
                                    0
                                  ]
                          },
             "obj_value": 333.92999999999995,
           "num_vehicle": 2,
           "solver_name": "CPLEX",
            "solve_time": 324.1449999809265
}