{
          "relative_gap": 0.09564433090860304,
              "obj_func": "opt_balancing_weighted_sum_w1_w9",
   "max_completion_time": [
                            703,
                            861,
                            704
                          ],
                  "name": "R210-25",
              "distance": 413.5000000000001,
             "balancing": 316,
                   "tex": "vehicle 1: [0, 1, 11, 19, 7, 8, 17, 5, 0]\nvehicle 2: [0, 16, 14, 15, 2, 21, 23, 22, 4, 25, 24, 0]\nvehicle 3: [0, 12, 3, 9, 20, 10, 18, 6, 13, 0]\n",
             "total_com": 12481.599999999999,
                 "route": {
                             "2": [
                                    0,
                                    16,
                                    14,
                                    15,
                                    2,
                                    21,
                                    23,
                                    22,
                                    4,
                                    25,
                                    24,
                                    0
                                  ],
                             "3": [
                                    0,
                                    12,
                                    3,
                                    9,
                                    20,
                                    10,
                                    18,
                                    6,
                                    13,
                                    0
                                  ],
                             "1": [
                                    0,
                                    1,
                                    11,
                                    19,
                                    7,
                                    8,
                                    17,
                                    5,
                                    0
                                  ]
                          },
             "obj_value": 403.75,
           "num_vehicle": 3,
           "solver_name": "CPLEX",
            "solve_time": 3600.957999944687
}