{
          "relative_gap": 0.05508673133940929,
              "obj_func": "opt_balancing_weighted_sum_w1_w9",
   "max_completion_time": [
                            653.5,
                            628.2
                          ],
                  "name": "R211-25",
              "distance": 352.9000000000001,
             "balancing": 25.299999999999955,
                   "tex": "vehicle 1: [0, 12, 21, 22, 23, 4, 25, 24, 3, 9, 20, 10, 1, 0]\nvehicle 2: [0, 2, 15, 14, 16, 17, 8, 11, 19, 7, 18, 5, 6, 13, 0]\n",
             "total_com": 11725.300000000001,
                 "route": {
                             "2": [
                                    0,
                                    2,
                                    15,
                                    14,
                                    16,
                                    17,
                                    8,
                                    11,
                                    19,
                                    7,
                                    18,
                                    5,
                                    6,
                                    13,
                                    0
                                  ],
                             "1": [
                                    0,
                                    12,
                                    21,
                                    22,
                                    23,
                                    4,
                                    25,
                                    24,
                                    3,
                                    9,
                                    20,
                                    10,
                                    1,
                                    0
                                  ]
                          },
             "obj_value": 320.14,
           "num_vehicle": 2,
           "solver_name": "CPLEX",
            "solve_time": 3609.9140000343323
}