{
          "relative_gap": 7.86134579830652e-5,
              "obj_func": "opt_balancing_weighted_sum_w1_w9",
   "max_completion_time": [
                            157,
                            161,
                            162,
                            182.8
                          ],
                  "name": "RC105-25",
              "distance": 415.4,
             "balancing": 78.40000000000003,
                   "tex": "vehicle 1: [0, 12, 14, 15, 16, 17, 0]\nvehicle 2: [0, 2, 5, 3, 1, 8, 6, 7, 4, 0]\nvehicle 3: [0, 11, 9, 10, 13, 0]\nvehicle 4: [0, 19, 23, 18, 22, 20, 24, 21, 25, 0]\n",
             "total_com": 3538.8999999999996,
                 "route": {
                             "4": [
                                    0,
                                    19,
                                    23,
                                    18,
                                    22,
                                    20,
                                    24,
                                    21,
                                    25,
                                    0
                                  ],
                             "2": [
                                    0,
                                    2,
                                    5,
                                    3,
                                    1,
                                    8,
                                    6,
                                    7,
                                    4,
                                    0
                                  ],
                             "3": [
                                    0,
                                    11,
                                    9,
                                    10,
                                    13,
                                    0
                                  ],
                             "1": [
                                    0,
                                    12,
                                    14,
                                    15,
                                    16,
                                    17,
                                    0
                                  ]
                          },
             "obj_value": 381.69999999999976,
           "num_vehicle": 4,
           "solver_name": "CPLEX",
            "solve_time": 239.21699976921082
}