{
          "relative_gap": 9.75972690275282e-5,
              "obj_func": "opt_balancing_weighted_sum_w1_w9",
   "max_completion_time": [
                            169.5,
                            164.3,
                            170.5
                          ],
                  "name": "RC106-25",
              "distance": 346.40000000000003,
             "balancing": 12.399999999999977,
                   "tex": "vehicle 1: [0, 14, 12, 16, 15, 11, 10, 9, 13, 17, 0]\nvehicle 2: [0, 2, 5, 8, 7, 6, 4, 3, 1, 0]\nvehicle 3: [0, 23, 21, 18, 19, 20, 22, 25, 24, 0]\n",
             "total_com": 3315.4,
                 "route": {
                             "2": [
                                    0,
                                    2,
                                    5,
                                    8,
                                    7,
                                    6,
                                    4,
                                    3,
                                    1,
                                    0
                                  ],
                             "3": [
                                    0,
                                    23,
                                    21,
                                    18,
                                    19,
                                    20,
                                    22,
                                    25,
                                    24,
                                    0
                                  ],
                             "1": [
                                    0,
                                    14,
                                    12,
                                    16,
                                    15,
                                    11,
                                    10,
                                    9,
                                    13,
                                    17,
                                    0
                                  ]
                          },
             "obj_value": 313.0000000000001,
           "num_vehicle": 3,
           "solver_name": "CPLEX",
            "solve_time": 87.62800002098083
}