{
          "relative_gap": 5.2219589931989465e-5,
              "obj_func": "opt_balancing_weighted_sum_w1_w9",
   "max_completion_time": [
                            163.3,
                            172.10000000000002,
                            169.0
                          ],
                  "name": "RC107-25",
              "distance": 300.1,
             "balancing": 17.600000000000023,
                   "tex": "vehicle 1: [0, 2, 6, 7, 8, 5, 1, 3, 4, 0]\nvehicle 2: [0, 12, 14, 17, 16, 15, 13, 9, 11, 10, 0]\nvehicle 3: [0, 22, 19, 18, 21, 23, 25, 24, 20, 0]\n",
             "total_com": 3415.7999999999993,
                 "route": {
                             "2": [
                                    0,
                                    12,
                                    14,
                                    17,
                                    16,
                                    15,
                                    13,
                                    9,
                                    11,
                                    10,
                                    0
                                  ],
                             "3": [
                                    0,
                                    22,
                                    19,
                                    18,
                                    21,
                                    23,
                                    25,
                                    24,
                                    20,
                                    0
                                  ],
                             "1": [
                                    0,
                                    2,
                                    6,
                                    7,
                                    8,
                                    5,
                                    1,
                                    3,
                                    4,
                                    0
                                  ]
                          },
             "obj_value": 271.8500000000006,
           "num_vehicle": 3,
           "solver_name": "CPLEX",
            "solve_time": 127.79500007629395
}