{
          "relative_gap": 9.975401266747385e-5,
              "obj_func": "opt_balancing_weighted_sum_w1_w9",
   "max_completion_time": [
                            169,
                            184.4,
                            175.3
                          ],
                  "name": "RC104-25",
              "distance": 300.3,
             "balancing": 30.80000000000001,
                   "tex": "vehicle 1: [0, 12, 14, 17, 16, 15, 11, 9, 13, 10, 0]\nvehicle 2: [0, 22, 20, 19, 18, 21, 23, 25, 24, 0]\nvehicle 3: [0, 6, 7, 8, 5, 3, 1, 4, 2, 0]\n",
             "total_com": 3290.7000000000003,
                 "route": {
                             "2": [
                                    0,
                                    22,
                                    20,
                                    19,
                                    18,
                                    21,
                                    23,
                                    25,
                                    24,
                                    0
                                  ],
                             "3": [
                                    0,
                                    6,
                                    7,
                                    8,
                                    5,
                                    3,
                                    1,
                                    4,
                                    2,
                                    0
                                  ],
                             "1": [
                                    0,
                                    12,
                                    14,
                                    17,
                                    16,
                                    15,
                                    11,
                                    9,
                                    13,
                                    10,
                                    0
                                  ]
                          },
             "obj_value": 273.3499999998003,
           "num_vehicle": 3,
           "solver_name": "CPLEX",
            "solve_time": 462.87199997901917
}