{
          "relative_gap": 0.020014751320497744,
              "obj_func": "opt_balancing_weighted_sum_w1_w9",
   "max_completion_time": [
                            191,
                            184,
                            184.4
                          ],
                  "name": "RC103-25",
              "distance": 334.20000000000005,
             "balancing": 14,
                   "tex": "vehicle 1: [0, 2, 7, 6, 8, 4, 5, 3, 1, 0]\nvehicle 2: [0, 12, 14, 15, 11, 9, 10, 13, 16, 17, 0]\nvehicle 3: [0, 20, 19, 18, 21, 23, 22, 25, 24, 0]\n",
             "total_com": 3516.000000000001,
                 "route": {
                             "2": [
                                    0,
                                    12,
                                    14,
                                    15,
                                    11,
                                    9,
                                    10,
                                    13,
                                    16,
                                    17,
                                    0
                                  ],
                             "3": [
                                    0,
                                    20,
                                    19,
                                    18,
                                    21,
                                    23,
                                    22,
                                    25,
                                    24,
                                    0
                                  ],
                             "1": [
                                    0,
                                    2,
                                    7,
                                    6,
                                    8,
                                    4,
                                    5,
                                    3,
                                    1,
                                    0
                                  ]
                          },
             "obj_value": 302.1800000000014,
           "num_vehicle": 3,
           "solver_name": "CPLEX",
            "solve_time": 3600.5889999866486
}