{
          "relative_gap": 9.873263203266713e-5,
              "obj_func": "opt_balancing_weighted_sum_w1_w9",
   "max_completion_time": [
                            184.4,
                            191.0,
                            191.09999999999997
                          ],
                  "name": "RC102-25",
              "distance": 352.2000000000001,
             "balancing": 13.39999999999992,
                   "tex": "vehicle 1: [0, 21, 23, 19, 18, 22, 20, 25, 24, 0]\nvehicle 2: [0, 2, 7, 6, 8, 4, 5, 3, 1, 0]\nvehicle 3: [0, 14, 11, 15, 16, 9, 10, 13, 17, 12, 0]\n",
             "total_com": 3689.2,
                 "route": {
                             "2": [
                                    0,
                                    2,
                                    7,
                                    6,
                                    8,
                                    4,
                                    5,
                                    3,
                                    1,
                                    0
                                  ],
                             "3": [
                                    0,
                                    14,
                                    11,
                                    15,
                                    16,
                                    9,
                                    10,
                                    13,
                                    17,
                                    12,
                                    0
                                  ],
                             "1": [
                                    0,
                                    21,
                                    23,
                                    19,
                                    18,
                                    22,
                                    20,
                                    25,
                                    24,
                                    0
                                  ]
                          },
             "obj_value": 318.31999999999937,
           "num_vehicle": 3,
           "solver_name": "CPLEX",
            "solve_time": 120.31500005722046
}