{
          "relative_gap": 0,
              "obj_func": "opt_balancing_weighted_sum_w1_w9",
   "max_completion_time": [
                            178,
                            164,
                            158,
                            178.6
                          ],
                  "name": "RC101-25",
              "distance": 464.9000000000001,
             "balancing": 75.79999999999998,
                   "tex": "vehicle 1: [0, 14, 12, 15, 16, 9, 10, 13, 17, 0]\nvehicle 2: [0, 23, 21, 19, 18, 25, 0]\nvehicle 3: [0, 11, 22, 20, 24, 0]\nvehicle 4: [0, 2, 5, 7, 6, 8, 3, 1, 4, 0]\n",
             "total_com": 3748.499999999999,
                 "route": {
                             "4": [
                                    0,
                                    2,
                                    5,
                                    7,
                                    6,
                                    8,
                                    3,
                                    1,
                                    4,
                                    0
                                  ],
                             "2": [
                                    0,
                                    23,
                                    21,
                                    19,
                                    18,
                                    25,
                                    0
                                  ],
                             "3": [
                                    0,
                                    11,
                                    22,
                                    20,
                                    24,
                                    0
                                  ],
                             "1": [
                                    0,
                                    14,
                                    12,
                                    15,
                                    16,
                                    9,
                                    10,
                                    13,
                                    17,
                                    0
                                  ]
                          },
             "obj_value": 425.9899999999981,
           "num_vehicle": 4,
           "solver_name": "CPLEX",
            "solve_time": 388.48200011253357
}