{
          "relative_gap": 9.905334001467691e-5,
              "obj_func": "opt_balancing_weighted_sum_w1_w9",
   "max_completion_time": [
                            153,
                            163,
                            155.4
                          ],
                  "name": "RC108-25",
              "distance": 294.80000000000007,
             "balancing": 20,
                   "tex": "vehicle 1: [0, 2, 6, 7, 8, 4, 5, 3, 1, 0]\nvehicle 2: [0, 24, 25, 23, 21, 18, 19, 22, 20, 0]\nvehicle 3: [0, 12, 14, 17, 16, 15, 13, 9, 11, 10, 0]\n",
             "total_com": 3205.6000000000013,
                 "route": {
                             "2": [
                                    0,
                                    24,
                                    25,
                                    23,
                                    21,
                                    18,
                                    19,
                                    22,
                                    20,
                                    0
                                  ],
                             "3": [
                                    0,
                                    12,
                                    14,
                                    17,
                                    16,
                                    15,
                                    13,
                                    9,
                                    11,
                                    10,
                                    0
                                  ],
                             "1": [
                                    0,
                                    2,
                                    6,
                                    7,
                                    8,
                                    4,
                                    5,
                                    3,
                                    1,
                                    0
                                  ]
                          },
             "obj_value": 267.32,
           "num_vehicle": 3,
           "solver_name": "CPLEX",
            "solve_time": 1778.888000011444
}