{
          "relative_gap": 0.042973410036432555,
              "obj_func": "opt_balancing_weighted_sum_w1_w9",
   "max_completion_time": [
                            608,
                            618,
                            522.8
                          ],
                  "name": "RC207-25",
              "distance": 302.90000000000003,
             "balancing": 190.4000000000001,
                   "tex": "vehicle 1: [0, 25, 23, 21, 18, 19, 20, 22, 24, 0]\nvehicle 2: [0, 2, 6, 7, 8, 5, 3, 1, 4, 0]\nvehicle 3: [0, 12, 14, 17, 16, 15, 10, 11, 13, 9, 0]\n",
             "total_com": 11917.199999999997,
                 "route": {
                             "2": [
                                    0,
                                    2,
                                    6,
                                    7,
                                    8,
                                    5,
                                    3,
                                    1,
                                    4,
                                    0
                                  ],
                             "3": [
                                    0,
                                    12,
                                    14,
                                    17,
                                    16,
                                    15,
                                    10,
                                    11,
                                    13,
                                    9,
                                    0
                                  ],
                             "1": [
                                    0,
                                    25,
                                    23,
                                    21,
                                    18,
                                    19,
                                    20,
                                    22,
                                    24,
                                    0
                                  ]
                          },
             "obj_value": 291.64999993642607,
           "num_vehicle": 3,
           "solver_name": "CPLEX",
            "solve_time": 3601.2860000133514
}