{
          "relative_gap": 0.05550869361940767,
              "obj_func": "opt_balancing_weighted_sum_w1_w9",
   "max_completion_time": [
                            794,
                            741,
                            714.4
                          ],
                  "name": "RC203-25",
              "distance": 329.7,
             "balancing": 159.20000000000005,
                   "tex": "vehicle 1: [0, 20, 19, 18, 21, 23, 22, 24, 25, 0]\nvehicle 2: [0, 11, 15, 9, 10, 13, 16, 17, 14, 12, 0]\nvehicle 3: [0, 6, 7, 8, 4, 5, 3, 1, 2, 0]\n",
             "total_com": 13922.7,
                 "route": {
                             "2": [
                                    0,
                                    11,
                                    15,
                                    9,
                                    10,
                                    13,
                                    16,
                                    17,
                                    14,
                                    12,
                                    0
                                  ],
                             "3": [
                                    0,
                                    6,
                                    7,
                                    8,
                                    4,
                                    5,
                                    3,
                                    1,
                                    2,
                                    0
                                  ],
                             "1": [
                                    0,
                                    20,
                                    19,
                                    18,
                                    21,
                                    23,
                                    22,
                                    24,
                                    25,
                                    0
                                  ]
                          },
             "obj_value": 312.6500000000288,
           "num_vehicle": 3,
           "solver_name": "CPLEX",
            "solve_time": 3600.6879999637604
}