{
          "relative_gap": 8.845017876082793e-5,
              "obj_func": "opt_balancing_weighted_sum_w1_w9",
   "max_completion_time": [
                            731,
                            794,
                            714.4
                          ],
                  "name": "RC202-25",
              "distance": 339.70000000000005,
             "balancing": 159.20000000000005,
                   "tex": "vehicle 1: [0, 14, 16, 15, 11, 9, 10, 13, 17, 12, 0]\nvehicle 2: [0, 23, 21, 18, 19, 22, 20, 24, 25, 0]\nvehicle 3: [0, 6, 7, 8, 4, 5, 3, 1, 2, 0]\n",
             "total_com": 14448.700000000003,
                 "route": {
                             "2": [
                                    0,
                                    23,
                                    21,
                                    18,
                                    19,
                                    22,
                                    20,
                                    24,
                                    25,
                                    0
                                  ],
                             "3": [
                                    0,
                                    6,
                                    7,
                                    8,
                                    4,
                                    5,
                                    3,
                                    1,
                                    2,
                                    0
                                  ],
                             "1": [
                                    0,
                                    14,
                                    16,
                                    15,
                                    11,
                                    9,
                                    10,
                                    13,
                                    17,
                                    12,
                                    0
                                  ]
                          },
             "obj_value": 321.6499999999997,
           "num_vehicle": 3,
           "solver_name": "CPLEX",
            "solve_time": 81.90100002288818
}