{
          "relative_gap": 0.18423477473558922,
              "obj_func": "opt_balancing_weighted_sum_w1_w9",
   "max_completion_time": [
                            502.70000000000005,
                            633.1
                          ],
                  "name": "RC208-25",
              "distance": 269.1,
             "balancing": 130.39999999999998,
                   "tex": "vehicle 1: [0, 20, 19, 18, 21, 23, 25, 24, 22, 0]\nvehicle 2: [0, 12, 14, 17, 16, 15, 13, 9, 11, 10, 2, 6, 7, 8, 4, 5, 3, 1, 0]\n",
             "total_com": 12759.000000000004,
                 "route": {
                             "2": [
                                    0,
                                    12,
                                    14,
                                    17,
                                    16,
                                    15,
                                    13,
                                    9,
                                    11,
                                    10,
                                    2,
                                    6,
                                    7,
                                    8,
                                    4,
                                    5,
                                    3,
                                    1,
                                    0
                                  ],
                             "1": [
                                    0,
                                    20,
                                    19,
                                    18,
                                    21,
                                    23,
                                    25,
                                    24,
                                    22,
                                    0
                                  ]
                          },
             "obj_value": 255.22999999999976,
           "num_vehicle": 2,
           "solver_name": "CPLEX",
            "solve_time": 3600.848000049591
}