{
          "relative_gap": 7.803980449475382e-5,
              "obj_func": "opt_balancing_weighted_sum_w1_w9",
   "max_completion_time": [
                            651.3,
                            691.1,
                            708.4
                          ],
                  "name": "RC206-25",
              "distance": 328.9,
             "balancing": 114.20000000000005,
                   "tex": "vehicle 1: [0, 2, 5, 8, 7, 6, 1, 3, 4, 0]\nvehicle 2: [0, 12, 14, 11, 9, 15, 16, 17, 13, 10, 0]\nvehicle 3: [0, 22, 19, 18, 21, 23, 25, 24, 20, 0]\n",
             "total_com": 12723.5,
                 "route": {
                             "2": [
                                    0,
                                    12,
                                    14,
                                    11,
                                    9,
                                    15,
                                    16,
                                    17,
                                    13,
                                    10,
                                    0
                                  ],
                             "3": [
                                    0,
                                    22,
                                    19,
                                    18,
                                    21,
                                    23,
                                    25,
                                    24,
                                    20,
                                    0
                                  ],
                             "1": [
                                    0,
                                    2,
                                    5,
                                    8,
                                    7,
                                    6,
                                    1,
                                    3,
                                    4,
                                    0
                                  ]
                          },
             "obj_value": 307.4300000000004,
           "num_vehicle": 3,
           "solver_name": "CPLEX",
            "solve_time": 141.22099995613098
}