{
          "relative_gap": 4.771017658044165e-5,
              "obj_func": "opt_balancing_weighted_sum_w1_w9",
   "max_completion_time": [
                            794,
                            713,
                            700
                          ],
                  "name": "RC201-25",
              "distance": 360.20000000000005,
             "balancing": 188,
                   "tex": "vehicle 1: [0, 23, 21, 18, 19, 22, 20, 24, 25, 0]\nvehicle 2: [0, 14, 12, 16, 15, 11, 9, 10, 13, 17, 0]\nvehicle 3: [0, 2, 5, 8, 7, 6, 3, 1, 4, 0]\n",
             "total_com": 12668.2,
                 "route": {
                             "2": [
                                    0,
                                    14,
                                    12,
                                    16,
                                    15,
                                    11,
                                    9,
                                    10,
                                    13,
                                    17,
                                    0
                                  ],
                             "3": [
                                    0,
                                    2,
                                    5,
                                    8,
                                    7,
                                    6,
                                    3,
                                    1,
                                    4,
                                    0
                                  ],
                             "1": [
                                    0,
                                    23,
                                    21,
                                    18,
                                    19,
                                    22,
                                    20,
                                    24,
                                    25,
                                    0
                                  ]
                          },
             "obj_value": 342.9799999999998,
           "num_vehicle": 3,
           "solver_name": "CPLEX",
            "solve_time": 7.110000133514404
}