{
          "relative_gap": 0,
              "obj_func": "opt_balancing_weighted_sum_w1_w9",
   "max_completion_time": [
                            714.1,
                            831.0,
                            712.3
                          ],
                  "name": "RC205-25",
              "distance": 343.30000000000007,
             "balancing": 237.4000000000001,
                   "tex": "vehicle 1: [0, 12, 14, 16, 15, 11, 9, 10, 13, 17, 0]\nvehicle 2: [0, 23, 21, 18, 19, 22, 20, 24, 25, 0]\nvehicle 3: [0, 2, 6, 7, 8, 5, 4, 3, 1, 0]\n",
             "total_com": 12867.699999999997,
                 "route": {
                             "2": [
                                    0,
                                    23,
                                    21,
                                    18,
                                    19,
                                    22,
                                    20,
                                    24,
                                    25,
                                    0
                                  ],
                             "3": [
                                    0,
                                    2,
                                    6,
                                    7,
                                    8,
                                    5,
                                    4,
                                    3,
                                    1,
                                    0
                                  ],
                             "1": [
                                    0,
                                    12,
                                    14,
                                    16,
                                    15,
                                    11,
                                    9,
                                    10,
                                    13,
                                    17,
                                    0
                                  ]
                          },
             "obj_value": 332.71000000000015,
           "num_vehicle": 3,
           "solver_name": "CPLEX",
            "solve_time": 77.76800012588501
}