{
           "relative_gap": 0.9196191933261464,
               "obj_func": "opt_total_finishing_time",
    "max_completion_time": [
                             659.1000000000001,
                             915.0,
                             944.2
                           ],
                   "name": "C102-25",
               "distance": 337.0000000000001,
              "balancing": 570.1999999999998,
                    "tex": "vehicle 1: [0, 13, 17, 18, 12, 21, 14, 0]\nvehicle 2: [0, 20, 24, 25, 19, 15, 16, 6, 23, 22, 0]\nvehicle 3: [0, 5, 3, 7, 8, 10, 11, 9, 2, 4, 1, 0]\n",
              "total_com": 14600.100000000002,
                  "route": {
                              "2": [
                                     0,
                                     20,
                                     24,
                                     25,
                                     19,
                                     15,
                                     16,
                                     6,
                                     23,
                                     22,
                                     0
                                   ],
                              "3": [
                                     0,
                                     5,
                                     3,
                                     7,
                                     8,
                                     10,
                                     11,
                                     9,
                                     2,
                                     4,
                                     1,
                                     0
                                   ],
                              "1": [
                                     0,
                                     13,
                                     17,
                                     18,
                                     12,
                                     21,
                                     14,
                                     0
                                   ]
                           },
              "obj_value": 2502.399999996994,
            "num_vehicle": 3,
   "total_finishing_time": 2518.3,
            "solver_name": "CPLEX",
             "solve_time": 3618.451999902725
}