{
           "relative_gap": 0.9471624636928351,
               "obj_func": "opt_total_finishing_time",
    "max_completion_time": [
                             926.7,
                             1040.3,
                             671.5
                           ],
                   "name": "C103-25",
               "distance": 362.8,
              "balancing": 737.5999999999999,
                    "tex": "vehicle 1: [0, 13, 2, 8, 10, 11, 9, 6, 23, 22, 0]\nvehicle 2: [0, 12, 17, 19, 16, 3, 21, 1, 4, 7, 5, 0]\nvehicle 3: [0, 20, 25, 24, 15, 14, 18, 0]\n",
              "total_com": 15837.299999999996,
                  "route": {
                              "2": [
                                     0,
                                     12,
                                     17,
                                     19,
                                     16,
                                     3,
                                     21,
                                     1,
                                     4,
                                     7,
                                     5,
                                     0
                                   ],
                              "3": [
                                     0,
                                     20,
                                     25,
                                     24,
                                     15,
                                     14,
                                     18,
                                     0
                                   ],
                              "1": [
                                     0,
                                     13,
                                     2,
                                     8,
                                     10,
                                     11,
                                     9,
                                     6,
                                     23,
                                     22,
                                     0
                                   ]
                           },
              "obj_value": 2600.4999999920037,
            "num_vehicle": 3,
   "total_finishing_time": 2638.5,
            "solver_name": "CPLEX",
             "solve_time": 3603.013000011444
}