{
           "relative_gap": 0.953797010565507,
               "obj_func": "opt_total_finishing_time",
    "max_completion_time": [
                             848.1999999999999,
                             685.9,
                             1102.8
                           ],
                   "name": "C104-25",
               "distance": 382.5,
              "balancing": 833.8,
                    "tex": "vehicle 1: [0, 13, 18, 8, 7, 3, 2, 21, 4, 0]\nvehicle 2: [0, 6, 25, 19, 15, 1, 5, 0]\nvehicle 3: [0, 17, 14, 12, 16, 10, 11, 9, 23, 22, 20, 24, 0]\n",
              "total_com": 15827.399999999998,
                  "route": {
                              "2": [
                                     0,
                                     6,
                                     25,
                                     19,
                                     15,
                                     1,
                                     5,
                                     0
                                   ],
                              "3": [
                                     0,
                                     17,
                                     14,
                                     12,
                                     16,
                                     10,
                                     11,
                                     9,
                                     23,
                                     22,
                                     20,
                                     24,
                                     0
                                   ],
                              "1": [
                                     0,
                                     13,
                                     18,
                                     8,
                                     7,
                                     3,
                                     2,
                                     21,
                                     4,
                                     0
                                   ]
                           },
              "obj_value": 2636.8999999980015,
            "num_vehicle": 3,
   "total_finishing_time": 2636.8999999999996,
            "solver_name": "CPLEX",
             "solve_time": 3618.6559998989105
}