{
           "relative_gap": 0,
               "obj_func": "opt_total_finishing_time",
    "max_completion_time": [
                             1073.4,
                             1029.1000000000001,
                             380.9
                           ],
                   "name": "C105-25",
               "distance": 275.1,
              "balancing": 1385.0000000000002,
                    "tex": "vehicle 1: [0, 20, 24, 25, 19, 15, 11, 9, 6, 4, 2, 1, 0]\nvehicle 2: [0, 13, 17, 18, 10, 16, 14, 12, 23, 22, 21, 0]\nvehicle 3: [0, 5, 3, 7, 8, 0]\n",
              "total_com": 15810.400000000001,
                  "route": {
                              "2": [
                                     0,
                                     13,
                                     17,
                                     18,
                                     10,
                                     16,
                                     14,
                                     12,
                                     23,
                                     22,
                                     21,
                                     0
                                   ],
                              "3": [
                                     0,
                                     5,
                                     3,
                                     7,
                                     8,
                                     0
                                   ],
                              "1": [
                                     0,
                                     20,
                                     24,
                                     25,
                                     19,
                                     15,
                                     11,
                                     9,
                                     6,
                                     4,
                                     2,
                                     1,
                                     0
                                   ]
                           },
              "obj_value": 2483.2999999999956,
            "num_vehicle": 3,
   "total_finishing_time": 2483.4,
            "solver_name": "CPLEX",
             "solve_time": 307.2000000476837
}