{
           "relative_gap": 0,
               "obj_func": "opt_total_finishing_time",
    "max_completion_time": [
                             1018.6999999999999,
                             1053.6000000000001,
                             492.5
                           ],
                   "name": "C106-25",
               "distance": 294.49999999999994,
              "balancing": 1122.2000000000003,
                    "tex": "vehicle 1: [0, 13, 17, 18, 19, 11, 9, 6, 23, 22, 21, 0]\nvehicle 2: [0, 20, 24, 25, 10, 16, 14, 12, 4, 2, 1, 0]\nvehicle 3: [0, 5, 3, 7, 8, 15, 0]\n",
              "total_com": 15715.100000000002,
                  "route": {
                              "2": [
                                     0,
                                     20,
                                     24,
                                     25,
                                     10,
                                     16,
                                     14,
                                     12,
                                     4,
                                     2,
                                     1,
                                     0
                                   ],
                              "3": [
                                     0,
                                     5,
                                     3,
                                     7,
                                     8,
                                     15,
                                     0
                                   ],
                              "1": [
                                     0,
                                     13,
                                     17,
                                     18,
                                     19,
                                     11,
                                     9,
                                     6,
                                     23,
                                     22,
                                     21,
                                     0
                                   ]
                           },
              "obj_value": 2564.699999999997,
            "num_vehicle": 3,
   "total_finishing_time": 2564.8,
            "solver_name": "CPLEX",
             "solve_time": 19.753999948501587
}