{
   "max_completion_time": {
                             "2": 3232.5999999999985,
                             "1": 1830.8999999999942
                          },
                  "name": "C202-25",
            "solve_time": 1.6649999618530273,
          "relative_gap": 0,
                 "route": {
                             "2": [
                                    0,
                                    20,
                                    22,
                                    24,
                                    6,
                                    23,
                                    18,
                                    19,
                                    16,
                                    14,
                                    12,
                                    15,
                                    17,
                                    13,
                                    25,
                                    9,
                                    11,
                                    10,
                                    8,
                                    21,
                                    0
                                  ],
                             "1": [
                                    0,
                                    4,
                                    3,
                                    7,
                                    1,
                                    2,
                                    5,
                                    0
                                  ]
                          },
          "obj_function": 1401.7000000000044,
             "total_com": 48347.99999999997,
           "num_vehicle": 2,
           "solver_name": "CPLEX",
                   "tex": "vehicle 1: [0, 4, 3, 7, 1, 2, 5, 0]\nvehicle 2: [0, 20, 22, 24, 6, 23, 18, 19, 16, 14, 12, 15, 17, 13, 25, 9, 11, 10, 8, 21, 0]\n"
}