{
   "max_completion_time": {
                             "2": 3246,
                             "3": 3326.5999999999985,
                             "1": 1617
                          },
                  "name": "C206-50",
            "solve_time": 51.71499991416931,
          "relative_gap": 0,
                 "route": {
                             "2": [
                                    0,
                                    49,
                                    40,
                                    44,
                                    46,
                                    45,
                                    50,
                                    47,
                                    42,
                                    41,
                                    43,
                                    48,
                                    0
                                  ],
                             "3": [
                                    0,
                                    20,
                                    22,
                                    24,
                                    27,
                                    30,
                                    29,
                                    6,
                                    32,
                                    33,
                                    31,
                                    35,
                                    37,
                                    38,
                                    39,
                                    36,
                                    34,
                                    28,
                                    26,
                                    23,
                                    18,
                                    19,
                                    16,
                                    14,
                                    12,
                                    15,
                                    17,
                                    13,
                                    25,
                                    9,
                                    11,
                                    10,
                                    8,
                                    21,
                                    0
                                  ],
                             "1": [
                                    0,
                                    5,
                                    2,
                                    1,
                                    7,
                                    3,
                                    4,
                                    0
                                  ]
                          },
          "obj_function": 3419.199999999997,
             "total_com": 87713.70000000007,
           "num_vehicle": 3,
           "solver_name": "CPLEX",
                   "tex": "vehicle 1: [0, 5, 2, 1, 7, 3, 4, 0]\nvehicle 2: [0, 49, 40, 44, 46, 45, 50, 47, 42, 41, 43, 48, 0]\nvehicle 3: [0, 20, 22, 24, 27, 30, 29, 6, 32, 33, 31, 35, 37, 38, 39, 36, 34, 28, 26, 23, 18, 19, 16, 14, 12, 15, 17, 13, 25, 9, 11, 10, 8, 21, 0]\n"
}