{
   "max_completion_time": {
                              "5": 179,
                             "12": 177,
                              "8": 148.99999999999997,
                              "1": 134,
                              "6": 163,
                             "11": 142,
                              "9": 185,
                              "3": 119,
                              "7": 161,
                              "4": 166.99999999999997,
                              "2": 192,
                             "10": 181
                          },
                  "name": "R101-50",
            "solve_time": 10.889999866485596,
          "relative_gap": 0,
                 "route": {
                              "5": [
                                     0,
                                     14,
                                     44,
                                     38,
                                     43,
                                     13,
                                     0
                                   ],
                             "12": [
                                     0,
                                     45,
                                     8,
                                     46,
                                     17,
                                     0
                                   ],
                              "8": [
                                     0,
                                     5,
                                     16,
                                     37,
                                     0
                                   ],
                              "1": [
                                     0,
                                     36,
                                     47,
                                     7,
                                     10,
                                     0
                                   ],
                              "6": [
                                     0,
                                     33,
                                     29,
                                     9,
                                     34,
                                     35,
                                     0
                                   ],
                             "11": [
                                     0,
                                     42,
                                     15,
                                     41,
                                     26,
                                     0
                                   ],
                              "9": [
                                     0,
                                     11,
                                     19,
                                     49,
                                     48,
                                     0
                                   ],
                              "3": [
                                     0,
                                     27,
                                     18,
                                     6,
                                     0
                                   ],
                              "7": [
                                     0,
                                     31,
                                     30,
                                     20,
                                     32,
                                     0
                                   ],
                              "4": [
                                     0,
                                     28,
                                     12,
                                     3,
                                     24,
                                     0
                                   ],
                              "2": [
                                     0,
                                     39,
                                     23,
                                     22,
                                     4,
                                     25,
                                     0
                                   ],
                             "10": [
                                     0,
                                     2,
                                     21,
                                     40,
                                     50,
                                     1,
                                     0
                                   ]
                          },
          "obj_function": 1737.0000000000002,
             "total_com": 5294.200000000012,
           "num_vehicle": 12,
           "solver_name": "CPLEX",
                   "tex": "vehicle 1: [0, 36, 47, 7, 10, 0]\nvehicle 2: [0, 39, 23, 22, 4, 25, 0]\nvehicle 3: [0, 27, 18, 6, 0]\nvehicle 4: [0, 28, 12, 3, 24, 0]\nvehicle 5: [0, 14, 44, 38, 43, 13, 0]\nvehicle 6: [0, 33, 29, 9, 34, 35, 0]\nvehicle 7: [0, 31, 30, 20, 32, 0]\nvehicle 8: [0, 5, 16, 37, 0]\nvehicle 9: [0, 11, 19, 49, 48, 0]\nvehicle 10: [0, 2, 21, 40, 50, 1, 0]\nvehicle 11: [0, 42, 15, 41, 26, 0]\nvehicle 12: [0, 45, 8, 46, 17, 0]\n"
}