{
   "max_completion_time": {
                             "5": 209,
                             "4": 192,
                             "2": 169,
                             "3": 214,
                             "1": 214
                          },
                  "name": "R103-25",
            "solve_time": 38.71604681015015,
          "relative_gap": 0,
                 "route": {
                             "5": [
                                    0,
                                    2,
                                    15,
                                    14,
                                    16,
                                    17,
                                    5,
                                    0
                                  ],
                             "4": [
                                    0,
                                    21,
                                    23,
                                    22,
                                    4,
                                    25,
                                    0
                                  ],
                             "2": [
                                    0,
                                    6,
                                    13,
                                    0
                                  ],
                             "3": [
                                    0,
                                    12,
                                    24,
                                    3,
                                    9,
                                    10,
                                    20,
                                    1,
                                    0
                                  ],
                             "1": [
                                    0,
                                    7,
                                    19,
                                    11,
                                    8,
                                    18,
                                    0
                                  ]
                          },
          "obj_function": 224,
             "total_com": 2757.4999999999964,
           "num_vehicle": 5,
           "solver_name": "Gurobi",
                   "tex": "vehicle 1: [0, 7, 19, 11, 8, 18, 0]\nvehicle 2: [0, 6, 13, 0]\nvehicle 3: [0, 12, 24, 3, 9, 10, 20, 1, 0]\nvehicle 4: [0, 21, 23, 22, 4, 25, 0]\nvehicle 5: [0, 2, 15, 14, 16, 17, 5, 0]\n"
}