{
   "max_completion_time": {
                             "5": 195,
                             "4": 129,
                             "6": 171.00000000000003,
                             "7": 196,
                             "2": 189,
                             "9": 183,
                             "8": 132,
                             "3": 191,
                             "1": 187
                          },
                  "name": "R105-50",
            "solve_time": 538.6470000743866,
          "relative_gap": 0,
                 "route": {
                             "5": [
                                    0,
                                    27,
                                    31,
                                    7,
                                    19,
                                    49,
                                    48,
                                    0
                                  ],
                             "4": [
                                    0,
                                    42,
                                    14,
                                    44,
                                    16,
                                    6,
                                    0
                                  ],
                             "6": [
                                    0,
                                    47,
                                    36,
                                    11,
                                    10,
                                    20,
                                    32,
                                    0
                                  ],
                             "7": [
                                    0,
                                    39,
                                    23,
                                    41,
                                    22,
                                    4,
                                    25,
                                    0
                                  ],
                             "2": [
                                    0,
                                    2,
                                    15,
                                    38,
                                    43,
                                    37,
                                    13,
                                    0
                                  ],
                             "9": [
                                    0,
                                    33,
                                    30,
                                    9,
                                    34,
                                    35,
                                    24,
                                    0
                                  ],
                             "8": [
                                    0,
                                    21,
                                    40,
                                    26,
                                    0
                                  ],
                             "3": [
                                    0,
                                    28,
                                    12,
                                    29,
                                    3,
                                    50,
                                    1,
                                    0
                                  ],
                             "1": [
                                    0,
                                    5,
                                    45,
                                    18,
                                    8,
                                    46,
                                    17,
                                    0
                                  ]
                          },
          "obj_function": 1005.9999999999999,
             "total_com": 5354.199999999999,
           "num_vehicle": 9,
           "solver_name": "CPLEX",
                   "tex": "vehicle 1: [0, 5, 45, 18, 8, 46, 17, 0]\nvehicle 2: [0, 2, 15, 38, 43, 37, 13, 0]\nvehicle 3: [0, 28, 12, 29, 3, 50, 1, 0]\nvehicle 4: [0, 42, 14, 44, 16, 6, 0]\nvehicle 5: [0, 27, 31, 7, 19, 49, 48, 0]\nvehicle 6: [0, 47, 36, 11, 10, 20, 32, 0]\nvehicle 7: [0, 39, 23, 41, 22, 4, 25, 0]\nvehicle 8: [0, 21, 40, 26, 0]\nvehicle 9: [0, 33, 30, 9, 34, 35, 24, 0]\n"
}