{
   "max_completion_time": {
                             "5": 129,
                             "4": 196,
                             "6": 183,
                             "2": 189,
                             "3": 187,
                             "1": 191
                          },
                  "name": "R105-25",
            "solve_time": 0.5543131828308105,
          "relative_gap": 0,
                 "route": {
                             "5": [
                                    0,
                                    5,
                                    14,
                                    16,
                                    6,
                                    0
                                  ],
                             "4": [
                                    0,
                                    21,
                                    23,
                                    22,
                                    4,
                                    25,
                                    0
                                  ],
                             "6": [
                                    0,
                                    12,
                                    9,
                                    3,
                                    24,
                                    0
                                  ],
                             "2": [
                                    0,
                                    2,
                                    15,
                                    13,
                                    0
                                  ],
                             "3": [
                                    0,
                                    7,
                                    18,
                                    8,
                                    17,
                                    0
                                  ],
                             "1": [
                                    0,
                                    19,
                                    11,
                                    10,
                                    20,
                                    1,
                                    0
                                  ]
                          },
          "obj_function": 361,
             "total_com": 2888.0000000000014,
           "num_vehicle": 6,
           "solver_name": "Gurobi",
                   "tex": "vehicle 1: [0, 19, 11, 10, 20, 1, 0]\nvehicle 2: [0, 2, 15, 13, 0]\nvehicle 3: [0, 7, 18, 8, 17, 0]\nvehicle 4: [0, 21, 23, 22, 4, 25, 0]\nvehicle 5: [0, 5, 14, 16, 6, 0]\nvehicle 6: [0, 12, 9, 3, 24, 0]\n"
}