{
   "max_completion_time": {
                             "5": 200,
                             "4": 141,
                             "2": 208,
                             "3": 206,
                             "1": 160
                          },
                  "name": "R109-25",
            "solve_time": 0.9567959308624268,
          "relative_gap": 0,
                 "route": {
                             "5": [
                                    0,
                                    21,
                                    22,
                                    23,
                                    4,
                                    25,
                                    24,
                                    0
                                  ],
                             "4": [
                                    0,
                                    5,
                                    8,
                                    18,
                                    6,
                                    0
                                  ],
                             "2": [
                                    0,
                                    12,
                                    3,
                                    9,
                                    20,
                                    1,
                                    0
                                  ],
                             "3": [
                                    0,
                                    2,
                                    15,
                                    14,
                                    16,
                                    17,
                                    13,
                                    0
                                  ],
                             "1": [
                                    0,
                                    7,
                                    19,
                                    11,
                                    10,
                                    0
                                  ]
                          },
          "obj_function": 360,
             "total_com": 2890.9999999999927,
           "num_vehicle": 5,
           "solver_name": "Gurobi",
                   "tex": "vehicle 1: [0, 7, 19, 11, 10, 0]\nvehicle 2: [0, 12, 3, 9, 20, 1, 0]\nvehicle 3: [0, 2, 15, 14, 16, 17, 13, 0]\nvehicle 4: [0, 5, 8, 18, 6, 0]\nvehicle 5: [0, 21, 22, 23, 4, 25, 24, 0]\n"
}