{
   "max_completion_time": {
                             "4": 182,
                             "2": 218,
                             "3": 214,
                             "1": 200
                          },
                  "name": "R112-25",
            "solve_time": 77.62158513069153,
          "relative_gap": 0,
                 "route": {
                             "4": [
                                    0,
                                    18,
                                    8,
                                    7,
                                    19,
                                    11,
                                    10,
                                    0
                                  ],
                             "2": [
                                    0,
                                    2,
                                    15,
                                    14,
                                    16,
                                    17,
                                    5,
                                    6,
                                    13,
                                    0
                                  ],
                             "3": [
                                    0,
                                    12,
                                    3,
                                    9,
                                    20,
                                    1,
                                    0
                                  ],
                             "1": [
                                    0,
                                    21,
                                    22,
                                    23,
                                    4,
                                    25,
                                    24,
                                    0
                                  ]
                          },
          "obj_function": 122,
             "total_com": 2959.2000000000007,
           "num_vehicle": 4,
           "solver_name": "Gurobi",
                   "tex": "vehicle 1: [0, 21, 22, 23, 4, 25, 24, 0]\nvehicle 2: [0, 2, 15, 14, 16, 17, 5, 6, 13, 0]\nvehicle 3: [0, 12, 3, 9, 20, 1, 0]\nvehicle 4: [0, 18, 8, 7, 19, 11, 10, 0]\n"
}