{
   "max_completion_time": {
                             "4": 200,
                             "2": 214,
                             "3": 175.99999999999636,
                             "1": 182
                          },
                  "name": "R112-25",
            "solve_time": 3601.329999923706,
          "relative_gap": 0.04869658000400449,
                 "route": {
                             "4": [
                                    0,
                                    21,
                                    22,
                                    23,
                                    4,
                                    25,
                                    24,
                                    0
                                  ],
                             "2": [
                                    0,
                                    12,
                                    3,
                                    9,
                                    20,
                                    1,
                                    0
                                  ],
                             "3": [
                                    0,
                                    2,
                                    15,
                                    14,
                                    16,
                                    17,
                                    5,
                                    6,
                                    13,
                                    0
                                  ],
                             "1": [
                                    0,
                                    18,
                                    8,
                                    7,
                                    19,
                                    11,
                                    10,
                                    0
                                  ]
                          },
          "obj_function": 132.0000000000109,
             "total_com": 2977.8999999999796,
           "num_vehicle": 4,
           "solver_name": "CPLEX",
                   "tex": "vehicle 1: [0, 18, 8, 7, 19, 11, 10, 0]\nvehicle 2: [0, 12, 3, 9, 20, 1, 0]\nvehicle 3: [0, 2, 15, 14, 16, 17, 5, 6, 13, 0]\nvehicle 4: [0, 21, 22, 23, 4, 25, 24, 0]\n"
}