{
   "max_completion_time": {
                             "5": 837,
                             "4": 827,
                             "6": 816.4000000000015,
                             "2": 455.4999999999998,
                             "3": 717,
                             "1": 598
                          },
                  "name": "R201-50",
            "solve_time": 247.63699984550476,
          "relative_gap": 0,
                 "route": {
                             "5": [
                                    0,
                                    2,
                                    42,
                                    15,
                                    14,
                                    44,
                                    16,
                                    38,
                                    43,
                                    37,
                                    13,
                                    0
                                  ],
                             "4": [
                                    0,
                                    33,
                                    9,
                                    34,
                                    35,
                                    24,
                                    4,
                                    25,
                                    0
                                  ],
                             "6": [
                                    0,
                                    5,
                                    45,
                                    47,
                                    36,
                                    49,
                                    46,
                                    48,
                                    17,
                                    0
                                  ],
                             "2": [
                                    0,
                                    27,
                                    31,
                                    30,
                                    11,
                                    19,
                                    7,
                                    8,
                                    18,
                                    6,
                                    0
                                  ],
                             "3": [
                                    0,
                                    28,
                                    12,
                                    29,
                                    3,
                                    50,
                                    20,
                                    10,
                                    32,
                                    1,
                                    0
                                  ],
                             "1": [
                                    0,
                                    39,
                                    23,
                                    21,
                                    41,
                                    22,
                                    40,
                                    26,
                                    0
                                  ]
                          },
          "obj_function": 2693.9000000000024,
             "total_com": 20582.100000000013,
           "num_vehicle": 6,
           "solver_name": "CPLEX",
                   "tex": "vehicle 1: [0, 39, 23, 21, 41, 22, 40, 26, 0]\nvehicle 2: [0, 27, 31, 30, 11, 19, 7, 8, 18, 6, 0]\nvehicle 3: [0, 28, 12, 29, 3, 50, 20, 10, 32, 1, 0]\nvehicle 4: [0, 33, 9, 34, 35, 24, 4, 25, 0]\nvehicle 5: [0, 2, 42, 15, 14, 44, 16, 38, 43, 37, 13, 0]\nvehicle 6: [0, 5, 45, 47, 36, 49, 46, 48, 17, 0]\n"
}