{
   "max_completion_time": {
                             "2": 984.9999999999999,
                             "3": 816.3999999999978,
                             "1": 612.5
                          },
                  "name": "R203-25",
            "solve_time": 1615.436999797821,
          "relative_gap": 0,
                 "route": {
                             "2": [
                                    0,
                                    2,
                                    15,
                                    23,
                                    22,
                                    21,
                                    4,
                                    25,
                                    24,
                                    3,
                                    12,
                                    0
                                  ],
                             "3": [
                                    0,
                                    6,
                                    5,
                                    8,
                                    17,
                                    16,
                                    14,
                                    13,
                                    0
                                  ],
                             "1": [
                                    0,
                                    18,
                                    7,
                                    19,
                                    11,
                                    20,
                                    9,
                                    10,
                                    1,
                                    0
                                  ]
                          },
          "obj_function": 744.9999999999998,
             "total_com": 12971.8,
           "num_vehicle": 3,
           "solver_name": "CPLEX",
                   "tex": "vehicle 1: [0, 18, 7, 19, 11, 20, 9, 10, 1, 0]\nvehicle 2: [0, 2, 15, 23, 22, 21, 4, 25, 24, 3, 12, 0]\nvehicle 3: [0, 6, 5, 8, 17, 16, 14, 13, 0]\n"
}