{
   "max_completion_time": {
                             "2": 889.0000000000073,
                             "3": 668,
                             "1": 751
                          },
                  "name": "R205-25",
            "solve_time": 17.824999809265137,
          "relative_gap": 0,
                 "route": {
                             "2": [
                                    0,
                                    6,
                                    17,
                                    13,
                                    0
                                  ],
                             "3": [
                                    0,
                                    2,
                                    15,
                                    14,
                                    16,
                                    5,
                                    18,
                                    8,
                                    7,
                                    19,
                                    11,
                                    10,
                                    20,
                                    9,
                                    3,
                                    1,
                                    0
                                  ],
                             "1": [
                                    0,
                                    12,
                                    21,
                                    22,
                                    23,
                                    4,
                                    25,
                                    24,
                                    0
                                  ]
                          },
          "obj_function": 442.00000000001455,
             "total_com": 10652.80000000001,
           "num_vehicle": 3,
           "solver_name": "CPLEX",
                   "tex": "vehicle 1: [0, 12, 21, 22, 23, 4, 25, 24, 0]\nvehicle 2: [0, 6, 17, 13, 0]\nvehicle 3: [0, 2, 15, 14, 16, 5, 18, 8, 7, 19, 11, 10, 20, 9, 3, 1, 0]\n"
}