{
   "max_completion_time": {
                             "2": 985,
                             "3": 765.3999999999978,
                             "1": 606.7999999999993
                          },
                  "name": "R207-25",
            "solve_time": 86.23000001907349,
          "relative_gap": 0,
                 "route": {
                             "2": [
                                    0,
                                    21,
                                    2,
                                    15,
                                    22,
                                    23,
                                    4,
                                    25,
                                    24,
                                    3,
                                    12,
                                    0
                                  ],
                             "3": [
                                    0,
                                    6,
                                    5,
                                    17,
                                    16,
                                    14,
                                    13,
                                    0
                                  ],
                             "1": [
                                    0,
                                    18,
                                    8,
                                    7,
                                    19,
                                    11,
                                    10,
                                    20,
                                    9,
                                    1,
                                    0
                                  ]
                          },
          "obj_function": 756.4000000000015,
             "total_com": 13325.099999999999,
           "num_vehicle": 3,
           "solver_name": "CPLEX",
                   "tex": "vehicle 1: [0, 18, 8, 7, 19, 11, 10, 20, 9, 1, 0]\nvehicle 2: [0, 21, 2, 15, 22, 23, 4, 25, 24, 3, 12, 0]\nvehicle 3: [0, 6, 5, 17, 16, 14, 13, 0]\n"
}