{
   "max_completion_time": {
                             "2": 634.7999999989884,
                             "1": 889.000000002
                          },
                  "name": "R208-50",
            "solve_time": 3622.7599999904633,
          "relative_gap": 0.09328479111874179,
                 "route": {
                             "2": [
                                    0,
                                    27,
                                    30,
                                    20,
                                    32,
                                    10,
                                    31,
                                    11,
                                    19,
                                    49,
                                    36,
                                    47,
                                    48,
                                    7,
                                    18,
                                    5,
                                    17,
                                    45,
                                    46,
                                    8,
                                    1,
                                    50,
                                    3,
                                    33,
                                    9,
                                    35,
                                    34,
                                    29,
                                    24,
                                    12,
                                    26,
                                    28,
                                    0
                                  ],
                             "1": [
                                    0,
                                    6,
                                    37,
                                    16,
                                    44,
                                    38,
                                    14,
                                    42,
                                    43,
                                    15,
                                    41,
                                    22,
                                    23,
                                    39,
                                    25,
                                    4,
                                    21,
                                    40,
                                    2,
                                    13,
                                    0
                                  ]
                          },
          "obj_function": 254.2000000030116,
             "total_com": 19233.100000023904,
           "num_vehicle": 2,
           "solver_name": "CPLEX",
                   "tex": "vehicle 1: [0, 6, 37, 16, 44, 38, 14, 42, 43, 15, 41, 22, 23, 39, 25, 4, 21, 40, 2, 13, 0]\nvehicle 2: [0, 27, 30, 20, 32, 10, 31, 11, 19, 49, 36, 47, 48, 7, 18, 5, 17, 45, 46, 8, 1, 50, 3, 33, 9, 35, 34, 29, 24, 12, 26, 28, 0]\n"
}