{
   "max_completion_time": {
                             "2": 643,
                             "1": 929
                          },
                  "name": "R209-25",
            "solve_time": 4.112422943115234,
          "relative_gap": 0,
                 "route": {
                             "2": [
                                    0,
                                    12,
                                    21,
                                    2,
                                    15,
                                    14,
                                    16,
                                    5,
                                    17,
                                    6,
                                    13,
                                    22,
                                    23,
                                    4,
                                    25,
                                    24,
                                    0
                                  ],
                             "1": [
                                    0,
                                    18,
                                    8,
                                    7,
                                    19,
                                    11,
                                    10,
                                    20,
                                    9,
                                    3,
                                    1,
                                    0
                                  ]
                          },
          "obj_function": 286,
             "total_com": 11416.300000000007,
           "num_vehicle": 2,
           "solver_name": "Gurobi",
                   "tex": "vehicle 1: [0, 18, 8, 7, 19, 11, 10, 20, 9, 3, 1, 0]\nvehicle 2: [0, 12, 21, 2, 15, 14, 16, 5, 17, 6, 13, 22, 23, 4, 25, 24, 0]\n"
}