{
   "max_completion_time": {
                             "2": 728.7999999999993,
                             "3": 861.0000000000001,
                             "1": 727.5000000000002
                          },
                  "name": "R210-25",
            "solve_time": 196.21600008010864,
          "relative_gap": 0,
                 "route": {
                             "2": [
                                    0,
                                    7,
                                    11,
                                    19,
                                    8,
                                    18,
                                    6,
                                    14,
                                    16,
                                    17,
                                    5,
                                    13,
                                    0
                                  ],
                             "3": [
                                    0,
                                    2,
                                    15,
                                    23,
                                    22,
                                    21,
                                    4,
                                    25,
                                    24,
                                    0
                                  ],
                             "1": [
                                    0,
                                    12,
                                    3,
                                    9,
                                    20,
                                    10,
                                    1,
                                    0
                                  ]
                          },
          "obj_function": 266.9999999999998,
             "total_com": 12536.500000000018,
           "num_vehicle": 3,
           "solver_name": "CPLEX",
                   "tex": "vehicle 1: [0, 12, 3, 9, 20, 10, 1, 0]\nvehicle 2: [0, 7, 11, 19, 8, 18, 6, 14, 16, 17, 5, 13, 0]\nvehicle 3: [0, 2, 15, 23, 22, 21, 4, 25, 24, 0]\n"
}