{
   "max_completion_time": {
                             "2": 975,
                             "1": 988
                          },
                  "name": "R211-25",
            "solve_time": 74.80516600608826,
          "relative_gap": 0,
                 "route": {
                             "2": [
                                    0,
                                    18,
                                    8,
                                    7,
                                    19,
                                    11,
                                    10,
                                    1,
                                    20,
                                    9,
                                    3,
                                    24,
                                    25,
                                    4,
                                    0
                                  ],
                             "1": [
                                    0,
                                    12,
                                    21,
                                    23,
                                    22,
                                    2,
                                    15,
                                    14,
                                    16,
                                    17,
                                    5,
                                    6,
                                    13,
                                    0
                                  ]
                          },
          "obj_function": 13,
             "total_com": 12323.700000000008,
           "num_vehicle": 2,
           "solver_name": "Gurobi",
                   "tex": "vehicle 1: [0, 12, 21, 23, 22, 2, 15, 14, 16, 17, 5, 6, 13, 0]\nvehicle 2: [0, 18, 8, 7, 19, 11, 10, 1, 20, 9, 3, 24, 25, 4, 0]\n"
}