{
   "max_completion_time": {
                             "4": 189,
                             "2": 188,
                             "3": 181,
                             "1": 141.79999999999927
                          },
                  "name": "RC101-25",
            "solve_time": 4.204247951507568,
          "relative_gap": 0,
                 "route": {
                             "4": [
                                    0,
                                    14,
                                    12,
                                    15,
                                    16,
                                    9,
                                    10,
                                    13,
                                    17,
                                    0
                                  ],
                             "2": [
                                    0,
                                    23,
                                    21,
                                    19,
                                    18,
                                    25,
                                    24,
                                    0
                                  ],
                             "3": [
                                    0,
                                    2,
                                    5,
                                    7,
                                    6,
                                    8,
                                    3,
                                    1,
                                    4,
                                    0
                                  ],
                             "1": [
                                    0,
                                    11,
                                    22,
                                    20,
                                    0
                                  ]
                          },
          "obj_function": 148.60000000000218,
             "total_com": 2980.899999999968,
           "num_vehicle": 4,
           "solver_name": "Gurobi",
                   "tex": "vehicle 1: [0, 11, 22, 20, 0]\nvehicle 2: [0, 23, 21, 19, 18, 25, 24, 0]\nvehicle 3: [0, 2, 5, 7, 6, 8, 3, 1, 4, 0]\nvehicle 4: [0, 14, 12, 15, 16, 9, 10, 13, 17, 0]\n"
}