{
   "max_completion_time": {
                             "4": 204,
                             "2": 133,
                             "3": 190,
                             "1": 163
                          },
                  "name": "RC105-25",
            "solve_time": 184.19199991226196,
          "relative_gap": 0,
                 "route": {
                             "4": [
                                    0,
                                    19,
                                    23,
                                    18,
                                    22,
                                    20,
                                    21,
                                    25,
                                    24,
                                    0
                                  ],
                             "2": [
                                    0,
                                    11,
                                    9,
                                    10,
                                    0
                                  ],
                             "3": [
                                    0,
                                    12,
                                    14,
                                    16,
                                    15,
                                    13,
                                    17,
                                    0
                                  ],
                             "1": [
                                    0,
                                    2,
                                    5,
                                    3,
                                    1,
                                    8,
                                    6,
                                    7,
                                    4,
                                    0
                                  ]
                          },
          "obj_function": 240,
             "total_com": 2898.0000000000073,
           "num_vehicle": 4,
           "solver_name": "CPLEX",
                   "tex": "vehicle 1: [0, 2, 5, 3, 1, 8, 6, 7, 4, 0]\nvehicle 2: [0, 11, 9, 10, 0]\nvehicle 3: [0, 12, 14, 16, 15, 13, 17, 0]\nvehicle 4: [0, 19, 23, 18, 22, 20, 21, 25, 24, 0]\n"
}