{
   "max_completion_time": {
                             "5": 184.99999999999997,
                             "4": 188,
                             "6": 181,
                             "7": 179.00000000000003,
                             "2": 156.00000000001455,
                             "8": 194,
                             "3": 171,
                             "1": 189.00000000000003
                          },
                  "name": "RC101-50",
            "solve_time": 3603.348000049591,
          "relative_gap": 0.09916000431556243,
                 "route": {
                             "5": [
                                    0,
                                    42,
                                    44,
                                    3,
                                    1,
                                    0
                                  ],
                             "4": [
                                    0,
                                    11,
                                    22,
                                    49,
                                    20,
                                    24,
                                    0
                                  ],
                             "6": [
                                    0,
                                    5,
                                    45,
                                    2,
                                    7,
                                    6,
                                    8,
                                    46,
                                    4,
                                    0
                                  ],
                             "7": [
                                    0,
                                    39,
                                    36,
                                    38,
                                    41,
                                    40,
                                    43,
                                    37,
                                    35,
                                    0
                                  ],
                             "2": [
                                    0,
                                    27,
                                    29,
                                    31,
                                    34,
                                    50,
                                    0
                                  ],
                             "8": [
                                    0,
                                    23,
                                    21,
                                    19,
                                    18,
                                    48,
                                    25,
                                    0
                                  ],
                             "3": [
                                    0,
                                    33,
                                    30,
                                    28,
                                    26,
                                    32,
                                    0
                                  ],
                             "1": [
                                    0,
                                    14,
                                    47,
                                    12,
                                    15,
                                    16,
                                    9,
                                    10,
                                    13,
                                    17,
                                    0
                                  ]
                          },
          "obj_function": 386.99999999989825,
             "total_com": 5849.900000000023,
           "num_vehicle": 8,
           "solver_name": "CPLEX",
                   "tex": "vehicle 1: [0, 14, 47, 12, 15, 16, 9, 10, 13, 17, 0]\nvehicle 2: [0, 27, 29, 31, 34, 50, 0]\nvehicle 3: [0, 33, 30, 28, 26, 32, 0]\nvehicle 4: [0, 11, 22, 49, 20, 24, 0]\nvehicle 5: [0, 42, 44, 3, 1, 0]\nvehicle 6: [0, 5, 45, 2, 7, 6, 8, 46, 4, 0]\nvehicle 7: [0, 39, 36, 38, 41, 40, 43, 37, 35, 0]\nvehicle 8: [0, 23, 21, 19, 18, 48, 25, 0]\n"
}