{
   "max_completion_time": {
                             "2": 157.29999999999927,
                             "3": 172.09999999999854,
                             "1": 203
                          },
                  "name": "RC107-25",
            "solve_time": 101.9670000076294,
          "relative_gap": 0,
                 "route": {
                             "2": [
                                    0,
                                    25,
                                    23,
                                    21,
                                    18,
                                    19,
                                    20,
                                    22,
                                    24,
                                    0
                                  ],
                             "3": [
                                    0,
                                    12,
                                    14,
                                    17,
                                    16,
                                    15,
                                    13,
                                    9,
                                    11,
                                    10,
                                    0
                                  ],
                             "1": [
                                    0,
                                    2,
                                    6,
                                    7,
                                    8,
                                    5,
                                    3,
                                    1,
                                    4,
                                    0
                                  ]
                          },
          "obj_function": 91.40000000000146,
             "total_com": 2840.9999999999927,
           "num_vehicle": 3,
           "solver_name": "CPLEX",
                   "tex": "vehicle 1: [0, 2, 6, 7, 8, 5, 3, 1, 4, 0]\nvehicle 2: [0, 25, 23, 21, 18, 19, 20, 22, 24, 0]\nvehicle 3: [0, 12, 14, 17, 16, 15, 13, 9, 11, 10, 0]\n"
}