{
   "max_completion_time": {
                             "2": 209.00000000000003,
                             "3": 204,
                             "1": 204.00000000000003
                          },
                  "name": "RC103-25",
            "solve_time": 2546.518999814987,
          "relative_gap": 0,
                 "route": {
                             "2": [
                                    0,
                                    7,
                                    6,
                                    8,
                                    5,
                                    3,
                                    1,
                                    4,
                                    2,
                                    0
                                  ],
                             "3": [
                                    0,
                                    20,
                                    19,
                                    18,
                                    21,
                                    23,
                                    22,
                                    25,
                                    24,
                                    0
                                  ],
                             "1": [
                                    0,
                                    12,
                                    15,
                                    11,
                                    9,
                                    10,
                                    13,
                                    16,
                                    17,
                                    14,
                                    0
                                  ]
                          },
          "obj_function": 10.000000000000057,
             "total_com": 3044.69999999999,
           "num_vehicle": 3,
           "solver_name": "CPLEX",
                   "tex": "vehicle 1: [0, 12, 15, 11, 9, 10, 13, 16, 17, 14, 0]\nvehicle 2: [0, 7, 6, 8, 5, 3, 1, 4, 2, 0]\nvehicle 3: [0, 20, 19, 18, 21, 23, 22, 25, 24, 0]\n"
}