{
   "max_completion_time": {
                             "2": 191.09999999999857,
                             "3": 184.40000000000146,
                             "1": 196.29999999999927
                          },
                  "name": "RC102-25",
            "solve_time": 53.40899991989136,
          "relative_gap": 0,
                 "route": {
                             "2": [
                                    0,
                                    14,
                                    11,
                                    15,
                                    16,
                                    9,
                                    10,
                                    13,
                                    17,
                                    12,
                                    0
                                  ],
                             "3": [
                                    0,
                                    21,
                                    23,
                                    19,
                                    18,
                                    22,
                                    20,
                                    25,
                                    24,
                                    0
                                  ],
                             "1": [
                                    0,
                                    7,
                                    6,
                                    8,
                                    5,
                                    3,
                                    1,
                                    4,
                                    2,
                                    0
                                  ]
                          },
          "obj_function": 23.799999999995634,
             "total_com": 3174.599999999995,
           "num_vehicle": 3,
           "solver_name": "CPLEX",
                   "tex": "vehicle 1: [0, 7, 6, 8, 5, 3, 1, 4, 2, 0]\nvehicle 2: [0, 14, 11, 15, 16, 9, 10, 13, 17, 12, 0]\nvehicle 3: [0, 21, 23, 19, 18, 22, 20, 25, 24, 0]\n"
}