{
   "max_completion_time": {
                             "4": 179,
                             "2": 189,
                             "3": 162,
                             "1": 188
                          },
                  "name": "RC101-25",
            "solve_time": 41.7039999961853,
          "relative_gap": 0,
                 "route": {
                             "4": [
                                    0,
                                    2,
                                    5,
                                    7,
                                    6,
                                    8,
                                    3,
                                    1,
                                    4,
                                    0
                                  ],
                             "2": [
                                    0,
                                    14,
                                    12,
                                    15,
                                    16,
                                    9,
                                    10,
                                    13,
                                    17,
                                    0
                                  ],
                             "3": [
                                    0,
                                    11,
                                    22,
                                    20,
                                    0
                                  ],
                             "1": [
                                    0,
                                    23,
                                    21,
                                    19,
                                    18,
                                    25,
                                    24,
                                    0
                                  ]
                          },
          "obj_function": 90,
             "total_com": 3032.100000000006,
           "num_vehicle": 4,
           "solver_name": "CPLEX",
                   "tex": "vehicle 1: [0, 23, 21, 19, 18, 25, 24, 0]\nvehicle 2: [0, 14, 12, 15, 16, 9, 10, 13, 17, 0]\nvehicle 3: [0, 11, 22, 20, 0]\nvehicle 4: [0, 2, 5, 7, 6, 8, 3, 1, 4, 0]\n"
}