{
   "max_completion_time": {
                             "2": 921.0000000000073,
                             "3": 741,
                             "1": 924.0000000000073
                          },
                  "name": "RC203-25",
            "solve_time": 1652.2400000095367,
          "relative_gap": 0,
                 "route": {
                             "2": [
                                    0,
                                    2,
                                    6,
                                    7,
                                    8,
                                    4,
                                    5,
                                    3,
                                    1,
                                    0
                                  ],
                             "3": [
                                    0,
                                    11,
                                    15,
                                    9,
                                    10,
                                    13,
                                    16,
                                    17,
                                    14,
                                    12,
                                    0
                                  ],
                             "1": [
                                    0,
                                    20,
                                    19,
                                    18,
                                    21,
                                    23,
                                    22,
                                    25,
                                    24,
                                    0
                                  ]
                          },
          "obj_function": 366.00000000001455,
             "total_com": 12923.300000002988,
           "num_vehicle": 3,
           "solver_name": "CPLEX",
                   "tex": "vehicle 1: [0, 20, 19, 18, 21, 23, 22, 25, 24, 0]\nvehicle 2: [0, 2, 6, 7, 8, 4, 5, 3, 1, 0]\nvehicle 3: [0, 11, 15, 9, 10, 13, 16, 17, 14, 12, 0]\n"
}