{
   "max_completion_time": {
                             "2": 920.9999999997657,
                             "3": 680,
                             "1": 814.4000000000015
                          },
                  "name": "RC204-25",
            "solve_time": 152.25800013542175,
          "relative_gap": 0,
                 "route": {
                             "2": [
                                    0,
                                    2,
                                    6,
                                    7,
                                    8,
                                    4,
                                    5,
                                    3,
                                    1,
                                    0
                                  ],
                             "3": [
                                    0,
                                    12,
                                    14,
                                    17,
                                    16,
                                    15,
                                    11,
                                    9,
                                    13,
                                    10,
                                    0
                                  ],
                             "1": [
                                    0,
                                    22,
                                    20,
                                    19,
                                    18,
                                    21,
                                    23,
                                    25,
                                    24,
                                    0
                                  ]
                          },
          "obj_function": 481.9999999995314,
             "total_com": 10765.499999999769,
           "num_vehicle": 3,
           "solver_name": "CPLEX",
                   "tex": "vehicle 1: [0, 22, 20, 19, 18, 21, 23, 25, 24, 0]\nvehicle 2: [0, 2, 6, 7, 8, 4, 5, 3, 1, 0]\nvehicle 3: [0, 12, 14, 17, 16, 15, 11, 9, 13, 10, 0]\n"
}