{
   "max_completion_time": {
                             "2": 623,
                             "3": 727,
                             "1": 709
                          },
                  "name": "RC206-25",
            "solve_time": 9.343000173568726,
          "relative_gap": 0,
                 "route": {
                             "2": [
                                    0,
                                    2,
                                    5,
                                    8,
                                    7,
                                    6,
                                    4,
                                    3,
                                    1,
                                    0
                                  ],
                             "3": [
                                    0,
                                    22,
                                    19,
                                    18,
                                    21,
                                    23,
                                    25,
                                    24,
                                    20,
                                    0
                                  ],
                             "1": [
                                    0,
                                    12,
                                    14,
                                    11,
                                    9,
                                    15,
                                    16,
                                    17,
                                    13,
                                    10,
                                    0
                                  ]
                          },
          "obj_function": 208,
             "total_com": 11025.399999999998,
           "num_vehicle": 3,
           "solver_name": "CPLEX",
                   "tex": "vehicle 1: [0, 12, 14, 11, 9, 15, 16, 17, 13, 10, 0]\nvehicle 2: [0, 2, 5, 8, 7, 6, 4, 3, 1, 0]\nvehicle 3: [0, 22, 19, 18, 21, 23, 25, 24, 20, 0]\n"
}