{
   "max_completion_time": {
                             "2": 713,
                             "3": 774,
                             "1": 914
                          },
                  "name": "RC201-25",
            "solve_time": 3.4149999618530273,
          "relative_gap": 0,
                 "route": {
                             "2": [
                                    0,
                                    14,
                                    12,
                                    16,
                                    15,
                                    11,
                                    9,
                                    10,
                                    13,
                                    17,
                                    0
                                  ],
                             "3": [
                                    0,
                                    2,
                                    5,
                                    8,
                                    7,
                                    6,
                                    3,
                                    1,
                                    4,
                                    0
                                  ],
                             "1": [
                                    0,
                                    23,
                                    21,
                                    18,
                                    19,
                                    22,
                                    20,
                                    24,
                                    25,
                                    0
                                  ]
                          },
          "obj_function": 402,
             "total_com": 10617.700000000023,
           "num_vehicle": 3,
           "solver_name": "CPLEX",
                   "tex": "vehicle 1: [0, 23, 21, 18, 19, 22, 20, 24, 25, 0]\nvehicle 2: [0, 14, 12, 16, 15, 11, 9, 10, 13, 17, 0]\nvehicle 3: [0, 2, 5, 8, 7, 6, 3, 1, 4, 0]\n"
}