{
   "max_completion_time": {
                             "5": 713,
                             "4": 631,
                             "2": 704,
                             "3": 811.0000000000001,
                             "1": 699.9999999999997
                          },
                  "name": "RC201-50",
            "solve_time": 3601.1129999160767,
          "relative_gap": 0.014186751926528822,
                 "route": {
                             "5": [
                                    0,
                                    14,
                                    47,
                                    16,
                                    15,
                                    12,
                                    11,
                                    9,
                                    10,
                                    13,
                                    17,
                                    0
                                  ],
                             "4": [
                                    0,
                                    33,
                                    31,
                                    29,
                                    27,
                                    30,
                                    28,
                                    26,
                                    34,
                                    50,
                                    32,
                                    0
                                  ],
                             "2": [
                                    0,
                                    42,
                                    39,
                                    36,
                                    44,
                                    41,
                                    38,
                                    40,
                                    35,
                                    37,
                                    43,
                                    0
                                  ],
                             "3": [
                                    0,
                                    23,
                                    21,
                                    18,
                                    19,
                                    49,
                                    22,
                                    20,
                                    24,
                                    25,
                                    48,
                                    0
                                  ],
                             "1": [
                                    0,
                                    5,
                                    45,
                                    2,
                                    6,
                                    7,
                                    8,
                                    46,
                                    3,
                                    1,
                                    4,
                                    0
                                  ]
                          },
          "obj_function": 746.0000000000011,
             "total_com": 20238.699999999713,
           "num_vehicle": 5,
           "solver_name": "CPLEX",
                   "tex": "vehicle 1: [0, 5, 45, 2, 6, 7, 8, 46, 3, 1, 4, 0]\nvehicle 2: [0, 42, 39, 36, 44, 41, 38, 40, 35, 37, 43, 0]\nvehicle 3: [0, 23, 21, 18, 19, 49, 22, 20, 24, 25, 48, 0]\nvehicle 4: [0, 33, 31, 29, 27, 30, 28, 26, 34, 50, 32, 0]\nvehicle 5: [0, 14, 47, 16, 15, 12, 11, 9, 10, 13, 17, 0]\n"
}