{
   "max_completion_time": {
                             "2": 650.0000000000073,
                             "1": 633.0999999999985
                          },
                  "name": "RC208-25",
            "solve_time": 3604.489000082016,
          "relative_gap": 0.11569428960729009,
                 "route": {
                             "2": [
                                    0,
                                    24,
                                    25,
                                    23,
                                    21,
                                    18,
                                    19,
                                    20,
                                    22,
                                    0
                                  ],
                             "1": [
                                    0,
                                    12,
                                    14,
                                    17,
                                    16,
                                    15,
                                    13,
                                    9,
                                    11,
                                    10,
                                    2,
                                    6,
                                    7,
                                    8,
                                    4,
                                    5,
                                    3,
                                    1,
                                    0
                                  ]
                          },
          "obj_function": 16.90000000000873,
             "total_com": 12413.099999999995,
           "num_vehicle": 2,
           "solver_name": "CPLEX",
                   "tex": "vehicle 1: [0, 12, 14, 17, 16, 15, 13, 9, 11, 10, 2, 6, 7, 8, 4, 5, 3, 1, 0]\nvehicle 2: [0, 24, 25, 23, 21, 18, 19, 20, 22, 0]\n"
}