{
   "max_completion_time": {
                             "5": 924,
                             "4": 689,
                             "2": 919,
                             "3": 764.4000000000015,
                             "1": 731
                          },
                  "name": "RC202-50",
            "solve_time": 3626.3919999599457,
          "relative_gap": 0.5861073666372945,
                 "route": {
                             "5": [
                                    0,
                                    47,
                                    14,
                                    19,
                                    23,
                                    18,
                                    49,
                                    22,
                                    20,
                                    50,
                                    0
                                  ],
                             "4": [
                                    0,
                                    33,
                                    28,
                                    44,
                                    40,
                                    35,
                                    43,
                                    0
                                  ],
                             "2": [
                                    0,
                                    27,
                                    29,
                                    31,
                                    38,
                                    37,
                                    30,
                                    8,
                                    46,
                                    6,
                                    7,
                                    1,
                                    24,
                                    25,
                                    48,
                                    21,
                                    5,
                                    0
                                  ],
                             "3": [
                                    0,
                                    41,
                                    34,
                                    32,
                                    26,
                                    4,
                                    2,
                                    0
                                  ],
                             "1": [
                                    0,
                                    39,
                                    36,
                                    42,
                                    45,
                                    3,
                                    16,
                                    15,
                                    11,
                                    9,
                                    10,
                                    13,
                                    17,
                                    12,
                                    0
                                  ]
                          },
          "obj_function": 1316,
             "total_com": 22881.09999999997,
           "num_vehicle": 5,
           "solver_name": "CPLEX",
                   "tex": "vehicle 1: [0, 39, 36, 42, 45, 3, 16, 15, 11, 9, 10, 13, 17, 12, 0]\nvehicle 2: [0, 27, 29, 31, 38, 37, 30, 8, 46, 6, 7, 1, 24, 25, 48, 21, 5, 0]\nvehicle 3: [0, 41, 34, 32, 26, 4, 2, 0]\nvehicle 4: [0, 33, 28, 44, 40, 35, 43, 0]\nvehicle 5: [0, 47, 14, 19, 23, 18, 49, 22, 20, 50, 0]\n"
}