{
   "max_completion_time": {
                             "2": 1025.0999999989986,
                             "3": 1025.000000002,
                             "1": 1025.000000002
                          },
                  "name": "C102-25",
            "solve_time": 14403.52999997139,
          "relative_gap": 0.9999999995,
                 "route": {
                             "2": [
                                    0,
                                    20,
                                    24,
                                    16,
                                    14,
                                    6,
                                    22,
                                    12,
                                    0
                                  ],
                             "3": [
                                    0,
                                    21,
                                    17,
                                    18,
                                    19,
                                    15,
                                    23,
                                    5,
                                    2,
                                    0
                                  ],
                             "1": [
                                    0,
                                    13,
                                    25,
                                    8,
                                    10,
                                    11,
                                    9,
                                    3,
                                    4,
                                    7,
                                    1,
                                    0
                                  ]
                          },
          "obj_function": 0.19999998600449248,
             "total_com": 14473.999999971988,
           "num_vehicle": 3,
           "solver_name": "CPLEX",
                   "tex": "vehicle 1: [0, 13, 25, 8, 10, 11, 9, 3, 4, 7, 1, 0]\nvehicle 2: [0, 20, 24, 16, 14, 6, 22, 12, 0]\nvehicle 3: [0, 21, 17, 18, 19, 15, 23, 5, 2, 0]\n"
}