{
   "max_completion_time": {
                             "2": 1045.0999999998699,
                             "3": 1045.1999999997313,
                             "1": 1044.6999999999978
                          },
                  "name": "C102-25",
            "solve_time": 600.0099518299103,
          "relative_gap": 1,
                 "route": {
                             "2": [
                                    0,
                                    21,
                                    24,
                                    8,
                                    15,
                                    11,
                                    9,
                                    6,
                                    4,
                                    7,
                                    5,
                                    0
                                  ],
                             "3": [
                                    0,
                                    20,
                                    17,
                                    18,
                                    23,
                                    3,
                                    12,
                                    0
                                  ],
                             "1": [
                                    0,
                                    13,
                                    25,
                                    19,
                                    10,
                                    16,
                                    14,
                                    2,
                                    22,
                                    1,
                                    0
                                  ]
                          },
          "obj_function": 0.999999999464801,
             "total_com": 14754.999999999744,
           "num_vehicle": 3,
           "solver_name": "Gurobi",
                   "tex": "vehicle 1: [0, 13, 25, 19, 10, 16, 14, 2, 22, 1, 0]\nvehicle 2: [0, 21, 24, 8, 15, 11, 9, 6, 4, 7, 5, 0]\nvehicle 3: [0, 20, 17, 18, 23, 3, 12, 0]\n"
}