{
   "max_completion_time": {
                             "2": 1036.6000000020022,
                             "3": 1036.7999999979993,
                             "1": 1037.1999999970008
                          },
                  "name": "C102-25",
            "solve_time": 3601.3070001602173,
          "relative_gap": 0.9999999999166667,
                 "route": {
                             "2": [
                                    0,
                                    20,
                                    17,
                                    18,
                                    16,
                                    14,
                                    4,
                                    22,
                                    7,
                                    0
                                  ],
                             "3": [
                                    0,
                                    24,
                                    25,
                                    19,
                                    10,
                                    11,
                                    9,
                                    23,
                                    5,
                                    21,
                                    0
                                  ],
                             "1": [
                                    0,
                                    13,
                                    3,
                                    8,
                                    15,
                                    6,
                                    1,
                                    12,
                                    2,
                                    0
                                  ]
                          },
          "obj_function": 1.1999999829972376,
             "total_com": 14620.199999990013,
           "num_vehicle": 3,
           "solver_name": "CPLEX",
                   "tex": "vehicle 1: [0, 13, 3, 8, 15, 6, 1, 12, 2, 0]\nvehicle 2: [0, 20, 17, 18, 16, 14, 4, 22, 7, 0]\nvehicle 3: [0, 24, 25, 19, 10, 11, 9, 23, 5, 21, 0]\n"
}