{
   "max_completion_time": {
                             "2": 1148.5999999969986,
                             "3": 1148.500000007,
                             "1": 1148.4999999990036
                          },
                  "name": "C103-25",
            "solve_time": 14400.68299984932,
          "relative_gap": 0.9999999995,
                 "route": {
                             "2": [
                                    0,
                                    25,
                                    8,
                                    15,
                                    23,
                                    18,
                                    1,
                                    2,
                                    0
                                  ],
                             "3": [
                                    0,
                                    3,
                                    17,
                                    11,
                                    9,
                                    6,
                                    12,
                                    14,
                                    19,
                                    21,
                                    0
                                  ],
                             "1": [
                                    0,
                                    13,
                                    16,
                                    10,
                                    20,
                                    5,
                                    4,
                                    22,
                                    7,
                                    24,
                                    0
                                  ]
                          },
          "obj_function": 0.19999997999730112,
             "total_com": 17167.29999998199,
           "num_vehicle": 3,
           "solver_name": "CPLEX",
                   "tex": "vehicle 1: [0, 13, 16, 10, 20, 5, 4, 22, 7, 24, 0]\nvehicle 2: [0, 25, 8, 15, 23, 18, 1, 2, 0]\nvehicle 3: [0, 3, 17, 11, 9, 6, 12, 14, 19, 21, 0]\n"
}