{
   "max_completion_time": {
                             "2": 1146.3999999999926,
                             "3": 1146.5000000003256,
                             "1": 1146.4999999999975
                          },
                  "name": "C103-25",
            "solve_time": 600.0089590549469,
          "relative_gap": 1,
                 "route": {
                             "2": [
                                    0,
                                    21,
                                    25,
                                    8,
                                    23,
                                    3,
                                    2,
                                    19,
                                    0
                                  ],
                             "3": [
                                    0,
                                    12,
                                    16,
                                    10,
                                    11,
                                    18,
                                    4,
                                    22,
                                    5,
                                    20,
                                    0
                                  ],
                             "1": [
                                    0,
                                    13,
                                    17,
                                    15,
                                    9,
                                    6,
                                    7,
                                    1,
                                    24,
                                    14,
                                    0
                                  ]
                          },
          "obj_function": 0.19999999952240988,
             "total_com": 16599.29999999999,
           "num_vehicle": 3,
           "solver_name": "Gurobi",
                   "tex": "vehicle 1: [0, 13, 17, 15, 9, 6, 7, 1, 24, 14, 0]\nvehicle 2: [0, 21, 25, 8, 23, 3, 2, 19, 0]\nvehicle 3: [0, 12, 16, 10, 11, 18, 4, 22, 5, 20, 0]\n"
}