{
   "max_completion_time": {
                             "2": 1155.3999999969978,
                             "3": 1155.3000000049992,
                             "1": 1155.3999999969978
                          },
                  "name": "C104-25",
            "solve_time": 3600.787999868393,
          "relative_gap": 0.9999999995,
                 "route": {
                             "2": [
                                    0,
                                    1,
                                    15,
                                    11,
                                    12,
                                    23,
                                    18,
                                    14,
                                    2,
                                    0
                                  ],
                             "3": [
                                    0,
                                    17,
                                    25,
                                    8,
                                    9,
                                    6,
                                    22,
                                    5,
                                    20,
                                    3,
                                    0
                                  ],
                             "1": [
                                    0,
                                    13,
                                    19,
                                    7,
                                    10,
                                    4,
                                    16,
                                    24,
                                    21,
                                    0
                                  ]
                          },
          "obj_function": 0.1999999820008968,
             "total_com": 16942.099999980976,
           "num_vehicle": 3,
           "solver_name": "CPLEX",
                   "tex": "vehicle 1: [0, 13, 19, 7, 10, 4, 16, 24, 21, 0]\nvehicle 2: [0, 1, 15, 11, 12, 23, 18, 14, 2, 0]\nvehicle 3: [0, 17, 25, 8, 9, 6, 22, 5, 20, 3, 0]\n"
}