{
   "max_completion_time": {
                             "2": 1154.3999999999921,
                             "3": 1154.399999999989,
                             "1": 1154.3000000022296
                          },
                  "name": "C104-25",
            "solve_time": 600.0140428543091,
          "relative_gap": 1,
                 "route": {
                             "2": [
                                    0,
                                    2,
                                    7,
                                    9,
                                    22,
                                    3,
                                    21,
                                    10,
                                    5,
                                    0
                                  ],
                             "3": [
                                    0,
                                    14,
                                    19,
                                    8,
                                    15,
                                    24,
                                    18,
                                    23,
                                    1,
                                    17,
                                    16,
                                    0
                                  ],
                             "1": [
                                    0,
                                    13,
                                    25,
                                    11,
                                    4,
                                    12,
                                    6,
                                    20,
                                    0
                                  ]
                          },
          "obj_function": 0.19999999551467776,
             "total_com": 16999.899999999976,
           "num_vehicle": 3,
           "solver_name": "Gurobi",
                   "tex": "vehicle 1: [0, 13, 25, 11, 4, 12, 6, 20, 0]\nvehicle 2: [0, 2, 7, 9, 22, 3, 21, 10, 5, 0]\nvehicle 3: [0, 14, 19, 8, 15, 24, 18, 23, 1, 17, 16, 0]\n"
}