{
   "max_completion_time": {
                             "2": 940,
                             "3": 940,
                             "1": 940
                          },
                  "name": "C107-25",
            "solve_time": 104.54999995231628,
          "relative_gap": 0,
                 "route": {
                             "2": [
                                    0,
                                    3,
                                    24,
                                    18,
                                    8,
                                    15,
                                    16,
                                    22,
                                    21,
                                    0
                                  ],
                             "3": [
                                    0,
                                    20,
                                    13,
                                    25,
                                    10,
                                    11,
                                    9,
                                    12,
                                    4,
                                    2,
                                    0
                                  ],
                             "1": [
                                    0,
                                    5,
                                    17,
                                    7,
                                    19,
                                    14,
                                    6,
                                    23,
                                    1,
                                    0
                                  ]
                          },
          "obj_function": 0,
             "total_com": 13044.000000000004,
           "num_vehicle": 3,
           "solver_name": "CPLEX",
                   "tex": "vehicle 1: [0, 5, 17, 7, 19, 14, 6, 23, 1, 0]\nvehicle 2: [0, 3, 24, 18, 8, 15, 16, 22, 21, 0]\nvehicle 3: [0, 20, 13, 25, 10, 11, 9, 12, 4, 2, 0]\n"
}