{
   "max_completion_time": {
                             "2": 940,
                             "3": 940,
                             "1": 940
                          },
                  "name": "C107-25",
            "solve_time": 14.159251928329468,
          "relative_gap": 0,
                 "route": {
                             "2": [
                                    0,
                                    24,
                                    20,
                                    7,
                                    19,
                                    16,
                                    14,
                                    23,
                                    21,
                                    0
                                  ],
                             "3": [
                                    0,
                                    13,
                                    17,
                                    18,
                                    10,
                                    11,
                                    9,
                                    12,
                                    4,
                                    22,
                                    0
                                  ],
                             "1": [
                                    0,
                                    5,
                                    3,
                                    25,
                                    8,
                                    15,
                                    6,
                                    2,
                                    1,
                                    0
                                  ]
                          },
          "obj_function": 0,
             "total_com": 12545.699999999983,
           "num_vehicle": 3,
           "solver_name": "Gurobi",
                   "tex": "vehicle 1: [0, 5, 3, 25, 8, 15, 6, 2, 1, 0]\nvehicle 2: [0, 24, 20, 7, 19, 16, 14, 23, 21, 0]\nvehicle 3: [0, 13, 17, 18, 10, 11, 9, 12, 4, 22, 0]\n"
}