{
   "max_completion_time": {
                             "2": 1018,
                             "3": 1018,
                             "1": 1018
                          },
                  "name": "C108-25",
            "solve_time": 31.755324125289917,
          "relative_gap": 0,
                 "route": {
                             "2": [
                                    0,
                                    17,
                                    5,
                                    3,
                                    12,
                                    21,
                                    22,
                                    0
                                  ],
                             "3": [
                                    0,
                                    20,
                                    24,
                                    25,
                                    18,
                                    15,
                                    11,
                                    14,
                                    6,
                                    4,
                                    2,
                                    0
                                  ],
                             "1": [
                                    0,
                                    13,
                                    19,
                                    7,
                                    8,
                                    10,
                                    16,
                                    9,
                                    23,
                                    1,
                                    0
                                  ]
                          },
          "obj_function": 0,
             "total_com": 14085.499999999996,
           "num_vehicle": 3,
           "solver_name": "Gurobi",
                   "tex": "vehicle 1: [0, 13, 19, 7, 8, 10, 16, 9, 23, 1, 0]\nvehicle 2: [0, 17, 5, 3, 12, 21, 22, 0]\nvehicle 3: [0, 20, 24, 25, 18, 15, 11, 14, 6, 4, 2, 0]\n"
}