{
   "max_completion_time": {
                             "2": 961.9000000000015,
                             "3": 961.8999999999942,
                             "1": 961.9000000000015
                          },
                  "name": "C109-25",
            "solve_time": 240.37269687652588,
          "relative_gap": 0,
                 "route": {
                             "2": [
                                    0,
                                    3,
                                    17,
                                    24,
                                    12,
                                    16,
                                    21,
                                    1,
                                    0
                                  ],
                             "3": [
                                    0,
                                    20,
                                    5,
                                    19,
                                    11,
                                    15,
                                    6,
                                    2,
                                    4,
                                    23,
                                    0
                                  ],
                             "1": [
                                    0,
                                    7,
                                    25,
                                    18,
                                    13,
                                    8,
                                    10,
                                    9,
                                    14,
                                    22,
                                    0
                                  ]
                          },
          "obj_function": 0,
             "total_com": 13424.499999999982,
           "num_vehicle": 3,
           "solver_name": "Gurobi",
                   "tex": "vehicle 1: [0, 7, 25, 18, 13, 8, 10, 9, 14, 22, 0]\nvehicle 2: [0, 3, 17, 24, 12, 16, 21, 1, 0]\nvehicle 3: [0, 20, 5, 19, 11, 15, 6, 2, 4, 23, 0]\n"
}