{
   "max_completion_time": {
                             "2": 3073,
                             "1": 2977.50000000965
                          },
                  "name": "C201-25",
            "solve_time": 1.7446198463439941,
          "relative_gap": 0,
                 "route": {
                             "2": [
                                    0,
                                    22,
                                    24,
                                    2,
                                    1,
                                    6,
                                    4,
                                    23,
                                    14,
                                    21,
                                    0
                                  ],
                             "1": [
                                    0,
                                    5,
                                    20,
                                    7,
                                    3,
                                    18,
                                    19,
                                    16,
                                    12,
                                    15,
                                    17,
                                    13,
                                    25,
                                    9,
                                    11,
                                    10,
                                    8,
                                    0
                                  ]
                          },
          "obj_function": 95.4999999903498,
             "total_com": 41812.20000004825,
           "num_vehicle": 2,
           "solver_name": "Gurobi",
                   "tex": "vehicle 1: [0, 5, 20, 7, 3, 18, 19, 16, 12, 15, 17, 13, 25, 9, 11, 10, 8, 0]\nvehicle 2: [0, 22, 24, 2, 1, 6, 4, 23, 14, 21, 0]\n"
}