{
   "max_completion_time": {
                             "2": 3093.5,
                             "1": 3093.5
                          },
                  "name": "C202-25",
            "solve_time": 48.16032314300537,
          "relative_gap": 0,
                 "route": {
                             "2": [
                                    0,
                                    22,
                                    20,
                                    24,
                                    4,
                                    17,
                                    13,
                                    25,
                                    10,
                                    8,
                                    12,
                                    0
                                  ],
                             "1": [
                                    0,
                                    6,
                                    23,
                                    18,
                                    19,
                                    16,
                                    14,
                                    5,
                                    15,
                                    2,
                                    1,
                                    21,
                                    9,
                                    11,
                                    7,
                                    3,
                                    0
                                  ]
                          },
          "obj_function": 0,
             "total_com": 52701.10000000002,
           "num_vehicle": 2,
           "solver_name": "Gurobi",
                   "tex": "vehicle 1: [0, 6, 23, 18, 19, 16, 14, 5, 15, 2, 1, 21, 9, 11, 7, 3, 0]\nvehicle 2: [0, 22, 20, 24, 4, 17, 13, 25, 10, 8, 12, 0]\n"
}