{
   "max_completion_time": {
                             "2": 3068.9000000000087,
                             "3": 3069.899999999985,
                             "1": 3068
                          },
                  "name": "C202-50",
            "solve_time": 600.0125041007996,
          "relative_gap": 1,
                 "route": {
                             "2": [
                                    0,
                                    20,
                                    30,
                                    32,
                                    33,
                                    38,
                                    36,
                                    23,
                                    19,
                                    25,
                                    1,
                                    11,
                                    26,
                                    2,
                                    0
                                  ],
                             "3": [
                                    0,
                                    48,
                                    22,
                                    24,
                                    50,
                                    37,
                                    6,
                                    35,
                                    31,
                                    49,
                                    4,
                                    18,
                                    40,
                                    44,
                                    46,
                                    5,
                                    15,
                                    17,
                                    13,
                                    9,
                                    7,
                                    3,
                                    34,
                                    0
                                  ],
                             "1": [
                                    0,
                                    12,
                                    27,
                                    21,
                                    29,
                                    39,
                                    28,
                                    16,
                                    14,
                                    45,
                                    47,
                                    43,
                                    42,
                                    41,
                                    10,
                                    8,
                                    0
                                  ]
                          },
          "obj_function": 3.799999999969727,
             "total_com": 85697.79999999999,
           "num_vehicle": 3,
           "solver_name": "Gurobi",
                   "tex": "vehicle 1: [0, 12, 27, 21, 29, 39, 28, 16, 14, 45, 47, 43, 42, 41, 10, 8, 0]\nvehicle 2: [0, 20, 30, 32, 33, 38, 36, 23, 19, 25, 1, 11, 26, 2, 0]\nvehicle 3: [0, 48, 22, 24, 50, 37, 6, 35, 31, 49, 4, 18, 40, 44, 46, 5, 15, 17, 13, 9, 7, 3, 34, 0]\n"
}