{
   "max_completion_time": {
                             "2": 3317.448990528746,
                             "1": 3317.448990528746
                          },
                  "name": "C203-25",
            "solve_time": 7.11919379234314,
          "relative_gap": 0,
                 "route": {
                             "2": [
                                    0,
                                    6,
                                    20,
                                    19,
                                    24,
                                    15,
                                    13,
                                    25,
                                    1,
                                    10,
                                    8,
                                    14,
                                    16,
                                    7,
                                    0
                                  ],
                             "1": [
                                    0,
                                    22,
                                    12,
                                    4,
                                    23,
                                    17,
                                    9,
                                    18,
                                    11,
                                    21,
                                    5,
                                    2,
                                    3,
                                    0
                                  ]
                          },
          "obj_function": 0,
             "total_com": 55477.78120287588,
           "num_vehicle": 2,
           "solver_name": "Gurobi",
                   "tex": "vehicle 1: [0, 22, 12, 4, 23, 17, 9, 18, 11, 21, 5, 2, 3, 0]\nvehicle 2: [0, 6, 20, 19, 24, 15, 13, 25, 1, 10, 8, 14, 16, 7, 0]\n"
}