{
   "max_completion_time": {
                             "2": 3096.3999999999032,
                             "1": 3096.400000000013
                          },
                  "name": "C204-25",
            "solve_time": 21.863959074020386,
          "relative_gap": 0,
                 "route": {
                             "2": [
                                    0,
                                    20,
                                    18,
                                    23,
                                    10,
                                    21,
                                    1,
                                    7,
                                    15,
                                    14,
                                    19,
                                    13,
                                    9,
                                    11,
                                    17,
                                    16,
                                    12,
                                    0
                                  ],
                             "1": [
                                    0,
                                    24,
                                    4,
                                    5,
                                    6,
                                    22,
                                    25,
                                    2,
                                    8,
                                    3,
                                    0
                                  ]
                          },
          "obj_function": 0,
             "total_com": 51924.299999999945,
           "num_vehicle": 2,
           "solver_name": "Gurobi",
                   "tex": "vehicle 1: [0, 24, 4, 5, 6, 22, 25, 2, 8, 3, 0]\nvehicle 2: [0, 20, 18, 23, 10, 21, 1, 7, 15, 14, 19, 13, 9, 11, 17, 16, 12, 0]\n"
}