{
   "max_completion_time": {
                             "2": 2993,
                             "1": 2992.9999999999995
                          },
                  "name": "C205-25",
            "solve_time": 0.658146858215332,
          "relative_gap": 0,
                 "route": {
                             "2": [
                                    0,
                                    5,
                                    20,
                                    2,
                                    6,
                                    7,
                                    3,
                                    15,
                                    14,
                                    12,
                                    13,
                                    17,
                                    25,
                                    21,
                                    0
                                  ],
                             "1": [
                                    0,
                                    22,
                                    24,
                                    1,
                                    4,
                                    23,
                                    18,
                                    19,
                                    16,
                                    9,
                                    11,
                                    8,
                                    10,
                                    0
                                  ]
                          },
          "obj_function": 0,
             "total_com": 41498.49999999998,
           "num_vehicle": 2,
           "solver_name": "Gurobi",
                   "tex": "vehicle 1: [0, 22, 24, 1, 4, 23, 18, 19, 16, 9, 11, 8, 10, 0]\nvehicle 2: [0, 5, 20, 2, 6, 7, 3, 15, 14, 12, 13, 17, 25, 21, 0]\n"
}