{
   "max_completion_time": {
                             "2": 3028.800000000003,
                             "3": 3029.5,
                             "1": 3029.4000000000087
                          },
                  "name": "C206-50",
            "solve_time": 600.011904001236,
          "relative_gap": 1,
                 "route": {
                             "2": [
                                    0,
                                    5,
                                    20,
                                    30,
                                    24,
                                    22,
                                    7,
                                    31,
                                    26,
                                    4,
                                    13,
                                    11,
                                    43,
                                    48,
                                    10,
                                    0
                                  ],
                             "3": [
                                    0,
                                    32,
                                    6,
                                    29,
                                    49,
                                    39,
                                    18,
                                    45,
                                    19,
                                    44,
                                    12,
                                    25,
                                    17,
                                    50,
                                    42,
                                    8,
                                    0
                                  ],
                             "1": [
                                    0,
                                    2,
                                    1,
                                    27,
                                    33,
                                    38,
                                    3,
                                    35,
                                    37,
                                    28,
                                    36,
                                    34,
                                    23,
                                    16,
                                    40,
                                    14,
                                    46,
                                    15,
                                    47,
                                    9,
                                    41,
                                    21,
                                    0
                                  ]
                          },
          "obj_function": 1.3999999999941792,
             "total_com": 84541.60000000014,
           "num_vehicle": 3,
           "solver_name": "Gurobi",
                   "tex": "vehicle 1: [0, 2, 1, 27, 33, 38, 3, 35, 37, 28, 36, 34, 23, 16, 40, 14, 46, 15, 47, 9, 41, 21, 0]\nvehicle 2: [0, 5, 20, 30, 24, 22, 7, 31, 26, 4, 13, 11, 43, 48, 10, 0]\nvehicle 3: [0, 32, 6, 29, 49, 39, 18, 45, 19, 44, 12, 25, 17, 50, 42, 8, 0]\n"
}