{
   "max_completion_time": {
                             "2": 2866.0999999999985,
                             "1": 2866.0999999999985
                          },
                  "name": "C206-25",
            "solve_time": 25.289480924606323,
          "relative_gap": 0,
                 "route": {
                             "2": [
                                    0,
                                    6,
                                    2,
                                    19,
                                    18,
                                    23,
                                    12,
                                    14,
                                    16,
                                    15,
                                    13,
                                    9,
                                    17,
                                    11,
                                    8,
                                    0
                                  ],
                             "1": [
                                    0,
                                    24,
                                    5,
                                    1,
                                    22,
                                    20,
                                    7,
                                    3,
                                    4,
                                    25,
                                    21,
                                    10,
                                    0
                                  ]
                          },
          "obj_function": 0,
             "total_com": 42022.49999999999,
           "num_vehicle": 2,
           "solver_name": "Gurobi",
                   "tex": "vehicle 1: [0, 24, 5, 1, 22, 20, 7, 3, 4, 25, 21, 10, 0]\nvehicle 2: [0, 6, 2, 19, 18, 23, 12, 14, 16, 15, 13, 9, 17, 11, 8, 0]\n"
}