{
   "max_completion_time": {
                             "2": 3027.4999999999995,
                             "3": 3027.4999999999995,
                             "1": 3027.4999999999995
                          },
                  "name": "C206-50",
            "solve_time": 3343.6319999694824,
          "relative_gap": 0,
                 "route": {
                             "2": [
                                    0,
                                    22,
                                    24,
                                    2,
                                    30,
                                    27,
                                    29,
                                    6,
                                    49,
                                    7,
                                    28,
                                    19,
                                    26,
                                    18,
                                    46,
                                    14,
                                    15,
                                    12,
                                    25,
                                    13,
                                    11,
                                    43,
                                    21,
                                    0
                                  ],
                             "3": [
                                    0,
                                    33,
                                    31,
                                    32,
                                    4,
                                    38,
                                    48,
                                    42,
                                    10,
                                    0
                                  ],
                             "1": [
                                    0,
                                    5,
                                    1,
                                    20,
                                    37,
                                    39,
                                    35,
                                    36,
                                    3,
                                    34,
                                    40,
                                    23,
                                    44,
                                    50,
                                    16,
                                    45,
                                    9,
                                    17,
                                    47,
                                    8,
                                    41,
                                    0
                                  ]
                          },
          "obj_function": 0,
             "total_com": 83611.79999998111,
           "num_vehicle": 3,
           "solver_name": "CPLEX",
                   "tex": "vehicle 1: [0, 5, 1, 20, 37, 39, 35, 36, 3, 34, 40, 23, 44, 50, 16, 45, 9, 17, 47, 8, 41, 0]\nvehicle 2: [0, 22, 24, 2, 30, 27, 29, 6, 49, 7, 28, 19, 26, 18, 46, 14, 15, 12, 25, 13, 11, 43, 21, 0]\nvehicle 3: [0, 33, 31, 32, 4, 38, 48, 42, 10, 0]\n"
}