{
   "max_completion_time": {
                             "2": 2815.600000000002,
                             "1": 2815.600000000002
                          },
                  "name": "C207-25",
            "solve_time": 14.848000049591064,
          "relative_gap": 0,
                 "route": {
                             "2": [
                                    0,
                                    6,
                                    20,
                                    7,
                                    3,
                                    10,
                                    11,
                                    9,
                                    25,
                                    8,
                                    0
                                  ],
                             "1": [
                                    0,
                                    5,
                                    22,
                                    1,
                                    2,
                                    24,
                                    4,
                                    23,
                                    12,
                                    18,
                                    13,
                                    19,
                                    16,
                                    14,
                                    15,
                                    17,
                                    21,
                                    0
                                  ]
                          },
          "obj_function": 0,
             "total_com": 42215.29999999999,
           "num_vehicle": 2,
           "solver_name": "CPLEX",
                   "tex": "vehicle 1: [0, 5, 22, 1, 2, 24, 4, 23, 12, 18, 13, 19, 16, 14, 15, 17, 21, 0]\nvehicle 2: [0, 6, 20, 7, 3, 10, 11, 9, 25, 8, 0]\n"
}