{
   "max_completion_time": {
                             "2": 2866.7999999999965,
                             "3": 2866.5,
                             "1": 2866.7999999999965
                          },
                  "name": "C207-50",
            "solve_time": 600.0483119487762,
          "relative_gap": 1,
                 "route": {
                             "2": [
                                    0,
                                    5,
                                    27,
                                    1,
                                    32,
                                    37,
                                    31,
                                    7,
                                    3,
                                    18,
                                    39,
                                    14,
                                    36,
                                    17,
                                    13,
                                    9,
                                    16,
                                    43,
                                    41,
                                    50,
                                    48,
                                    0
                                  ],
                             "3": [
                                    0,
                                    22,
                                    29,
                                    6,
                                    2,
                                    35,
                                    38,
                                    20,
                                    28,
                                    49,
                                    4,
                                    23,
                                    45,
                                    44,
                                    26,
                                    46,
                                    15,
                                    21,
                                    8,
                                    47,
                                    11,
                                    0
                                  ],
                             "1": [
                                    0,
                                    33,
                                    24,
                                    30,
                                    40,
                                    34,
                                    19,
                                    42,
                                    12,
                                    25,
                                    10,
                                    0
                                  ]
                          },
          "obj_function": 0.5999999999930878,
             "total_com": 78273.99999999991,
           "num_vehicle": 3,
           "solver_name": "Gurobi",
                   "tex": "vehicle 1: [0, 33, 24, 30, 40, 34, 19, 42, 12, 25, 10, 0]\nvehicle 2: [0, 5, 27, 1, 32, 37, 31, 7, 3, 18, 39, 14, 36, 17, 13, 9, 16, 43, 41, 50, 48, 0]\nvehicle 3: [0, 22, 29, 6, 2, 35, 38, 20, 28, 49, 4, 23, 45, 44, 26, 46, 15, 21, 8, 47, 11, 0]\n"
}