{
   "max_completion_time": {
                             "2": 2724.100000000002,
                             "1": 2724.0999999999985
                          },
                  "name": "C207-25",
            "solve_time": 62.584583044052124,
          "relative_gap": 0,
                 "route": {
                             "2": [
                                    0,
                                    24,
                                    6,
                                    18,
                                    19,
                                    17,
                                    16,
                                    23,
                                    12,
                                    14,
                                    8,
                                    10,
                                    15,
                                    0
                                  ],
                             "1": [
                                    0,
                                    5,
                                    2,
                                    22,
                                    1,
                                    20,
                                    7,
                                    3,
                                    4,
                                    13,
                                    9,
                                    11,
                                    25,
                                    21,
                                    0
                                  ]
                          },
          "obj_function": 0,
             "total_com": 40118.3,
           "num_vehicle": 2,
           "solver_name": "Gurobi",
                   "tex": "vehicle 1: [0, 5, 2, 22, 1, 20, 7, 3, 4, 13, 9, 11, 25, 21, 0]\nvehicle 2: [0, 24, 6, 18, 19, 17, 16, 23, 12, 14, 8, 10, 15, 0]\n"
}