{
   "max_completion_time": {
                             "2": 2848.5999999999985,
                             "1": 2848.5999999999985
                          },
                  "name": "C208-25",
            "solve_time": 32.37621283531189,
          "relative_gap": 0,
                 "route": {
                             "2": [
                                    0,
                                    24,
                                    6,
                                    20,
                                    19,
                                    18,
                                    23,
                                    25,
                                    21,
                                    13,
                                    0
                                  ],
                             "1": [
                                    0,
                                    22,
                                    1,
                                    5,
                                    2,
                                    4,
                                    7,
                                    3,
                                    15,
                                    17,
                                    12,
                                    16,
                                    14,
                                    9,
                                    11,
                                    8,
                                    10,
                                    0
                                  ]
                          },
          "obj_function": 0,
             "total_com": 41004.799999999974,
           "num_vehicle": 2,
           "solver_name": "Gurobi",
                   "tex": "vehicle 1: [0, 22, 1, 5, 2, 4, 7, 3, 15, 17, 12, 16, 14, 9, 11, 8, 10, 0]\nvehicle 2: [0, 24, 6, 20, 19, 18, 23, 25, 21, 13, 0]\n"
}