{
   "max_completion_time": {
                             "2": 3116.2999999999956,
                             "1": 3116.2999999999956
                          },
                  "name": "C208-50",
            "solve_time": 95.17919588088989,
          "relative_gap": 0,
                 "route": {
                             "2": [
                                    0,
                                    2,
                                    29,
                                    6,
                                    5,
                                    24,
                                    20,
                                    49,
                                    39,
                                    7,
                                    28,
                                    36,
                                    38,
                                    26,
                                    18,
                                    15,
                                    40,
                                    45,
                                    47,
                                    11,
                                    50,
                                    25,
                                    9,
                                    43,
                                    41,
                                    0
                                  ],
                             "1": [
                                    0,
                                    1,
                                    30,
                                    22,
                                    27,
                                    32,
                                    33,
                                    31,
                                    35,
                                    4,
                                    3,
                                    37,
                                    34,
                                    23,
                                    44,
                                    46,
                                    16,
                                    12,
                                    19,
                                    17,
                                    14,
                                    42,
                                    13,
                                    48,
                                    8,
                                    10,
                                    21,
                                    0
                                  ]
                          },
          "obj_function": 0,
             "total_com": 81759.29999999992,
           "num_vehicle": 2,
           "solver_name": "Gurobi",
                   "tex": "vehicle 1: [0, 1, 30, 22, 27, 32, 33, 31, 35, 4, 3, 37, 34, 23, 44, 46, 16, 12, 19, 17, 14, 42, 13, 48, 8, 10, 21, 0]\nvehicle 2: [0, 2, 29, 6, 5, 24, 20, 49, 39, 7, 28, 36, 38, 26, 18, 15, 40, 45, 47, 11, 50, 25, 9, 43, 41, 0]\n"
}