{
   "max_completion_time": {
                             "2": 2946.399999999998,
                             "1": 2946.399999999998
                          },
                  "name": "C208-25",
            "solve_time": 9.03600001335144,
          "relative_gap": 0,
                 "route": {
                             "2": [
                                    0,
                                    5,
                                    18,
                                    15,
                                    17,
                                    12,
                                    10,
                                    25,
                                    8,
                                    11,
                                    0
                                  ],
                             "1": [
                                    0,
                                    2,
                                    20,
                                    1,
                                    6,
                                    22,
                                    24,
                                    7,
                                    4,
                                    23,
                                    3,
                                    19,
                                    16,
                                    14,
                                    21,
                                    13,
                                    9,
                                    0
                                  ]
                          },
          "obj_function": 0,
             "total_com": 41104.29999999998,
           "num_vehicle": 2,
           "solver_name": "CPLEX",
                   "tex": "vehicle 1: [0, 2, 20, 1, 6, 22, 24, 7, 4, 23, 3, 19, 16, 14, 21, 13, 9, 0]\nvehicle 2: [0, 5, 18, 15, 17, 12, 10, 25, 8, 11, 0]\n"
}