{
   "max_completion_time": {
                             "5": 171,
                             "4": 169,
                             "6": 168.4000000019978,
                             "7": 163.00000000199998,
                             "2": 142.80000000099926,
                             "8": 167.00000003381837,
                             "3": 143.40000000200143,
                             "1": 182
                          },
                  "name": "R101-25",
            "solve_time": 57.370999813079834,
          "relative_gap": 9.72670523318938e-5,
                 "route": {
                             "5": [
                                    0,
                                    2,
                                    21,
                                    22,
                                    1,
                                    0
                                  ],
                             "4": [
                                    0,
                                    5,
                                    7,
                                    8,
                                    13,
                                    0
                                  ],
                             "6": [
                                    0,
                                    18,
                                    6,
                                    24,
                                    0
                                  ],
                             "7": [
                                    0,
                                    23,
                                    3,
                                    4,
                                    0
                                  ],
                             "2": [
                                    0,
                                    14,
                                    15,
                                    20,
                                    0
                                  ],
                             "8": [
                                    0,
                                    11,
                                    19,
                                    17,
                                    0
                                  ],
                             "3": [
                                    0,
                                    12,
                                    9,
                                    10,
                                    0
                                  ],
                             "1": [
                                    0,
                                    16,
                                    25,
                                    0
                                  ]
                          },
          "obj_function": 431.79999991317766,
             "total_com": 2773.7000000000007,
           "num_vehicle": 8,
           "solver_name": "CPLEX",
                   "tex": "vehicle 1: [0, 16, 25, 0]\nvehicle 2: [0, 14, 15, 20, 0]\nvehicle 3: [0, 12, 9, 10, 0]\nvehicle 4: [0, 5, 7, 8, 13, 0]\nvehicle 5: [0, 2, 21, 22, 1, 0]\nvehicle 6: [0, 18, 6, 24, 0]\nvehicle 7: [0, 23, 3, 4, 0]\nvehicle 8: [0, 11, 19, 17, 0]\n"
}