{
   "max_completion_time": {
                              "5": 157,
                              "7": 175,
                             "12": 161.99999999999983,
                              "8": 151.8000000000029,
                              "1": 171,
                              "4": 182,
                              "6": 162.8000000000029,
                              "2": 169,
                             "10": 150,
                             "11": 151.1999999999971,
                              "9": 163.00000000000023,
                              "3": 167
                          },
                  "name": "R101-50",
            "solve_time": 600.120167016983,
          "relative_gap": 0.0803341846796986,
                 "route": {
                              "5": [
                                     0,
                                     11,
                                     19,
                                     49,
                                     32,
                                     0
                                   ],
                             "12": [
                                     0,
                                     5,
                                     44,
                                     38,
                                     4,
                                     0
                                   ],
                              "8": [
                                     0,
                                     31,
                                     41,
                                     37,
                                     0
                                   ],
                              "1": [
                                     0,
                                     29,
                                     20,
                                     1,
                                     0
                                   ],
                              "6": [
                                     0,
                                     27,
                                     21,
                                     40,
                                     3,
                                     35,
                                     0
                                   ],
                             "11": [
                                     0,
                                     33,
                                     12,
                                     9,
                                     26,
                                     0
                                   ],
                              "9": [
                                     0,
                                     28,
                                     30,
                                     34,
                                     24,
                                     0
                                   ],
                              "3": [
                                     0,
                                     36,
                                     47,
                                     7,
                                     8,
                                     46,
                                     17,
                                     0
                                   ],
                              "7": [
                                     0,
                                     14,
                                     15,
                                     10,
                                     48,
                                     0
                                   ],
                              "4": [
                                     0,
                                     42,
                                     2,
                                     18,
                                     50,
                                     25,
                                     0
                                   ],
                              "2": [
                                     0,
                                     39,
                                     23,
                                     22,
                                     13,
                                     0
                                   ],
                             "10": [
                                     0,
                                     45,
                                     16,
                                     6,
                                     43,
                                     0
                                   ]
                          },
          "obj_function": 775.8000000000034,
             "total_com": 5230.000000000007,
           "num_vehicle": 12,
           "solver_name": "Gurobi",
                   "tex": "vehicle 1: [0, 29, 20, 1, 0]\nvehicle 2: [0, 39, 23, 22, 13, 0]\nvehicle 3: [0, 36, 47, 7, 8, 46, 17, 0]\nvehicle 4: [0, 42, 2, 18, 50, 25, 0]\nvehicle 5: [0, 11, 19, 49, 32, 0]\nvehicle 6: [0, 27, 21, 40, 3, 35, 0]\nvehicle 7: [0, 14, 15, 10, 48, 0]\nvehicle 8: [0, 31, 41, 37, 0]\nvehicle 9: [0, 28, 30, 34, 24, 0]\nvehicle 10: [0, 45, 16, 6, 43, 0]\nvehicle 11: [0, 33, 12, 9, 26, 0]\nvehicle 12: [0, 5, 44, 38, 4, 0]\n"
}