{
   "max_completion_time": {
                             "5": 167,
                             "4": 168.20000000000073,
                             "6": 168.29999999999927,
                             "7": 167.5,
                             "2": 182,
                             "3": 167.40000000000146,
                             "1": 169
                          },
                  "name": "R102-25",
            "solve_time": 357.5928199291229,
          "relative_gap": 1,
                 "route": {
                             "5": [
                                    0,
                                    8,
                                    17,
                                    0
                                  ],
                             "4": [
                                    0,
                                    21,
                                    7,
                                    18,
                                    2,
                                    5,
                                    0
                                  ],
                             "6": [
                                    0,
                                    11,
                                    19,
                                    20,
                                    3,
                                    0
                                  ],
                             "7": [
                                    0,
                                    9,
                                    10,
                                    1,
                                    0
                                  ],
                             "2": [
                                    0,
                                    16,
                                    6,
                                    4,
                                    25,
                                    0
                                  ],
                             "3": [
                                    0,
                                    23,
                                    22,
                                    12,
                                    24,
                                    0
                                  ],
                             "1": [
                                    0,
                                    14,
                                    15,
                                    13,
                                    0
                                  ]
                          },
          "obj_function": 97.9999999999923,
             "total_com": 2984.2000000000044,
           "num_vehicle": 7,
           "solver_name": "Gurobi",
                   "tex": "vehicle 1: [0, 14, 15, 13, 0]\nvehicle 2: [0, 16, 6, 4, 25, 0]\nvehicle 3: [0, 23, 22, 12, 24, 0]\nvehicle 4: [0, 21, 7, 18, 2, 5, 0]\nvehicle 5: [0, 8, 17, 0]\nvehicle 6: [0, 11, 19, 20, 3, 0]\nvehicle 7: [0, 9, 10, 1, 0]\n"
}