{
   "max_completion_time": {
                             "5": 208.099999999998,
                             "4": 211.79999999999927,
                             "2": 213.19999999999857,
                             "3": 207.3000000000029,
                             "1": 209.99999999999997
                          },
                  "name": "R103-25",
            "solve_time": 600.0143609046936,
          "relative_gap": 1,
                 "route": {
                             "5": [
                                    0,
                                    23,
                                    22,
                                    17,
                                    5,
                                    18,
                                    0
                                  ],
                             "4": [
                                    0,
                                    19,
                                    9,
                                    20,
                                    24,
                                    1,
                                    0
                                  ],
                             "2": [
                                    0,
                                    14,
                                    15,
                                    6,
                                    4,
                                    25,
                                    12,
                                    0
                                  ],
                             "3": [
                                    0,
                                    8,
                                    2,
                                    13,
                                    7,
                                    0
                                  ],
                             "1": [
                                    0,
                                    16,
                                    11,
                                    10,
                                    3,
                                    21,
                                    0
                                  ]
                          },
          "obj_function": 30.999999999984635,
             "total_com": 3424.0999999999985,
           "num_vehicle": 5,
           "solver_name": "Gurobi",
                   "tex": "vehicle 1: [0, 16, 11, 10, 3, 21, 0]\nvehicle 2: [0, 14, 15, 6, 4, 25, 12, 0]\nvehicle 3: [0, 8, 2, 13, 7, 0]\nvehicle 4: [0, 19, 9, 20, 24, 1, 0]\nvehicle 5: [0, 23, 22, 17, 5, 18, 0]\n"
}