{
   "max_completion_time": {
                             "5": 186.90000000000146,
                             "4": 186.999999999,
                             "2": 186.79999999999927,
                             "3": 179,
                             "1": 186.99999999999994
                          },
                  "name": "R103-25",
            "solve_time": 3616.309000015259,
          "relative_gap": 0.9999999999969136,
                 "route": {
                             "5": [
                                    0,
                                    21,
                                    8,
                                    12,
                                    25,
                                    0
                                  ],
                             "4": [
                                    0,
                                    16,
                                    14,
                                    23,
                                    22,
                                    17,
                                    5,
                                    0
                                  ],
                             "2": [
                                    0,
                                    7,
                                    2,
                                    15,
                                    6,
                                    19,
                                    18,
                                    0
                                  ],
                             "3": [
                                    0,
                                    3,
                                    11,
                                    10,
                                    13,
                                    0
                                  ],
                             "1": [
                                    0,
                                    20,
                                    1,
                                    9,
                                    4,
                                    24,
                                    0
                                  ]
                          },
          "obj_function": 32.39999999500138,
             "total_com": 2652.5999999999985,
           "num_vehicle": 5,
           "solver_name": "CPLEX",
                   "tex": "vehicle 1: [0, 20, 1, 9, 4, 24, 0]\nvehicle 2: [0, 7, 2, 15, 6, 19, 18, 0]\nvehicle 3: [0, 3, 11, 10, 13, 0]\nvehicle 4: [0, 16, 14, 23, 22, 17, 5, 0]\nvehicle 5: [0, 21, 8, 12, 25, 0]\n"
}