{
   "max_completion_time": {
                             "5": 171.40000000600094,
                             "4": 159.1000000070007,
                             "6": 172.59999999799857,
                             "7": 165.0000000019968,
                             "2": 161.499999994,
                             "9": 171.90000000700323,
                             "8": 168.60000000599075,
                             "3": 177.00000000999947,
                             "1": 171.20000001799602
                          },
                  "name": "R105-50",
            "solve_time": 3605.3769998550415,
          "relative_gap": 0.9999999999995886,
                 "route": {
                             "5": [
                                    0,
                                    33,
                                    12,
                                    21,
                                    6,
                                    37,
                                    17,
                                    0
                                  ],
                             "4": [
                                    0,
                                    42,
                                    2,
                                    23,
                                    22,
                                    41,
                                    26,
                                    0
                                  ],
                             "6": [
                                    0,
                                    39,
                                    29,
                                    34,
                                    3,
                                    35,
                                    0
                                  ],
                             "7": [
                                    0,
                                    11,
                                    18,
                                    8,
                                    46,
                                    48,
                                    0
                                  ],
                             "2": [
                                    0,
                                    28,
                                    31,
                                    30,
                                    9,
                                    20,
                                    1,
                                    0
                                  ],
                             "9": [
                                    0,
                                    14,
                                    44,
                                    16,
                                    38,
                                    43,
                                    13,
                                    0
                                  ],
                             "8": [
                                    0,
                                    47,
                                    36,
                                    19,
                                    49,
                                    10,
                                    32,
                                    0
                                  ],
                             "3": [
                                    0,
                                    27,
                                    15,
                                    40,
                                    4,
                                    24,
                                    0
                                  ],
                             "1": [
                                    0,
                                    45,
                                    5,
                                    7,
                                    50,
                                    25,
                                    0
                                  ]
                          },
          "obj_function": 242.99999967605885,
             "total_com": 5281.400000005987,
           "num_vehicle": 9,
           "solver_name": "CPLEX",
                   "tex": "vehicle 1: [0, 45, 5, 7, 50, 25, 0]\nvehicle 2: [0, 28, 31, 30, 9, 20, 1, 0]\nvehicle 3: [0, 27, 15, 40, 4, 24, 0]\nvehicle 4: [0, 42, 2, 23, 22, 41, 26, 0]\nvehicle 5: [0, 33, 12, 21, 6, 37, 17, 0]\nvehicle 6: [0, 39, 29, 34, 3, 35, 0]\nvehicle 7: [0, 11, 18, 8, 46, 48, 0]\nvehicle 8: [0, 47, 36, 19, 49, 10, 32, 0]\nvehicle 9: [0, 14, 44, 16, 38, 43, 13, 0]\n"
}