{
   "max_completion_time": {
                             "5": 179.69999960873366,
                             "4": 177.40000039091805,
                             "6": 178.4000000000011,
                             "2": 178.99999999999991,
                             "3": 178.79999999999984,
                             "1": 178.99999999999991
                          },
                  "name": "R105-25",
            "solve_time": 600.0118539333344,
          "relative_gap": 1,
                 "route": {
                             "5": [
                                    0,
                                    11,
                                    7,
                                    8,
                                    24,
                                    0
                                  ],
                             "4": [
                                    0,
                                    5,
                                    2,
                                    15,
                                    6,
                                    25,
                                    0
                                  ],
                             "6": [
                                    0,
                                    23,
                                    22,
                                    3,
                                    4,
                                    0
                                  ],
                             "2": [
                                    0,
                                    19,
                                    9,
                                    13,
                                    0
                                  ],
                             "3": [
                                    0,
                                    21,
                                    12,
                                    10,
                                    17,
                                    0
                                  ],
                             "1": [
                                    0,
                                    14,
                                    16,
                                    18,
                                    20,
                                    1,
                                    0
                                  ]
                          },
          "obj_function": 13.499994909509347,
             "total_com": 2831.200000781837,
           "num_vehicle": 6,
           "solver_name": "Gurobi",
                   "tex": "vehicle 1: [0, 14, 16, 18, 20, 1, 0]\nvehicle 2: [0, 19, 9, 13, 0]\nvehicle 3: [0, 21, 12, 10, 17, 0]\nvehicle 4: [0, 5, 2, 15, 6, 25, 0]\nvehicle 5: [0, 11, 7, 8, 24, 0]\nvehicle 6: [0, 23, 22, 3, 4, 0]\n"
}