{
   "max_completion_time": {
                             "4": 190.39999999999782,
                             "2": 191.20000000000073,
                             "3": 190.59999999999854,
                             "1": 191.39999999999782
                          },
                  "name": "R108-25",
            "solve_time": 3602.0889999866486,
          "relative_gap": 0.9999999999722222,
                 "route": {
                             "4": [
                                    0,
                                    20,
                                    7,
                                    16,
                                    8,
                                    5,
                                    13,
                                    6,
                                    0
                                  ],
                             "2": [
                                    0,
                                    3,
                                    24,
                                    23,
                                    12,
                                    4,
                                    1,
                                    0
                                  ],
                             "3": [
                                    0,
                                    18,
                                    15,
                                    14,
                                    2,
                                    21,
                                    22,
                                    25,
                                    0
                                  ],
                             "1": [
                                    0,
                                    19,
                                    11,
                                    10,
                                    9,
                                    17,
                                    0
                                  ]
                          },
          "obj_function": 3.600000000002183,
             "total_com": 2635.499999999971,
           "num_vehicle": 4,
           "solver_name": "CPLEX",
                   "tex": "vehicle 1: [0, 19, 11, 10, 9, 17, 0]\nvehicle 2: [0, 3, 24, 23, 12, 4, 1, 0]\nvehicle 3: [0, 18, 15, 14, 2, 21, 22, 25, 0]\nvehicle 4: [0, 20, 7, 16, 8, 5, 13, 6, 0]\n"
}