{
   "max_completion_time": {
                             "4": 182.70000000000073,
                             "2": 184.8999999999983,
                             "3": 184.8999999999983,
                             "1": 186.79999999999876
                          },
                  "name": "R108-25",
            "solve_time": 600.0153408050537,
          "relative_gap": 1,
                 "route": {
                             "4": [
                                    0,
                                    18,
                                    15,
                                    23,
                                    2,
                                    22,
                                    13,
                                    0
                                  ],
                             "2": [
                                    0,
                                    12,
                                    1,
                                    24,
                                    3,
                                    9,
                                    20,
                                    19,
                                    0
                                  ],
                             "3": [
                                    0,
                                    5,
                                    11,
                                    7,
                                    17,
                                    10,
                                    0
                                  ],
                             "1": [
                                    0,
                                    14,
                                    16,
                                    6,
                                    8,
                                    21,
                                    4,
                                    25,
                                    0
                                  ]
                          },
          "obj_function": 12.299999999993387,
             "total_com": 2526.399999999974,
           "num_vehicle": 4,
           "solver_name": "Gurobi",
                   "tex": "vehicle 1: [0, 14, 16, 6, 8, 21, 4, 25, 0]\nvehicle 2: [0, 12, 1, 24, 3, 9, 20, 19, 0]\nvehicle 3: [0, 5, 11, 7, 17, 10, 0]\nvehicle 4: [0, 18, 15, 23, 2, 22, 13, 0]\n"
}