{
   "max_completion_time": {
                             "5": 192,
                             "4": 192.5999999999985,
                             "2": 191.89999999999415,
                             "3": 190.50000089673188,
                             "1": 192.49999999999994
                          },
                  "name": "R109-25",
            "solve_time": 600.0152809619904,
          "relative_gap": 1,
                 "route": {
                             "5": [
                                    0,
                                    12,
                                    21,
                                    9,
                                    3,
                                    13,
                                    0
                                  ],
                             "4": [
                                    0,
                                    14,
                                    8,
                                    20,
                                    4,
                                    0
                                  ],
                             "2": [
                                    0,
                                    2,
                                    16,
                                    5,
                                    7,
                                    10,
                                    17,
                                    0
                                  ],
                             "3": [
                                    0,
                                    15,
                                    23,
                                    22,
                                    6,
                                    25,
                                    0
                                  ],
                             "1": [
                                    0,
                                    11,
                                    19,
                                    18,
                                    24,
                                    1,
                                    0
                                  ]
                          },
          "obj_function": 9.599996413077292,
             "total_com": 2809.999999999971,
           "num_vehicle": 5,
           "solver_name": "Gurobi",
                   "tex": "vehicle 1: [0, 11, 19, 18, 24, 1, 0]\nvehicle 2: [0, 2, 16, 5, 7, 10, 17, 0]\nvehicle 3: [0, 15, 23, 22, 6, 25, 0]\nvehicle 4: [0, 14, 8, 20, 4, 0]\nvehicle 5: [0, 12, 21, 9, 3, 13, 0]\n"
}