{
   "max_completion_time": {
                             "5": 185.6999999999971,
                             "4": 186.09999999999854,
                             "2": 185.40000000000143,
                             "3": 186.39999999999782,
                             "1": 186.5999999999981
                          },
                  "name": "R111-25",
            "solve_time": 600.0140891075134,
          "relative_gap": 1,
                 "route": {
                             "5": [
                                    0,
                                    16,
                                    21,
                                    19,
                                    17,
                                    0
                                  ],
                             "4": [
                                    0,
                                    15,
                                    23,
                                    22,
                                    14,
                                    5,
                                    0
                                  ],
                             "2": [
                                    0,
                                    2,
                                    8,
                                    10,
                                    20,
                                    1,
                                    0
                                  ],
                             "3": [
                                    0,
                                    11,
                                    9,
                                    3,
                                    24,
                                    25,
                                    0
                                  ],
                             "1": [
                                    0,
                                    12,
                                    7,
                                    18,
                                    6,
                                    4,
                                    13,
                                    0
                                  ]
                          },
          "obj_function": 6.199999332141273,
             "total_com": 2962.699999999978,
           "num_vehicle": 5,
           "solver_name": "Gurobi",
                   "tex": "vehicle 1: [0, 12, 7, 18, 6, 4, 13, 0]\nvehicle 2: [0, 2, 8, 10, 20, 1, 0]\nvehicle 3: [0, 11, 9, 3, 24, 25, 0]\nvehicle 4: [0, 15, 23, 22, 14, 5, 0]\nvehicle 5: [0, 16, 21, 19, 17, 0]\n"
}