{
   "max_completion_time": {
                             "4": 194.79999999999927,
                             "2": 193.7999999999986,
                             "3": 194.3999999999957,
                             "1": 194.40000000000146
                          },
                  "name": "R112-25",
            "solve_time": 600.0103709697723,
          "relative_gap": 1,
                 "route": {
                             "4": [
                                    0,
                                    14,
                                    16,
                                    5,
                                    6,
                                    12,
                                    17,
                                    0
                                  ],
                             "2": [
                                    0,
                                    7,
                                    18,
                                    8,
                                    11,
                                    10,
                                    20,
                                    1,
                                    0
                                  ],
                             "3": [
                                    0,
                                    2,
                                    23,
                                    22,
                                    15,
                                    21,
                                    25,
                                    24,
                                    0
                                  ],
                             "1": [
                                    0,
                                    19,
                                    9,
                                    3,
                                    13,
                                    4,
                                    0
                                  ]
                          },
          "obj_function": 3.0000000000010454,
             "total_com": 2837.0999999999676,
           "num_vehicle": 4,
           "solver_name": "Gurobi",
                   "tex": "vehicle 1: [0, 19, 9, 3, 13, 4, 0]\nvehicle 2: [0, 7, 18, 8, 11, 10, 20, 1, 0]\nvehicle 3: [0, 2, 23, 22, 15, 21, 25, 24, 0]\nvehicle 4: [0, 14, 16, 5, 6, 12, 17, 0]\n"
}