{
   "max_completion_time": {
                             "4": 759.2000000000007,
                             "2": 827,
                             "3": 760.4000000000015,
                             "1": 743
                          },
                  "name": "R201-25",
            "solve_time": 74.96431684494019,
          "relative_gap": 0,
                 "route": {
                             "4": [
                                    0,
                                    2,
                                    21,
                                    15,
                                    12,
                                    19,
                                    22,
                                    6,
                                    1,
                                    4,
                                    0
                                  ],
                             "2": [
                                    0,
                                    5,
                                    7,
                                    16,
                                    25,
                                    0
                                  ],
                             "3": [
                                    0,
                                    14,
                                    23,
                                    11,
                                    24,
                                    13,
                                    0
                                  ],
                             "1": [
                                    0,
                                    8,
                                    18,
                                    9,
                                    3,
                                    10,
                                    20,
                                    17,
                                    0
                                  ]
                          },
          "obj_function": 253.20000000000073,
             "total_com": 11082.300000000007,
           "num_vehicle": 4,
           "solver_name": "Gurobi",
                   "tex": "vehicle 1: [0, 8, 18, 9, 3, 10, 20, 17, 0]\nvehicle 2: [0, 5, 7, 16, 25, 0]\nvehicle 3: [0, 14, 23, 11, 24, 13, 0]\nvehicle 4: [0, 2, 21, 15, 12, 19, 22, 6, 1, 4, 0]\n"
}