{
   "max_completion_time": {
                             "5": 774.0000000000048,
                             "4": 827,
                             "6": 783,
                             "2": 784.199999999996,
                             "3": 765.999999999998,
                             "1": 761.800000000002
                          },
                  "name": "R201-50",
            "solve_time": 600.0216019153595,
          "relative_gap": 1,
                 "route": {
                             "5": [
                                    0,
                                    47,
                                    14,
                                    23,
                                    31,
                                    44,
                                    19,
                                    9,
                                    6,
                                    49,
                                    46,
                                    10,
                                    20,
                                    43,
                                    1,
                                    0
                                  ],
                             "4": [
                                    0,
                                    27,
                                    41,
                                    40,
                                    8,
                                    25,
                                    0
                                  ],
                             "6": [
                                    0,
                                    28,
                                    33,
                                    2,
                                    15,
                                    12,
                                    11,
                                    50,
                                    3,
                                    48,
                                    0
                                  ],
                             "2": [
                                    0,
                                    29,
                                    21,
                                    30,
                                    16,
                                    24,
                                    17,
                                    0
                                  ],
                             "3": [
                                    0,
                                    45,
                                    42,
                                    7,
                                    38,
                                    22,
                                    37,
                                    26,
                                    32,
                                    4,
                                    0
                                  ],
                             "1": [
                                    0,
                                    36,
                                    39,
                                    5,
                                    18,
                                    34,
                                    13,
                                    35,
                                    0
                                  ]
                          },
          "obj_function": 389.59999999996745,
             "total_com": 21112.899999999987,
           "num_vehicle": 6,
           "solver_name": "Gurobi",
                   "tex": "vehicle 1: [0, 36, 39, 5, 18, 34, 13, 35, 0]\nvehicle 2: [0, 29, 21, 30, 16, 24, 17, 0]\nvehicle 3: [0, 45, 42, 7, 38, 22, 37, 26, 32, 4, 0]\nvehicle 4: [0, 27, 41, 40, 8, 25, 0]\nvehicle 5: [0, 47, 14, 23, 31, 44, 19, 9, 6, 49, 46, 10, 20, 43, 1, 0]\nvehicle 6: [0, 28, 33, 2, 15, 12, 11, 50, 3, 48, 0]\n"
}