{
   "max_completion_time": {
                             "2": 827,
                             "1": 825.9000000000015
                          },
                  "name": "R201-25",
            "solve_time": 204,
          "relative_gap": 0,
                 "route": {
                             "2": [
                                    0,
                                    11,
                                    16,
                                    19,
                                    8,
                                    18,
                                    25,
                                    0
                                  ],
                             "1": [
                                    0,
                                    14,
                                    2,
                                    5,
                                    21,
                                    15,
                                    23,
                                    12,
                                    7,
                                    9,
                                    22,
                                    6,
                                    3,
                                    10,
                                    20,
                                    4,
                                    24,
                                    1,
                                    13,
                                    17,
                                    0
                                  ]
                          },
          "obj_function": 1.0999999999985448,
             "total_com": 11400.09999999997,
           "num_vehicle": 2,
           "solver_name": "CPLEX",
                   "tex": "vehicle 1: [0, 14, 2, 5, 21, 15, 23, 12, 7, 9, 22, 6, 3, 10, 20, 4, 24, 1, 13, 17, 0]\nvehicle 2: [0, 11, 16, 19, 8, 18, 25, 0]\n"
}