{
   "max_completion_time": {
                             "4": 760.4000000000015,
                             "2": 827,
                             "3": 743,
                             "1": 759.2000000000007
                          },
                  "name": "R201-25",
            "solve_time": 151.20600008964539,
          "relative_gap": 0,
                 "route": {
                             "4": [
                                    0,
                                    23,
                                    21,
                                    11,
                                    9,
                                    6,
                                    22,
                                    24,
                                    13,
                                    0
                                  ],
                             "2": [
                                    0,
                                    5,
                                    20,
                                    25,
                                    0
                                  ],
                             "3": [
                                    0,
                                    2,
                                    14,
                                    15,
                                    12,
                                    19,
                                    7,
                                    18,
                                    8,
                                    3,
                                    17,
                                    0
                                  ],
                             "1": [
                                    0,
                                    16,
                                    10,
                                    1,
                                    4,
                                    0
                                  ]
                          },
          "obj_function": 253.20000000000073,
             "total_com": 10953.8,
           "num_vehicle": 4,
           "solver_name": "CPLEX",
                   "tex": "vehicle 1: [0, 16, 10, 1, 4, 0]\nvehicle 2: [0, 5, 20, 25, 0]\nvehicle 3: [0, 2, 14, 15, 12, 19, 7, 18, 8, 3, 17, 0]\nvehicle 4: [0, 23, 21, 11, 9, 6, 22, 24, 13, 0]\n"
}