{
   "max_completion_time": {
                             "4": 830.0999999980022,
                             "2": 826.9000000000019,
                             "3": 827,
                             "1": 833.6999999960008
                          },
                  "name": "R202-25",
            "solve_time": 3601.4100000858307,
          "relative_gap": 0.9999999999957447,
                 "route": {
                             "4": [
                                    0,
                                    15,
                                    11,
                                    20,
                                    17,
                                    1,
                                    13,
                                    0
                                  ],
                             "2": [
                                    0,
                                    23,
                                    19,
                                    9,
                                    24,
                                    5,
                                    3,
                                    0
                                  ],
                             "3": [
                                    0,
                                    16,
                                    8,
                                    18,
                                    6,
                                    22,
                                    10,
                                    25,
                                    0
                                  ],
                             "1": [
                                    0,
                                    14,
                                    4,
                                    7,
                                    12,
                                    21,
                                    2,
                                    0
                                  ]
                          },
          "obj_function": 23.499999985998784,
             "total_com": 14035.799999997009,
           "num_vehicle": 4,
           "solver_name": "CPLEX",
                   "tex": "vehicle 1: [0, 14, 4, 7, 12, 21, 2, 0]\nvehicle 2: [0, 23, 19, 9, 24, 5, 3, 0]\nvehicle 3: [0, 16, 8, 18, 6, 22, 10, 25, 0]\nvehicle 4: [0, 15, 11, 20, 17, 1, 13, 0]\n"
}