{
   "max_completion_time": {
                             "4": 828.6999999999923,
                             "2": 831.0999999013196,
                             "3": 827,
                             "1": 828.7999999999969
                          },
                  "name": "R202-25",
            "solve_time": 458.42467498779297,
          "relative_gap": 1,
                 "route": {
                             "4": [
                                    0,
                                    15,
                                    11,
                                    19,
                                    9,
                                    20,
                                    24,
                                    12,
                                    7,
                                    2,
                                    0
                                  ],
                             "2": [
                                    0,
                                    10,
                                    17,
                                    21,
                                    3,
                                    0
                                  ],
                             "3": [
                                    0,
                                    16,
                                    6,
                                    25,
                                    0
                                  ],
                             "1": [
                                    0,
                                    14,
                                    23,
                                    18,
                                    8,
                                    22,
                                    13,
                                    4,
                                    5,
                                    1,
                                    0
                                  ]
                          },
          "obj_function": 12.399999605745645,
             "total_com": 13856.19999990133,
           "num_vehicle": 4,
           "solver_name": "Gurobi",
                   "tex": "vehicle 1: [0, 14, 23, 18, 8, 22, 13, 4, 5, 1, 0]\nvehicle 2: [0, 10, 17, 21, 3, 0]\nvehicle 3: [0, 16, 6, 25, 0]\nvehicle 4: [0, 15, 11, 19, 9, 20, 24, 12, 7, 2, 0]\n"
}