{
   "max_completion_time": {
                             "5": 800.3999999999855,
                             "4": 798.6999999999831,
                             "2": 804.1999999999997,
                             "3": 806.0999999999957,
                             "1": 827
                          },
                  "name": "R202-50",
            "solve_time": 600.0211009979248,
          "relative_gap": 1,
                 "route": {
                             "5": [
                                    0,
                                    33,
                                    36,
                                    22,
                                    6,
                                    32,
                                    50,
                                    21,
                                    35,
                                    0
                                  ],
                             "4": [
                                    0,
                                    11,
                                    29,
                                    30,
                                    8,
                                    43,
                                    5,
                                    4,
                                    3,
                                    2,
                                    0
                                  ],
                             "2": [
                                    0,
                                    14,
                                    42,
                                    27,
                                    19,
                                    16,
                                    9,
                                    41,
                                    10,
                                    7,
                                    20,
                                    17,
                                    13,
                                    26,
                                    0
                                  ],
                             "3": [
                                    0,
                                    1,
                                    12,
                                    39,
                                    38,
                                    18,
                                    40,
                                    49,
                                    24,
                                    31,
                                    34,
                                    0
                                  ],
                             "1": [
                                    0,
                                    48,
                                    45,
                                    47,
                                    28,
                                    15,
                                    23,
                                    44,
                                    37,
                                    46,
                                    25,
                                    0
                                  ]
                          },
          "obj_function": 124.60000000004803,
             "total_com": 21340.399999999936,
           "num_vehicle": 5,
           "solver_name": "Gurobi",
                   "tex": "vehicle 1: [0, 48, 45, 47, 28, 15, 23, 44, 37, 46, 25, 0]\nvehicle 2: [0, 14, 42, 27, 19, 16, 9, 41, 10, 7, 20, 17, 13, 26, 0]\nvehicle 3: [0, 1, 12, 39, 38, 18, 40, 49, 24, 31, 34, 0]\nvehicle 4: [0, 11, 29, 30, 8, 43, 5, 4, 3, 2, 0]\nvehicle 5: [0, 33, 36, 22, 6, 32, 50, 21, 35, 0]\n"
}