{
   "max_completion_time": {
                             "2": 827,
                             "3": 827,
                             "1": 827.0999999959986
                          },
                  "name": "R203-25",
            "solve_time": 3600.8099999427795,
          "relative_gap": 0.9999999995,
                 "route": {
                             "2": [
                                    0,
                                    11,
                                    15,
                                    9,
                                    22,
                                    16,
                                    14,
                                    21,
                                    10,
                                    2,
                                    7,
                                    19,
                                    13,
                                    5,
                                    0
                                  ],
                             "3": [
                                    0,
                                    24,
                                    23,
                                    18,
                                    6,
                                    8,
                                    20,
                                    25,
                                    0
                                  ],
                             "1": [
                                    0,
                                    4,
                                    12,
                                    1,
                                    3,
                                    17,
                                    0
                                  ]
                          },
          "obj_function": 0.19999997999727998,
             "total_com": 13930.000000016003,
           "num_vehicle": 3,
           "solver_name": "CPLEX",
                   "tex": "vehicle 1: [0, 4, 12, 1, 3, 17, 0]\nvehicle 2: [0, 11, 15, 9, 22, 16, 14, 21, 10, 2, 7, 19, 13, 5, 0]\nvehicle 3: [0, 24, 23, 18, 6, 8, 20, 25, 0]\n"
}