{
   "max_completion_time": {
                             "5": 903.6999999999971,
                             "4": 843.1999999990045,
                             "2": 823.3999999999942,
                             "3": 637.6999999999971,
                             "1": 827
                          },
                  "name": "R203-50",
            "solve_time": 3606.0329999923706,
          "relative_gap": 0.9999999999999093,
                 "route": {
                             "5": [
                                    0,
                                    27,
                                    7,
                                    5,
                                    40,
                                    17,
                                    35,
                                    14,
                                    0
                                  ],
                             "4": [
                                    0,
                                    39,
                                    45,
                                    23,
                                    30,
                                    44,
                                    49,
                                    48,
                                    13,
                                    4,
                                    3,
                                    2,
                                    43,
                                    0
                                  ],
                             "2": [
                                    0,
                                    36,
                                    33,
                                    42,
                                    15,
                                    8,
                                    18,
                                    46,
                                    31,
                                    28,
                                    24,
                                    10,
                                    1,
                                    26,
                                    32,
                                    12,
                                    19,
                                    0
                                  ],
                             "3": [
                                    0,
                                    11,
                                    9,
                                    22,
                                    41,
                                    21,
                                    47,
                                    29,
                                    0
                                  ],
                             "1": [
                                    0,
                                    34,
                                    38,
                                    6,
                                    16,
                                    50,
                                    20,
                                    37,
                                    25,
                                    0
                                  ]
                          },
          "obj_function": 1103.5999999980206,
             "total_com": 23880.79999999499,
           "num_vehicle": 5,
           "solver_name": "CPLEX",
                   "tex": "vehicle 1: [0, 34, 38, 6, 16, 50, 20, 37, 25, 0]\nvehicle 2: [0, 36, 33, 42, 15, 8, 18, 46, 31, 28, 24, 10, 1, 26, 32, 12, 19, 0]\nvehicle 3: [0, 11, 9, 22, 41, 21, 47, 29, 0]\nvehicle 4: [0, 39, 45, 23, 30, 44, 49, 48, 13, 4, 3, 2, 43, 0]\nvehicle 5: [0, 27, 7, 5, 40, 17, 35, 14, 0]\n"
}