{
   "max_completion_time": {
                             "2": 827,
                             "3": 827,
                             "1": 827
                          },
                  "name": "R203-25",
            "solve_time": 150.60775995254517,
          "relative_gap": 0,
                 "route": {
                             "2": [
                                    0,
                                    23,
                                    22,
                                    20,
                                    17,
                                    7,
                                    21,
                                    0
                                  ],
                             "3": [
                                    0,
                                    11,
                                    19,
                                    9,
                                    8,
                                    6,
                                    5,
                                    25,
                                    0
                                  ],
                             "1": [
                                    0,
                                    15,
                                    1,
                                    12,
                                    3,
                                    2,
                                    24,
                                    16,
                                    10,
                                    13,
                                    4,
                                    14,
                                    18,
                                    0
                                  ]
                          },
          "obj_function": 0,
             "total_com": 12407.099999999991,
           "num_vehicle": 3,
           "solver_name": "Gurobi",
                   "tex": "vehicle 1: [0, 15, 1, 12, 3, 2, 24, 16, 10, 13, 4, 14, 18, 0]\nvehicle 2: [0, 23, 22, 20, 17, 7, 21, 0]\nvehicle 3: [0, 11, 19, 9, 8, 6, 5, 25, 0]\n"
}