{
   "max_completion_time": {
                             "2": 827,
                             "1": 827
                          },
                  "name": "R204-25",
            "solve_time": 42.54221796989441,
          "relative_gap": 0,
                 "route": {
                             "2": [
                                    0,
                                    2,
                                    24,
                                    21,
                                    15,
                                    1,
                                    20,
                                    4,
                                    25,
                                    0
                                  ],
                             "1": [
                                    0,
                                    14,
                                    10,
                                    7,
                                    22,
                                    23,
                                    11,
                                    8,
                                    9,
                                    19,
                                    6,
                                    5,
                                    16,
                                    3,
                                    18,
                                    13,
                                    12,
                                    17,
                                    0
                                  ]
                          },
          "obj_function": 0,
             "total_com": 10263.499999999969,
           "num_vehicle": 2,
           "solver_name": "Gurobi",
                   "tex": "vehicle 1: [0, 14, 10, 7, 22, 23, 11, 8, 9, 19, 6, 5, 16, 3, 18, 13, 12, 17, 0]\nvehicle 2: [0, 2, 24, 21, 15, 1, 20, 4, 25, 0]\n"
}