{
   "max_completion_time": {
                             "2": 726,
                             "3": 726.3999999900016,
                             "1": 726.5999999970022
                          },
                  "name": "R205-25",
            "solve_time": 3600.9240000247955,
          "relative_gap": 0.9999999999166667,
                 "route": {
                             "2": [
                                    0,
                                    15,
                                    2,
                                    5,
                                    23,
                                    11,
                                    8,
                                    16,
                                    19,
                                    10,
                                    24,
                                    25,
                                    0
                                  ],
                             "3": [
                                    0,
                                    18,
                                    12,
                                    21,
                                    7,
                                    22,
                                    9,
                                    6,
                                    20,
                                    3,
                                    17,
                                    0
                                  ],
                             "1": [
                                    0,
                                    14,
                                    13,
                                    4,
                                    1,
                                    0
                                  ]
                          },
          "obj_function": 1.1999999750045982,
             "total_com": 11205.900000012003,
           "num_vehicle": 3,
           "solver_name": "CPLEX",
                   "tex": "vehicle 1: [0, 14, 13, 4, 1, 0]\nvehicle 2: [0, 15, 2, 5, 23, 11, 8, 16, 19, 10, 24, 25, 0]\nvehicle 3: [0, 18, 12, 21, 7, 22, 9, 6, 20, 3, 17, 0]\n"
}