{
   "max_completion_time": {
                             "4": 767.6999994028938,
                             "2": 768.2999999999998,
                             "3": 762.8000000000017,
                             "1": 771.9000000000015
                          },
                  "name": "R205-50",
            "solve_time": 600.0333409309387,
          "relative_gap": 1,
                 "route": {
                             "4": [
                                    0,
                                    33,
                                    30,
                                    31,
                                    21,
                                    12,
                                    22,
                                    41,
                                    49,
                                    3,
                                    9,
                                    46,
                                    34,
                                    43,
                                    37,
                                    0
                                  ],
                             "2": [
                                    0,
                                    2,
                                    44,
                                    15,
                                    39,
                                    8,
                                    6,
                                    26,
                                    4,
                                    24,
                                    50,
                                    1,
                                    20,
                                    35,
                                    0
                                  ],
                             "3": [
                                    0,
                                    42,
                                    27,
                                    11,
                                    5,
                                    36,
                                    38,
                                    7,
                                    19,
                                    18,
                                    17,
                                    25,
                                    0
                                  ],
                             "1": [
                                    0,
                                    47,
                                    45,
                                    14,
                                    16,
                                    29,
                                    28,
                                    23,
                                    40,
                                    10,
                                    32,
                                    48,
                                    13,
                                    0
                                  ]
                          },
          "obj_function": 27.899999402878148,
             "total_com": 20181.299999402938,
           "num_vehicle": 4,
           "solver_name": "Gurobi",
                   "tex": "vehicle 1: [0, 47, 45, 14, 16, 29, 28, 23, 40, 10, 32, 48, 13, 0]\nvehicle 2: [0, 2, 44, 15, 39, 8, 6, 26, 4, 24, 50, 1, 20, 35, 0]\nvehicle 3: [0, 42, 27, 11, 5, 36, 38, 7, 19, 18, 17, 25, 0]\nvehicle 4: [0, 33, 30, 31, 21, 12, 22, 41, 49, 3, 9, 46, 34, 43, 37, 0]\n"
}