{
   "max_completion_time": {
                             "2": 726.5999999994134,
                             "3": 726,
                             "1": 726.0999999999973
                          },
                  "name": "R205-25",
            "solve_time": 600.0130307674408,
          "relative_gap": 1,
                 "route": {
                             "2": [
                                    0,
                                    16,
                                    5,
                                    15,
                                    19,
                                    11,
                                    12,
                                    13,
                                    4,
                                    1,
                                    0
                                  ],
                             "3": [
                                    0,
                                    14,
                                    6,
                                    18,
                                    24,
                                    25,
                                    0
                                  ],
                             "1": [
                                    0,
                                    7,
                                    21,
                                    2,
                                    23,
                                    9,
                                    22,
                                    8,
                                    20,
                                    10,
                                    3,
                                    17,
                                    0
                                  ]
                          },
          "obj_function": 1.1999999985314556,
             "total_com": 11397.300000000161,
           "num_vehicle": 3,
           "solver_name": "Gurobi",
                   "tex": "vehicle 1: [0, 7, 21, 2, 23, 9, 22, 8, 20, 10, 3, 17, 0]\nvehicle 2: [0, 16, 5, 15, 19, 11, 12, 13, 4, 1, 0]\nvehicle 3: [0, 14, 6, 18, 24, 25, 0]\n"
}