{
   "max_completion_time": {
                             "2": 773.5999999999985,
                             "3": 773.5,
                             "1": 773
                          },
                  "name": "R206-25",
            "solve_time": 600.0085618495941,
          "relative_gap": 1,
                 "route": {
                             "2": [
                                    0,
                                    25,
                                    1,
                                    0
                                  ],
                             "3": [
                                    0,
                                    23,
                                    16,
                                    14,
                                    3,
                                    15,
                                    19,
                                    8,
                                    9,
                                    22,
                                    21,
                                    7,
                                    24,
                                    2,
                                    5,
                                    0
                                  ],
                             "1": [
                                    0,
                                    11,
                                    18,
                                    20,
                                    6,
                                    10,
                                    13,
                                    17,
                                    12,
                                    4,
                                    0
                                  ]
                          },
          "obj_function": 1.1999999999970896,
             "total_com": 13133.499999999982,
           "num_vehicle": 3,
           "solver_name": "Gurobi",
                   "tex": "vehicle 1: [0, 11, 18, 20, 6, 10, 13, 17, 12, 4, 0]\nvehicle 2: [0, 25, 1, 0]\nvehicle 3: [0, 23, 16, 14, 3, 15, 19, 8, 9, 22, 21, 7, 24, 2, 5, 0]\n"
}