{
   "max_completion_time": {
                             "2": 762.2000000000007,
                             "3": 762.000000005,
                             "1": 762.000000005
                          },
                  "name": "R206-25",
            "solve_time": 3601.9670000076294,
          "relative_gap": 0.99999999975,
                 "route": {
                             "2": [
                                    0,
                                    21,
                                    23,
                                    9,
                                    8,
                                    22,
                                    10,
                                    17,
                                    24,
                                    0
                                  ],
                             "3": [
                                    0,
                                    14,
                                    16,
                                    15,
                                    11,
                                    19,
                                    18,
                                    4,
                                    12,
                                    5,
                                    25,
                                    0
                                  ],
                             "1": [
                                    0,
                                    20,
                                    6,
                                    7,
                                    2,
                                    1,
                                    13,
                                    3,
                                    0
                                  ]
                          },
          "obj_function": 0.3999999870015715,
             "total_com": 12099.699999984983,
           "num_vehicle": 3,
           "solver_name": "CPLEX",
                   "tex": "vehicle 1: [0, 20, 6, 7, 2, 1, 13, 3, 0]\nvehicle 2: [0, 21, 23, 9, 8, 22, 10, 17, 24, 0]\nvehicle 3: [0, 14, 16, 15, 11, 19, 18, 4, 12, 5, 25, 0]\n"
}