{
   "max_completion_time": {
                             "2": 798.2999999999988,
                             "3": 798.2000000000007,
                             "1": 798.2000000000007
                          },
                  "name": "R207-25",
            "solve_time": 600.0127317905426,
          "relative_gap": 1,
                 "route": {
                             "2": [
                                    0,
                                    8,
                                    10,
                                    22,
                                    13,
                                    3,
                                    4,
                                    14,
                                    16,
                                    0
                                  ],
                             "3": [
                                    0,
                                    11,
                                    15,
                                    2,
                                    19,
                                    23,
                                    1,
                                    9,
                                    6,
                                    24,
                                    5,
                                    7,
                                    25,
                                    12,
                                    18,
                                    0
                                  ],
                             "1": [
                                    0,
                                    17,
                                    21,
                                    20,
                                    0
                                  ]
                          },
          "obj_function": 0.19999999999618012,
             "total_com": 14165.999999999995,
           "num_vehicle": 3,
           "solver_name": "Gurobi",
                   "tex": "vehicle 1: [0, 17, 21, 20, 0]\nvehicle 2: [0, 8, 10, 22, 13, 3, 4, 14, 16, 0]\nvehicle 3: [0, 11, 15, 2, 19, 23, 1, 9, 6, 24, 5, 7, 25, 12, 18, 0]\n"
}