{
   "max_completion_time": {
                             "1": 973.1999999999971
                          },
                  "name": "R208-25",
            "solve_time": 6.6744160652160645,
          "relative_gap": 0,
                 "route": {
                             "1": [
                                    0,
                                    2,
                                    6,
                                    15,
                                    23,
                                    24,
                                    19,
                                    1,
                                    9,
                                    20,
                                    11,
                                    10,
                                    21,
                                    17,
                                    8,
                                    14,
                                    22,
                                    3,
                                    25,
                                    12,
                                    13,
                                    4,
                                    16,
                                    7,
                                    5,
                                    18,
                                    0
                                  ]
                          },
          "obj_function": 0,
             "total_com": 12913.19999999999,
           "num_vehicle": 1,
           "solver_name": "Gurobi",
                   "tex": "vehicle 1: [0, 2, 6, 15, 23, 24, 19, 1, 9, 20, 11, 10, 21, 17, 8, 14, 22, 3, 25, 12, 13, 4, 16, 7, 5, 18, 0]\n"
}