{
   "max_completion_time": {
                             "2": 749.6000000000022,
                             "1": 749.5999999999985
                          },
                  "name": "R209-25",
            "solve_time": 171.8652720451355,
          "relative_gap": 0,
                 "route": {
                             "2": [
                                    0,
                                    23,
                                    15,
                                    19,
                                    18,
                                    12,
                                    6,
                                    8,
                                    9,
                                    10,
                                    24,
                                    4,
                                    1,
                                    13,
                                    0
                                  ],
                             "1": [
                                    0,
                                    21,
                                    5,
                                    7,
                                    2,
                                    16,
                                    14,
                                    22,
                                    11,
                                    3,
                                    17,
                                    20,
                                    25,
                                    0
                                  ]
                          },
          "obj_function": 0,
             "total_com": 11270.099999999999,
           "num_vehicle": 2,
           "solver_name": "Gurobi",
                   "tex": "vehicle 1: [0, 21, 5, 7, 2, 16, 14, 22, 11, 3, 17, 20, 25, 0]\nvehicle 2: [0, 23, 15, 19, 18, 12, 6, 8, 9, 10, 24, 4, 1, 13, 0]\n"
}