{
   "max_completion_time": {
                             "2": 748.5999999999985,
                             "1": 748.5999999999985
                          },
                  "name": "R209-25",
            "solve_time": 19.51699995994568,
          "relative_gap": 0,
                 "route": {
                             "2": [
                                    0,
                                    12,
                                    11,
                                    5,
                                    16,
                                    7,
                                    21,
                                    23,
                                    8,
                                    9,
                                    3,
                                    20,
                                    6,
                                    24,
                                    13,
                                    0
                                  ],
                             "1": [
                                    0,
                                    19,
                                    15,
                                    2,
                                    22,
                                    18,
                                    17,
                                    14,
                                    1,
                                    10,
                                    4,
                                    25,
                                    0
                                  ]
                          },
          "obj_function": 0,
             "total_com": 11660.59999999998,
           "num_vehicle": 2,
           "solver_name": "CPLEX",
                   "tex": "vehicle 1: [0, 19, 15, 2, 22, 18, 17, 14, 1, 10, 4, 25, 0]\nvehicle 2: [0, 12, 11, 5, 16, 7, 21, 23, 8, 9, 3, 20, 6, 24, 13, 0]\n"
}