{
   "max_completion_time": {
                             "4": 765.5999999999983,
                             "2": 765.5999999999983,
                             "3": 765.4000000000005,
                             "1": 767.4999999999917
                          },
                  "name": "R209-50",
            "solve_time": 600.0374400615692,
          "relative_gap": 1,
                 "route": {
                             "4": [
                                    0,
                                    45,
                                    47,
                                    23,
                                    28,
                                    14,
                                    16,
                                    5,
                                    21,
                                    38,
                                    11,
                                    22,
                                    49,
                                    1,
                                    17,
                                    39,
                                    0
                                  ],
                             "2": [
                                    0,
                                    2,
                                    29,
                                    44,
                                    40,
                                    8,
                                    31,
                                    19,
                                    30,
                                    13,
                                    34,
                                    32,
                                    48,
                                    35,
                                    0
                                  ],
                             "3": [
                                    0,
                                    27,
                                    15,
                                    41,
                                    42,
                                    18,
                                    10,
                                    43,
                                    26,
                                    50,
                                    37,
                                    24,
                                    0
                                  ],
                             "1": [
                                    0,
                                    7,
                                    12,
                                    9,
                                    33,
                                    4,
                                    6,
                                    3,
                                    36,
                                    46,
                                    20,
                                    25,
                                    0
                                  ]
                          },
          "obj_function": 6.299999999972878,
             "total_com": 21223.899999999943,
           "num_vehicle": 4,
           "solver_name": "Gurobi",
                   "tex": "vehicle 1: [0, 7, 12, 9, 33, 4, 6, 3, 36, 46, 20, 25, 0]\nvehicle 2: [0, 2, 29, 44, 40, 8, 31, 19, 30, 13, 34, 32, 48, 35, 0]\nvehicle 3: [0, 27, 15, 41, 42, 18, 10, 43, 26, 50, 37, 24, 0]\nvehicle 4: [0, 45, 47, 23, 28, 14, 16, 5, 21, 38, 11, 22, 49, 1, 17, 39, 0]\n"
}