{
   "max_completion_time": {
                             "4": 831.1999999999971,
                             "2": 815.2999999999956,
                             "3": 836,
                             "1": 805.4000000000015
                          },
                  "name": "R210-50",
            "solve_time": 600.0215508937836,
          "relative_gap": 1,
                 "route": {
                             "4": [
                                    0,
                                    45,
                                    33,
                                    19,
                                    27,
                                    30,
                                    36,
                                    9,
                                    29,
                                    8,
                                    22,
                                    41,
                                    31,
                                    10,
                                    5,
                                    3,
                                    48,
                                    32,
                                    0
                                  ],
                             "2": [
                                    0,
                                    16,
                                    42,
                                    1,
                                    11,
                                    35,
                                    17,
                                    2,
                                    20,
                                    0
                                  ],
                             "3": [
                                    0,
                                    23,
                                    40,
                                    26,
                                    38,
                                    47,
                                    28,
                                    14,
                                    43,
                                    12,
                                    34,
                                    13,
                                    25,
                                    0
                                  ],
                             "1": [
                                    0,
                                    15,
                                    39,
                                    44,
                                    37,
                                    18,
                                    24,
                                    49,
                                    6,
                                    21,
                                    7,
                                    4,
                                    50,
                                    46,
                                    0
                                  ]
                          },
          "obj_function": 107.69999999999709,
             "total_com": 24021.199999999968,
           "num_vehicle": 4,
           "solver_name": "Gurobi",
                   "tex": "vehicle 1: [0, 15, 39, 44, 37, 18, 24, 49, 6, 21, 7, 4, 50, 46, 0]\nvehicle 2: [0, 16, 42, 1, 11, 35, 17, 2, 20, 0]\nvehicle 3: [0, 23, 40, 26, 38, 47, 28, 14, 43, 12, 34, 13, 25, 0]\nvehicle 4: [0, 45, 33, 19, 27, 30, 36, 9, 29, 8, 22, 41, 31, 10, 5, 3, 48, 32, 0]\n"
}