{
   "max_completion_time": {
                             "2": 836.1000000000022,
                             "3": 836,
                             "1": 836
                          },
                  "name": "R210-25",
            "solve_time": 3603.6129999160767,
          "relative_gap": 0.9999999995,
                 "route": {
                             "2": [
                                    0,
                                    21,
                                    16,
                                    15,
                                    11,
                                    9,
                                    22,
                                    12,
                                    18,
                                    7,
                                    10,
                                    14,
                                    1,
                                    3,
                                    4,
                                    2,
                                    17,
                                    0
                                  ],
                             "3": [
                                    0,
                                    23,
                                    8,
                                    13,
                                    5,
                                    24,
                                    20,
                                    0
                                  ],
                             "1": [
                                    0,
                                    19,
                                    6,
                                    25,
                                    0
                                  ]
                          },
          "obj_function": 0.20000000000436557,
             "total_com": 13095.000000000033,
           "num_vehicle": 3,
           "solver_name": "CPLEX",
                   "tex": "vehicle 1: [0, 19, 6, 25, 0]\nvehicle 2: [0, 21, 16, 15, 11, 9, 22, 12, 18, 7, 10, 14, 1, 3, 4, 2, 17, 0]\nvehicle 3: [0, 23, 8, 13, 5, 24, 20, 0]\n"
}