{
   "max_completion_time": {
                             "2": 835.999999999984,
                             "3": 836.0000000000059,
                             "1": 836
                          },
                  "name": "R210-25",
            "solve_time": 68.87571406364441,
          "relative_gap": 0,
                 "route": {
                             "2": [
                                    0,
                                    15,
                                    23,
                                    19,
                                    8,
                                    24,
                                    22,
                                    14,
                                    3,
                                    10,
                                    7,
                                    12,
                                    1,
                                    13,
                                    20,
                                    0
                                  ],
                             "3": [
                                    0,
                                    11,
                                    18,
                                    16,
                                    6,
                                    9,
                                    17,
                                    21,
                                    2,
                                    4,
                                    5,
                                    0
                                  ],
                             "1": [
                                    0,
                                    25,
                                    0
                                  ]
                          },
          "obj_function": 0,
             "total_com": 13829.399999999918,
           "num_vehicle": 3,
           "solver_name": "Gurobi",
                   "tex": "vehicle 1: [0, 25, 0]\nvehicle 2: [0, 15, 23, 19, 8, 24, 22, 14, 3, 10, 7, 12, 1, 13, 20, 0]\nvehicle 3: [0, 11, 18, 16, 6, 9, 17, 21, 2, 4, 5, 0]\n"
}