{
   "max_completion_time": {
                             "2": 678.4000000000015,
                             "1": 678.4000000000015
                          },
                  "name": "R211-25",
            "solve_time": 840.8229999542236,
          "relative_gap": 0,
                 "route": {
                             "2": [
                                    0,
                                    7,
                                    15,
                                    14,
                                    16,
                                    18,
                                    2,
                                    5,
                                    22,
                                    6,
                                    4,
                                    17,
                                    9,
                                    10,
                                    0
                                  ],
                             "1": [
                                    0,
                                    11,
                                    19,
                                    21,
                                    12,
                                    8,
                                    25,
                                    23,
                                    3,
                                    20,
                                    24,
                                    1,
                                    13,
                                    0
                                  ]
                          },
          "obj_function": 0,
             "total_com": 10038.799999999992,
           "num_vehicle": 2,
           "solver_name": "CPLEX",
                   "tex": "vehicle 1: [0, 11, 19, 21, 12, 8, 25, 23, 3, 20, 24, 1, 13, 0]\nvehicle 2: [0, 7, 15, 14, 16, 18, 2, 5, 22, 6, 4, 17, 9, 10, 0]\n"
}