{
   "max_completion_time": {
                             "2": 709.6999999999971,
                             "1": 709.6999999999971
                          },
                  "name": "R211-25",
            "solve_time": 54.812411069869995,
          "relative_gap": 0,
                 "route": {
                             "2": [
                                    0,
                                    22,
                                    19,
                                    16,
                                    11,
                                    24,
                                    10,
                                    18,
                                    3,
                                    25,
                                    1,
                                    0
                                  ],
                             "1": [
                                    0,
                                    5,
                                    2,
                                    12,
                                    21,
                                    8,
                                    15,
                                    23,
                                    20,
                                    6,
                                    14,
                                    17,
                                    7,
                                    9,
                                    4,
                                    13,
                                    0
                                  ]
                          },
          "obj_function": 0,
             "total_com": 10772.79999999997,
           "num_vehicle": 2,
           "solver_name": "Gurobi",
                   "tex": "vehicle 1: [0, 5, 2, 12, 21, 8, 15, 23, 20, 6, 14, 17, 7, 9, 4, 13, 0]\nvehicle 2: [0, 22, 19, 16, 11, 24, 10, 18, 3, 25, 1, 0]\n"
}