{
   "max_completion_time": {
                             "2": 185.29999999999566,
                             "3": 185.2999999999994,
                             "1": 185.2999999999994
                          },
                  "name": "RC106-25",
            "solve_time": 44.49394392967224,
          "relative_gap": 0,
                 "route": {
                             "2": [
                                    0,
                                    14,
                                    12,
                                    11,
                                    15,
                                    16,
                                    9,
                                    17,
                                    10,
                                    13,
                                    0
                                  ],
                             "3": [
                                    0,
                                    5,
                                    8,
                                    2,
                                    7,
                                    6,
                                    3,
                                    1,
                                    4,
                                    0
                                  ],
                             "1": [
                                    0,
                                    23,
                                    21,
                                    22,
                                    19,
                                    18,
                                    20,
                                    25,
                                    24,
                                    0
                                  ]
                          },
          "obj_function": 0,
             "total_com": 2946.999999999971,
           "num_vehicle": 3,
           "solver_name": "Gurobi",
                   "tex": "vehicle 1: [0, 23, 21, 22, 19, 18, 20, 25, 24, 0]\nvehicle 2: [0, 14, 12, 11, 15, 16, 9, 17, 10, 13, 0]\nvehicle 3: [0, 5, 8, 2, 7, 6, 3, 1, 4, 0]\n"
}