{
   "max_completion_time": {
                             "2": 183,
                             "3": 184,
                             "1": 183
                          },
                  "name": "RC103-25",
            "solve_time": 600.009593963623,
          "relative_gap": 1,
                 "route": {
                             "2": [
                                    0,
                                    2,
                                    3,
                                    8,
                                    6,
                                    7,
                                    4,
                                    1,
                                    5,
                                    0
                                  ],
                             "3": [
                                    0,
                                    24,
                                    14,
                                    15,
                                    11,
                                    9,
                                    10,
                                    13,
                                    16,
                                    17,
                                    0
                                  ],
                             "1": [
                                    0,
                                    12,
                                    21,
                                    23,
                                    22,
                                    20,
                                    19,
                                    25,
                                    18,
                                    0
                                  ]
                          },
          "obj_function": 1.999999999999918,
             "total_com": 2746.599999999994,
           "num_vehicle": 3,
           "solver_name": "Gurobi",
                   "tex": "vehicle 1: [0, 12, 21, 23, 22, 20, 19, 25, 18, 0]\nvehicle 2: [0, 2, 3, 8, 6, 7, 4, 1, 5, 0]\nvehicle 3: [0, 24, 14, 15, 11, 9, 10, 13, 16, 17, 0]\n"
}