{
   "max_completion_time": {
                             "2": 193.400000457145,
                             "3": 194.19999999999754,
                             "1": 194.19999999666376
                          },
                  "name": "RC102-25",
            "solve_time": 600.0208609104156,
          "relative_gap": 1,
                 "route": {
                             "2": [
                                    0,
                                    23,
                                    19,
                                    18,
                                    22,
                                    20,
                                    24,
                                    25,
                                    21,
                                    0
                                  ],
                             "3": [
                                    0,
                                    14,
                                    15,
                                    11,
                                    16,
                                    9,
                                    10,
                                    13,
                                    17,
                                    12,
                                    0
                                  ],
                             "1": [
                                    0,
                                    2,
                                    8,
                                    6,
                                    7,
                                    5,
                                    4,
                                    3,
                                    1,
                                    0
                                  ]
                          },
          "obj_function": 1.5999986257849126,
             "total_com": 3236.3000004571268,
           "num_vehicle": 3,
           "solver_name": "Gurobi",
                   "tex": "vehicle 1: [0, 2, 8, 6, 7, 5, 4, 3, 1, 0]\nvehicle 2: [0, 23, 19, 18, 22, 20, 24, 25, 21, 0]\nvehicle 3: [0, 14, 15, 11, 16, 9, 10, 13, 17, 12, 0]\n"
}