{
   "max_completion_time": {
                             "4": 164.19999999399715,
                             "2": 178.39999999900147,
                             "3": 172.79999999499933,
                             "1": 173.69999998600088
                          },
                  "name": "RC101-25",
            "solve_time": 317.5809998512268,
          "relative_gap": 0,
                 "route": {
                             "4": [
                                    0,
                                    12,
                                    11,
                                    16,
                                    9,
                                    10,
                                    17,
                                    0
                                  ],
                             "2": [
                                    0,
                                    21,
                                    23,
                                    19,
                                    18,
                                    20,
                                    24,
                                    25,
                                    0
                                  ],
                             "3": [
                                    0,
                                    5,
                                    2,
                                    7,
                                    8,
                                    6,
                                    3,
                                    4,
                                    1,
                                    0
                                  ],
                             "1": [
                                    0,
                                    14,
                                    15,
                                    22,
                                    13,
                                    0
                                  ]
                          },
          "obj_function": 43.499999952014996,
             "total_com": 2888.8000000069956,
           "num_vehicle": 4,
           "solver_name": "CPLEX",
                   "tex": "vehicle 1: [0, 14, 15, 22, 13, 0]\nvehicle 2: [0, 21, 23, 19, 18, 20, 24, 25, 0]\nvehicle 3: [0, 5, 2, 7, 8, 6, 3, 4, 1, 0]\nvehicle 4: [0, 12, 11, 16, 9, 10, 17, 0]\n"
}