{
   "max_completion_time": {
                             "2": 178.90000000499776,
                             "3": 178.40000001200133,
                             "1": 180.09999999799857
                          },
                  "name": "RC102-25",
            "solve_time": 3601.880000114441,
          "relative_gap": 0.9999999999705882,
                 "route": {
                             "2": [
                                    0,
                                    12,
                                    1,
                                    5,
                                    8,
                                    2,
                                    6,
                                    7,
                                    4,
                                    3,
                                    0
                                  ],
                             "3": [
                                    0,
                                    21,
                                    23,
                                    19,
                                    18,
                                    22,
                                    20,
                                    24,
                                    25,
                                    0
                                  ],
                             "1": [
                                    0,
                                    14,
                                    11,
                                    15,
                                    16,
                                    9,
                                    10,
                                    17,
                                    13,
                                    0
                                  ]
                          },
          "obj_function": 3.399999982994327,
             "total_com": 2812.9999999959964,
           "num_vehicle": 3,
           "solver_name": "CPLEX",
                   "tex": "vehicle 1: [0, 14, 11, 15, 16, 9, 10, 17, 13, 0]\nvehicle 2: [0, 12, 1, 5, 8, 2, 6, 7, 4, 3, 0]\nvehicle 3: [0, 21, 23, 19, 18, 22, 20, 24, 25, 0]\n"
}