{
   "max_completion_time": {
                             "4": 172.7999991044503,
                             "2": 178.40000000000146,
                             "3": 173.70000000000073,
                             "1": 164.19999999999658
                          },
                  "name": "RC101-25",
            "solve_time": 80.0948121547699,
          "relative_gap": 0,
                 "route": {
                             "4": [
                                    0,
                                    5,
                                    2,
                                    7,
                                    8,
                                    6,
                                    3,
                                    4,
                                    1,
                                    0
                                  ],
                             "2": [
                                    0,
                                    23,
                                    19,
                                    21,
                                    18,
                                    20,
                                    24,
                                    25,
                                    0
                                  ],
                             "3": [
                                    0,
                                    15,
                                    22,
                                    13,
                                    0
                                  ],
                             "1": [
                                    0,
                                    14,
                                    12,
                                    11,
                                    16,
                                    9,
                                    10,
                                    17,
                                    0
                                  ]
                          },
          "obj_function": 43.499999104465225,
             "total_com": 2890.7999964177984,
           "num_vehicle": 4,
           "solver_name": "Gurobi",
                   "tex": "vehicle 1: [0, 14, 12, 11, 16, 9, 10, 17, 0]\nvehicle 2: [0, 23, 19, 21, 18, 20, 24, 25, 0]\nvehicle 3: [0, 15, 22, 13, 0]\nvehicle 4: [0, 5, 2, 7, 8, 6, 3, 4, 1, 0]\n"
}