{
   "max_completion_time": {
                             "4": 182.29999999999896,
                             "2": 181.9999999999994,
                             "3": 181.90000029950582,
                             "1": 183.09999999999854
                          },
                  "name": "RC105-25",
            "solve_time": 600.013247013092,
          "relative_gap": 1,
                 "route": {
                             "4": [
                                    0,
                                    14,
                                    12,
                                    15,
                                    9,
                                    4,
                                    3,
                                    0
                                  ],
                             "2": [
                                    0,
                                    21,
                                    19,
                                    23,
                                    22,
                                    18,
                                    20,
                                    24,
                                    25,
                                    0
                                  ],
                             "3": [
                                    0,
                                    5,
                                    8,
                                    6,
                                    2,
                                    7,
                                    1,
                                    0
                                  ],
                             "1": [
                                    0,
                                    11,
                                    16,
                                    10,
                                    13,
                                    17,
                                    0
                                  ]
                          },
          "obj_function": 3.8999991014773263,
             "total_com": 3002.0999999999835,
           "num_vehicle": 4,
           "solver_name": "Gurobi",
                   "tex": "vehicle 1: [0, 11, 16, 10, 13, 17, 0]\nvehicle 2: [0, 21, 19, 23, 22, 18, 20, 24, 25, 0]\nvehicle 3: [0, 5, 8, 6, 2, 7, 1, 0]\nvehicle 4: [0, 14, 12, 15, 9, 4, 3, 0]\n"
}