{
   "max_completion_time": {
                             "2": 180.59999999999854,
                             "3": 180.59999999999854,
                             "1": 180.59999999999854
                          },
                  "name": "RC106-25",
            "solve_time": 864.085000038147,
          "relative_gap": 0,
                 "route": {
                             "2": [
                                    0,
                                    23,
                                    21,
                                    19,
                                    18,
                                    22,
                                    25,
                                    20,
                                    24,
                                    0
                                  ],
                             "3": [
                                    0,
                                    14,
                                    12,
                                    11,
                                    16,
                                    15,
                                    9,
                                    10,
                                    17,
                                    13,
                                    0
                                  ],
                             "1": [
                                    0,
                                    5,
                                    2,
                                    7,
                                    8,
                                    3,
                                    6,
                                    1,
                                    4,
                                    0
                                  ]
                          },
          "obj_function": 0,
             "total_com": 2828.5999999999804,
           "num_vehicle": 3,
           "solver_name": "CPLEX",
                   "tex": "vehicle 1: [0, 5, 2, 7, 8, 3, 6, 1, 4, 0]\nvehicle 2: [0, 23, 21, 19, 18, 22, 25, 20, 24, 0]\nvehicle 3: [0, 14, 12, 11, 16, 15, 9, 10, 17, 13, 0]\n"
}