{
   "max_completion_time": {
                             "2": 879.5000000000036,
                             "1": 879.5000000000036
                          },
                  "name": "RC203-25",
            "solve_time": 63.16600012779236,
          "relative_gap": 0,
                 "route": {
                             "2": [
                                    0,
                                    15,
                                    6,
                                    19,
                                    22,
                                    13,
                                    14,
                                    4,
                                    16,
                                    17,
                                    24,
                                    25,
                                    0
                                  ],
                             "1": [
                                    0,
                                    2,
                                    12,
                                    21,
                                    23,
                                    11,
                                    8,
                                    9,
                                    5,
                                    18,
                                    10,
                                    7,
                                    1,
                                    20,
                                    3,
                                    0
                                  ]
                          },
          "obj_function": 0,
             "total_com": 13317.200000000037,
           "num_vehicle": 2,
           "solver_name": "CPLEX",
                   "tex": "vehicle 1: [0, 2, 12, 21, 23, 11, 8, 9, 5, 18, 10, 7, 1, 20, 3, 0]\nvehicle 2: [0, 15, 6, 19, 22, 13, 14, 4, 16, 17, 24, 25, 0]\n"
}