{
   "max_completion_time": {
                             "2": 794,
                             "3": 794.0000000079963,
                             "1": 794.1999999959971
                          },
                  "name": "RC204-25",
            "solve_time": 3601.440999984741,
          "relative_gap": 0.99999999975,
                 "route": {
                             "2": [
                                    0,
                                    3,
                                    6,
                                    18,
                                    24,
                                    25,
                                    0
                                  ],
                             "3": [
                                    0,
                                    23,
                                    22,
                                    14,
                                    15,
                                    11,
                                    9,
                                    1,
                                    21,
                                    7,
                                    5,
                                    4,
                                    2,
                                    20,
                                    10,
                                    0
                                  ],
                             "1": [
                                    0,
                                    12,
                                    8,
                                    13,
                                    19,
                                    16,
                                    17,
                                    0
                                  ]
                          },
          "obj_function": 0.39999998399796527,
             "total_com": 11448.299999972965,
           "num_vehicle": 3,
           "solver_name": "CPLEX",
                   "tex": "vehicle 1: [0, 12, 8, 13, 19, 16, 17, 0]\nvehicle 2: [0, 3, 6, 18, 24, 25, 0]\nvehicle 3: [0, 23, 22, 14, 15, 11, 9, 1, 21, 7, 5, 4, 2, 20, 10, 0]\n"
}