{
   "max_completion_time": {
                             "5": 780,
                             "4": 779.3999999999936,
                             "2": 790.999999999992,
                             "3": 794,
                             "1": 781.2999999999952
                          },
                  "name": "RC201-50",
            "solve_time": 600.0239281654358,
          "relative_gap": 1,
                 "route": {
                             "5": [
                                    0,
                                    14,
                                    27,
                                    38,
                                    22,
                                    49,
                                    20,
                                    4,
                                    43,
                                    13,
                                    0
                                  ],
                             "4": [
                                    0,
                                    45,
                                    42,
                                    2,
                                    6,
                                    41,
                                    37,
                                    10,
                                    24,
                                    35,
                                    0
                                  ],
                             "2": [
                                    0,
                                    33,
                                    44,
                                    8,
                                    7,
                                    50,
                                    3,
                                    32,
                                    17,
                                    0
                                  ],
                             "3": [
                                    0,
                                    5,
                                    39,
                                    11,
                                    47,
                                    12,
                                    16,
                                    15,
                                    21,
                                    18,
                                    19,
                                    46,
                                    34,
                                    25,
                                    0
                                  ],
                             "1": [
                                    0,
                                    36,
                                    31,
                                    29,
                                    28,
                                    30,
                                    23,
                                    40,
                                    9,
                                    26,
                                    1,
                                    48,
                                    0
                                  ]
                          },
          "obj_function": 80.40000000000934,
             "total_com": 20101.49999999998,
           "num_vehicle": 5,
           "solver_name": "Gurobi",
                   "tex": "vehicle 1: [0, 36, 31, 29, 28, 30, 23, 40, 9, 26, 1, 48, 0]\nvehicle 2: [0, 33, 44, 8, 7, 50, 3, 32, 17, 0]\nvehicle 3: [0, 5, 39, 11, 47, 12, 16, 15, 21, 18, 19, 46, 34, 25, 0]\nvehicle 4: [0, 45, 42, 2, 6, 41, 37, 10, 24, 35, 0]\nvehicle 5: [0, 14, 27, 38, 22, 49, 20, 4, 43, 13, 0]\n"
}