{
   "max_completion_time": {
                             "2": 922.8999999999955,
                             "3": 922.5999999999985,
                             "1": 922.7999999999975
                          },
                  "name": "RC203-25",
            "solve_time": 600.0097348690033,
          "relative_gap": 1,
                 "route": {
                             "2": [
                                    0,
                                    10,
                                    13,
                                    5,
                                    19,
                                    16,
                                    7,
                                    0
                                  ],
                             "3": [
                                    0,
                                    11,
                                    23,
                                    22,
                                    9,
                                    17,
                                    1,
                                    2,
                                    3,
                                    21,
                                    24,
                                    0
                                  ],
                             "1": [
                                    0,
                                    15,
                                    6,
                                    8,
                                    4,
                                    18,
                                    25,
                                    12,
                                    14,
                                    20,
                                    0
                                  ]
                          },
          "obj_function": 0.5999999999922532,
             "total_com": 16546.19999999999,
           "num_vehicle": 3,
           "solver_name": "Gurobi",
                   "tex": "vehicle 1: [0, 15, 6, 8, 4, 18, 25, 12, 14, 20, 0]\nvehicle 2: [0, 10, 13, 5, 19, 16, 7, 0]\nvehicle 3: [0, 11, 23, 22, 9, 17, 1, 2, 3, 21, 24, 0]\n"
}