{
   "max_completion_time": {
                             "2": 794,
                             "3": 794.1999999960008,
                             "1": 794
                          },
                  "name": "RC203-25",
            "solve_time": 3601.455999851227,
          "relative_gap": 0.99999999975,
                 "route": {
                             "2": [
                                    0,
                                    24,
                                    23,
                                    19,
                                    20,
                                    6,
                                    2,
                                    22,
                                    1,
                                    12,
                                    16,
                                    21,
                                    3,
                                    0
                                  ],
                             "3": [
                                    0,
                                    9,
                                    8,
                                    5,
                                    13,
                                    7,
                                    4,
                                    14,
                                    17,
                                    0
                                  ],
                             "1": [
                                    0,
                                    18,
                                    11,
                                    15,
                                    10,
                                    25,
                                    0
                                  ]
                          },
          "obj_function": 0.3999999910015398,
             "total_com": 12097.199999991004,
           "num_vehicle": 3,
           "solver_name": "CPLEX",
                   "tex": "vehicle 1: [0, 18, 11, 15, 10, 25, 0]\nvehicle 2: [0, 24, 23, 19, 20, 6, 2, 22, 1, 12, 16, 21, 3, 0]\nvehicle 3: [0, 9, 8, 5, 13, 7, 4, 14, 17, 0]\n"
}