{
   "max_completion_time": {
                             "5": 774.6999999989971,
                             "4": 768.4000000010014,
                             "2": 793.999999997,
                             "3": 768.700000007997,
                             "1": 748.4000000030014
                          },
                  "name": "RC201-50",
            "solve_time": 3604.811000108719,
          "relative_gap": 0.9999999999994872,
                 "route": {
                             "5": [
                                    0,
                                    45,
                                    44,
                                    2,
                                    11,
                                    12,
                                    38,
                                    50,
                                    3,
                                    1,
                                    48,
                                    0
                                  ],
                             "4": [
                                    0,
                                    39,
                                    36,
                                    15,
                                    21,
                                    29,
                                    30,
                                    7,
                                    24,
                                    4,
                                    0
                                  ],
                             "2": [
                                    0,
                                    47,
                                    16,
                                    22,
                                    49,
                                    9,
                                    10,
                                    13,
                                    25,
                                    0
                                  ],
                             "3": [
                                    0,
                                    5,
                                    33,
                                    19,
                                    8,
                                    40,
                                    41,
                                    46,
                                    6,
                                    34,
                                    35,
                                    43,
                                    17,
                                    0
                                  ],
                             "1": [
                                    0,
                                    14,
                                    42,
                                    31,
                                    27,
                                    28,
                                    23,
                                    18,
                                    20,
                                    26,
                                    37,
                                    32,
                                    0
                                  ]
                          },
          "obj_function": 194.999999937986,
             "total_com": 20517.899999977988,
           "num_vehicle": 5,
           "solver_name": "CPLEX",
                   "tex": "vehicle 1: [0, 14, 42, 31, 27, 28, 23, 18, 20, 26, 37, 32, 0]\nvehicle 2: [0, 47, 16, 22, 49, 9, 10, 13, 25, 0]\nvehicle 3: [0, 5, 33, 19, 8, 40, 41, 46, 6, 34, 35, 43, 17, 0]\nvehicle 4: [0, 39, 36, 15, 21, 29, 30, 7, 24, 4, 0]\nvehicle 5: [0, 45, 44, 2, 11, 12, 38, 50, 3, 1, 48, 0]\n"
}