{
   "max_completion_time": {
                             "5": 822.0999999999985,
                             "4": 794,
                             "2": 809.6999999999971,
                             "3": 852.8000000000029,
                             "1": 840.9000000000015
                          },
                  "name": "RC202-50",
            "solve_time": 600.134425163269,
          "relative_gap": 1,
                 "route": {
                             "5": [
                                    0,
                                    31,
                                    2,
                                    14,
                                    30,
                                    28,
                                    6,
                                    41,
                                    20,
                                    10,
                                    43,
                                    24,
                                    26,
                                    0
                                  ],
                             "4": [
                                    0,
                                    36,
                                    27,
                                    11,
                                    15,
                                    22,
                                    18,
                                    49,
                                    46,
                                    25,
                                    0
                                  ],
                             "2": [
                                    0,
                                    47,
                                    45,
                                    44,
                                    29,
                                    35,
                                    17,
                                    5,
                                    0
                                  ],
                             "3": [
                                    0,
                                    33,
                                    39,
                                    23,
                                    16,
                                    19,
                                    9,
                                    4,
                                    13,
                                    50,
                                    48,
                                    21,
                                    0
                                  ],
                             "1": [
                                    0,
                                    7,
                                    1,
                                    12,
                                    42,
                                    38,
                                    8,
                                    40,
                                    32,
                                    37,
                                    3,
                                    34,
                                    0
                                  ]
                          },
          "obj_function": 297.6000000000204,
             "total_com": 21100.199999999975,
           "num_vehicle": 5,
           "solver_name": "Gurobi",
                   "tex": "vehicle 1: [0, 7, 1, 12, 42, 38, 8, 40, 32, 37, 3, 34, 0]\nvehicle 2: [0, 47, 45, 44, 29, 35, 17, 5, 0]\nvehicle 3: [0, 33, 39, 23, 16, 19, 9, 4, 13, 50, 48, 21, 0]\nvehicle 4: [0, 36, 27, 11, 15, 22, 18, 49, 46, 25, 0]\nvehicle 5: [0, 31, 2, 14, 30, 28, 6, 41, 20, 10, 43, 24, 26, 0]\n"
}