{
   "max_completion_time": {
                             "2": 837.599999999996,
                             "3": 831,
                             "1": 834.4999999999927
                          },
                  "name": "RC205-25",
            "solve_time": 133.95781707763672,
          "relative_gap": 0,
                 "route": {
                             "2": [
                                    0,
                                    2,
                                    19,
                                    22,
                                    18,
                                    6,
                                    13,
                                    3,
                                    24,
                                    0
                                  ],
                             "3": [
                                    0,
                                    5,
                                    11,
                                    21,
                                    25,
                                    0
                                  ],
                             "1": [
                                    0,
                                    15,
                                    14,
                                    23,
                                    16,
                                    9,
                                    8,
                                    12,
                                    7,
                                    10,
                                    20,
                                    4,
                                    17,
                                    1,
                                    0
                                  ]
                          },
          "obj_function": 13.19999999999148,
             "total_com": 11865.499999999965,
           "num_vehicle": 3,
           "solver_name": "Gurobi",
                   "tex": "vehicle 1: [0, 15, 14, 23, 16, 9, 8, 12, 7, 10, 20, 4, 17, 1, 0]\nvehicle 2: [0, 2, 19, 22, 18, 6, 13, 3, 24, 0]\nvehicle 3: [0, 5, 11, 21, 25, 0]\n"
}