{
   "max_completion_time": {
                             "2": 799.2000000000007,
                             "1": 799.2000000000007
                          },
                  "name": "RC201-25",
            "solve_time": 3.315999984741211,
          "relative_gap": 0,
                 "route": {
                             "2": [
                                    0,
                                    12,
                                    2,
                                    11,
                                    18,
                                    9,
                                    8,
                                    6,
                                    20,
                                    4,
                                    24,
                                    17,
                                    0
                                  ],
                             "1": [
                                    0,
                                    5,
                                    14,
                                    15,
                                    21,
                                    23,
                                    19,
                                    16,
                                    7,
                                    22,
                                    10,
                                    3,
                                    1,
                                    13,
                                    25,
                                    0
                                  ]
                          },
          "obj_function": 0,
             "total_com": 11149.899999999992,
           "num_vehicle": 2,
           "solver_name": "CPLEX",
                   "tex": "vehicle 1: [0, 5, 14, 15, 21, 23, 19, 16, 7, 22, 10, 3, 1, 13, 25, 0]\nvehicle 2: [0, 12, 2, 11, 18, 9, 8, 6, 20, 4, 24, 17, 0]\n"
}