{
   "max_completion_time": {
                             "2": 793.9000000000015,
                             "3": 793.9999999999964,
                             "1": 794
                          },
                  "name": "RC204-25",
            "solve_time": 600.0126299858093,
          "relative_gap": 1,
                 "route": {
                             "2": [
                                    0,
                                    16,
                                    5,
                                    23,
                                    13,
                                    2,
                                    1,
                                    17,
                                    0
                                  ],
                             "3": [
                                    0,
                                    22,
                                    7,
                                    19,
                                    11,
                                    12,
                                    15,
                                    10,
                                    9,
                                    21,
                                    6,
                                    20,
                                    4,
                                    14,
                                    24,
                                    18,
                                    0
                                  ],
                             "1": [
                                    0,
                                    3,
                                    8,
                                    25,
                                    0
                                  ]
                          },
          "obj_function": 0.19999999999708962,
             "total_com": 10499.19999999999,
           "num_vehicle": 3,
           "solver_name": "Gurobi",
                   "tex": "vehicle 1: [0, 3, 8, 25, 0]\nvehicle 2: [0, 16, 5, 23, 13, 2, 1, 17, 0]\nvehicle 3: [0, 22, 7, 19, 11, 12, 15, 10, 9, 21, 6, 20, 4, 14, 24, 18, 0]\n"
}