{
   "max_completion_time": {
                             "2": 658,
                             "1": 657.9999999999935
                          },
                  "name": "RC208-25",
            "solve_time": 30.669003009796143,
          "relative_gap": 0,
                 "route": {
                             "2": [
                                    0,
                                    21,
                                    19,
                                    12,
                                    23,
                                    16,
                                    11,
                                    2,
                                    24,
                                    25,
                                    13,
                                    1,
                                    3,
                                    6,
                                    5,
                                    17,
                                    0
                                  ],
                             "1": [
                                    0,
                                    7,
                                    8,
                                    18,
                                    15,
                                    9,
                                    10,
                                    14,
                                    22,
                                    4,
                                    20,
                                    0
                                  ]
                          },
          "obj_function": 0,
             "total_com": 9874.699999999957,
           "num_vehicle": 2,
           "solver_name": "Gurobi",
                   "tex": "vehicle 1: [0, 7, 8, 18, 15, 9, 10, 14, 22, 4, 20, 0]\nvehicle 2: [0, 21, 19, 12, 23, 16, 11, 2, 24, 25, 13, 1, 3, 6, 5, 17, 0]\n"
}