{
   "max_completion_time": {
                             "2": 795.2999999979993,
                             "3": 794.4999999889965,
                             "1": 794.0000000000005
                          },
                  "name": "RC201-25",
            "solve_time": 47.401999950408936,
          "relative_gap": 0,
                 "route": {
                             "2": [
                                    0,
                                    14,
                                    16,
                                    23,
                                    18,
                                    1,
                                    13,
                                    24,
                                    0
                                  ],
                             "3": [
                                    0,
                                    21,
                                    15,
                                    19,
                                    7,
                                    8,
                                    9,
                                    3,
                                    10,
                                    20,
                                    4,
                                    17,
                                    0
                                  ],
                             "1": [
                                    0,
                                    2,
                                    5,
                                    11,
                                    12,
                                    6,
                                    22,
                                    25,
                                    0
                                  ]
                          },
          "obj_function": 2.599999972997889,
             "total_com": 11308.79999997298,
           "num_vehicle": 3,
           "solver_name": "CPLEX",
                   "tex": "vehicle 1: [0, 2, 5, 11, 12, 6, 22, 25, 0]\nvehicle 2: [0, 14, 16, 23, 18, 1, 13, 24, 0]\nvehicle 3: [0, 21, 15, 19, 7, 8, 9, 3, 10, 20, 4, 17, 0]\n"
}