{
   "max_completion_time": {
                             "2": 831.6999999999935,
                             "3": 837.5999999999985,
                             "1": 831
                          },
                  "name": "RC205-25",
            "solve_time": 130.07799983024597,
          "relative_gap": 0,
                 "route": {
                             "2": [
                                    0,
                                    14,
                                    23,
                                    2,
                                    22,
                                    21,
                                    9,
                                    5,
                                    7,
                                    10,
                                    20,
                                    4,
                                    17,
                                    1,
                                    0
                                  ],
                             "3": [
                                    0,
                                    19,
                                    15,
                                    6,
                                    8,
                                    13,
                                    3,
                                    24,
                                    0
                                  ],
                             "1": [
                                    0,
                                    11,
                                    12,
                                    16,
                                    18,
                                    25,
                                    0
                                  ]
                          },
          "obj_function": 13.19999999999709,
             "total_com": 12044.499999999975,
           "num_vehicle": 3,
           "solver_name": "CPLEX",
                   "tex": "vehicle 1: [0, 11, 12, 16, 18, 25, 0]\nvehicle 2: [0, 14, 23, 2, 22, 21, 9, 5, 7, 10, 20, 4, 17, 1, 0]\nvehicle 3: [0, 19, 15, 6, 8, 13, 3, 24, 0]\n"
}