{
   "max_completion_time": {
                             "2": 794.0999999999951,
                             "3": 795.2999999999993,
                             "1": 794
                          },
                  "name": "RC201-25",
            "solve_time": 9.636543035507202,
          "relative_gap": 0,
                 "route": {
                             "2": [
                                    0,
                                    14,
                                    5,
                                    15,
                                    2,
                                    21,
                                    23,
                                    19,
                                    7,
                                    22,
                                    3,
                                    20,
                                    4,
                                    17,
                                    0
                                  ],
                             "3": [
                                    0,
                                    16,
                                    18,
                                    9,
                                    8,
                                    6,
                                    1,
                                    13,
                                    24,
                                    0
                                  ],
                             "1": [
                                    0,
                                    12,
                                    11,
                                    10,
                                    25,
                                    0
                                  ]
                          },
          "obj_function": 2.59999999999833,
             "total_com": 11228.599999999973,
           "num_vehicle": 3,
           "solver_name": "Gurobi",
                   "tex": "vehicle 1: [0, 12, 11, 10, 25, 0]\nvehicle 2: [0, 14, 5, 15, 2, 21, 23, 19, 7, 22, 3, 20, 4, 17, 0]\nvehicle 3: [0, 16, 18, 9, 8, 6, 1, 13, 24, 0]\n"
}