{
   "max_completion_time": {
                             "2": 676.5999999969986,
                             "3": 676.5,
                             "1": 676.5999999969986
                          },
                  "name": "RC207-25",
            "solve_time": 3600.906000137329,
          "relative_gap": 0.9999999995,
                 "route": {
                             "2": [
                                    0,
                                    23,
                                    12,
                                    14,
                                    2,
                                    24,
                                    10,
                                    17,
                                    0
                                  ],
                             "3": [
                                    0,
                                    15,
                                    5,
                                    21,
                                    16,
                                    11,
                                    19,
                                    18,
                                    7,
                                    9,
                                    6,
                                    4,
                                    8,
                                    13,
                                    20,
                                    0
                                  ],
                             "1": [
                                    0,
                                    3,
                                    25,
                                    22,
                                    1,
                                    0
                                  ]
                          },
          "obj_function": 0.19999999399715307,
             "total_com": 10395.799999995006,
           "num_vehicle": 3,
           "solver_name": "CPLEX",
                   "tex": "vehicle 1: [0, 3, 25, 22, 1, 0]\nvehicle 2: [0, 23, 12, 14, 2, 24, 10, 17, 0]\nvehicle 3: [0, 15, 5, 21, 16, 11, 19, 18, 7, 9, 6, 4, 8, 13, 20, 0]\n"
}