{
   "max_completion_time": {
                             "2": 885,
                             "3": 884.9999999999964,
                             "1": 885
                          },
                  "name": "RC202-25",
            "solve_time": 487.49731492996216,
          "relative_gap": 0,
                 "route": {
                             "2": [
                                    0,
                                    14,
                                    9,
                                    25,
                                    3,
                                    0
                                  ],
                             "3": [
                                    0,
                                    23,
                                    11,
                                    15,
                                    16,
                                    19,
                                    18,
                                    22,
                                    8,
                                    6,
                                    10,
                                    20,
                                    4,
                                    2,
                                    13,
                                    7,
                                    12,
                                    21,
                                    0
                                  ],
                             "1": [
                                    0,
                                    24,
                                    5,
                                    17,
                                    1,
                                    0
                                  ]
                          },
          "obj_function": 0,
             "total_com": 14103.199999999957,
           "num_vehicle": 3,
           "solver_name": "Gurobi",
                   "tex": "vehicle 1: [0, 24, 5, 17, 1, 0]\nvehicle 2: [0, 14, 9, 25, 3, 0]\nvehicle 3: [0, 23, 11, 15, 16, 19, 18, 22, 8, 6, 10, 20, 4, 2, 13, 7, 12, 21, 0]\n"
}