{
   "max_completion_time": {
                             "2": 708.399999999997,
                             "3": 708.4000000000015,
                             "1": 708.2999999999993
                          },
                  "name": "RC206-25",
            "solve_time": 600.0112709999084,
          "relative_gap": 1,
                 "route": {
                             "2": [
                                    0,
                                    2,
                                    15,
                                    23,
                                    14,
                                    19,
                                    12,
                                    6,
                                    20,
                                    9,
                                    10,
                                    1,
                                    17,
                                    13,
                                    0
                                  ],
                             "3": [
                                    0,
                                    18,
                                    11,
                                    24,
                                    4,
                                    0
                                  ],
                             "1": [
                                    0,
                                    16,
                                    7,
                                    5,
                                    21,
                                    8,
                                    22,
                                    3,
                                    25,
                                    0
                                  ]
                          },
          "obj_function": 0.1999999999997043,
             "total_com": 10956.699999999993,
           "num_vehicle": 3,
           "solver_name": "Gurobi",
                   "tex": "vehicle 1: [0, 16, 7, 5, 21, 8, 22, 3, 25, 0]\nvehicle 2: [0, 2, 15, 23, 14, 19, 12, 6, 20, 9, 10, 1, 17, 13, 0]\nvehicle 3: [0, 18, 11, 24, 4, 0]\n"
}