{
   "max_completion_time": {
                             "2": 628.3999999987283,
                             "3": 628.2000000001569,
                             "1": 628.2999999994422
                          },
                  "name": "RC207-25",
            "solve_time": 600.0112850666046,
          "relative_gap": 1,
                 "route": {
                             "2": [
                                    0,
                                    13,
                                    20,
                                    24,
                                    25,
                                    0
                                  ],
                             "3": [
                                    0,
                                    18,
                                    19,
                                    14,
                                    8,
                                    22,
                                    4,
                                    0
                                  ],
                             "1": [
                                    0,
                                    2,
                                    23,
                                    21,
                                    16,
                                    7,
                                    5,
                                    11,
                                    12,
                                    17,
                                    9,
                                    15,
                                    3,
                                    6,
                                    10,
                                    1,
                                    0
                                  ]
                          },
          "obj_function": 0.39999999714189016,
             "total_com": 10431.599999995118,
           "num_vehicle": 3,
           "solver_name": "Gurobi",
                   "tex": "vehicle 1: [0, 2, 23, 21, 16, 7, 5, 11, 12, 17, 9, 15, 3, 6, 10, 1, 0]\nvehicle 2: [0, 13, 20, 24, 25, 0]\nvehicle 3: [0, 18, 19, 14, 8, 22, 4, 0]\n"
}