{
   "max_completion_time": {
                             "2": 934.5999999999985,
                             "3": 1003.9999999999997,
                             "1": 1004
                          },
                  "name": "C101-25",
            "solve_time": 0.1419999599456787,
          "relative_gap": 0,
                 "route": {
                             "2": [
                                    0,
                                    13,
                                    17,
                                    18,
                                    10,
                                    16,
                                    9,
                                    23,
                                    2,
                                    0
                                  ],
                             "3": [
                                    0,
                                    5,
                                    24,
                                    25,
                                    19,
                                    11,
                                    12,
                                    4,
                                    1,
                                    0
                                  ],
                             "1": [
                                    0,
                                    20,
                                    3,
                                    7,
                                    8,
                                    15,
                                    14,
                                    6,
                                    22,
                                    21,
                                    0
                                  ]
                          },
          "obj_function": 138.8000000000029,
             "total_com": 13193.699999999993,
           "num_vehicle": 3,
           "solver_name": "CPLEX",
                   "tex": "vehicle 1: [0, 20, 3, 7, 8, 15, 14, 6, 22, 21, 0]\nvehicle 2: [0, 13, 17, 18, 10, 16, 9, 23, 2, 0]\nvehicle 3: [0, 5, 24, 25, 19, 11, 12, 4, 1, 0]\n"
}