{
   "max_completion_time": {
                             "2": 867,
                             "3": 872,
                             "1": 902
                          },
                  "name": "C102-25",
            "solve_time": 21.561442852020264,
          "relative_gap": 0,
                 "route": {
                             "2": [
                                    0,
                                    2,
                                    24,
                                    25,
                                    19,
                                    15,
                                    9,
                                    5,
                                    23,
                                    0
                                  ],
                             "3": [
                                    0,
                                    13,
                                    17,
                                    18,
                                    10,
                                    16,
                                    14,
                                    12,
                                    4,
                                    0
                                  ],
                             "1": [
                                    0,
                                    20,
                                    21,
                                    7,
                                    8,
                                    3,
                                    11,
                                    1,
                                    6,
                                    22,
                                    0
                                  ]
                          },
          "obj_function": 70,
             "total_com": 12264.700000000003,
           "num_vehicle": 3,
           "solver_name": "Gurobi",
                   "tex": "vehicle 1: [0, 20, 21, 7, 8, 3, 11, 1, 6, 22, 0]\nvehicle 2: [0, 2, 24, 25, 19, 15, 9, 5, 23, 0]\nvehicle 3: [0, 13, 17, 18, 10, 16, 14, 12, 4, 0]\n"
}