{
   "max_completion_time": {
                             "2": 902,
                             "3": 872,
                             "1": 867
                          },
                  "name": "C102-25",
            "solve_time": 130.17199993133545,
          "relative_gap": 0,
                 "route": {
                             "2": [
                                    0,
                                    20,
                                    24,
                                    3,
                                    8,
                                    10,
                                    11,
                                    1,
                                    5,
                                    22,
                                    0
                                  ],
                             "3": [
                                    0,
                                    13,
                                    17,
                                    18,
                                    19,
                                    16,
                                    9,
                                    6,
                                    4,
                                    0
                                  ],
                             "1": [
                                    0,
                                    7,
                                    2,
                                    25,
                                    21,
                                    15,
                                    12,
                                    14,
                                    23,
                                    0
                                  ]
                          },
          "obj_function": 70,
             "total_com": 12195.800000000021,
           "num_vehicle": 3,
           "solver_name": "CPLEX",
                   "tex": "vehicle 1: [0, 7, 2, 25, 21, 15, 12, 14, 23, 0]\nvehicle 2: [0, 20, 24, 3, 8, 10, 11, 1, 5, 22, 0]\nvehicle 3: [0, 13, 17, 18, 19, 16, 9, 6, 4, 0]\n"
}