{
   "max_completion_time": {
                             "2": 867,
                             "3": 902.0000000000001,
                             "1": 822.4000000000013
                          },
                  "name": "C103-25",
            "solve_time": 112.28966498374939,
          "relative_gap": 0,
                 "route": {
                             "2": [
                                    0,
                                    13,
                                    17,
                                    16,
                                    10,
                                    11,
                                    9,
                                    3,
                                    23,
                                    0
                                  ],
                             "3": [
                                    0,
                                    12,
                                    24,
                                    25,
                                    20,
                                    21,
                                    7,
                                    1,
                                    5,
                                    22,
                                    0
                                  ],
                             "1": [
                                    0,
                                    18,
                                    14,
                                    19,
                                    8,
                                    15,
                                    2,
                                    6,
                                    4,
                                    0
                                  ]
                          },
          "obj_function": 159.19999999999754,
             "total_com": 12049.599999999995,
           "num_vehicle": 3,
           "solver_name": "Gurobi",
                   "tex": "vehicle 1: [0, 18, 14, 19, 8, 15, 2, 6, 4, 0]\nvehicle 2: [0, 13, 17, 16, 10, 11, 9, 3, 23, 0]\nvehicle 3: [0, 12, 24, 25, 20, 21, 7, 1, 5, 22, 0]\n"
}