{
   "max_completion_time": {
                             "2": 853.2999999999984,
                             "3": 853.2999999999984,
                             "1": 853.2999999999984
                          },
                  "name": "C104-25",
            "solve_time": 3600.0088319778442,
          "relative_gap": 0.036681120356262066,
                 "route": {
                             "2": [
                                    0,
                                    22,
                                    10,
                                    2,
                                    8,
                                    15,
                                    17,
                                    20,
                                    23,
                                    0
                                  ],
                             "3": [
                                    0,
                                    18,
                                    19,
                                    16,
                                    14,
                                    12,
                                    11,
                                    9,
                                    6,
                                    4,
                                    0
                                  ],
                             "1": [
                                    0,
                                    13,
                                    25,
                                    21,
                                    24,
                                    3,
                                    5,
                                    1,
                                    7,
                                    0
                                  ]
                          },
          "obj_function": 0,
             "total_com": 11948.899999999969,
           "num_vehicle": 3,
           "solver_name": "Gurobi",
                   "tex": "vehicle 1: [0, 13, 25, 21, 24, 3, 5, 1, 7, 0]\nvehicle 2: [0, 22, 10, 2, 8, 15, 17, 20, 23, 0]\nvehicle 3: [0, 18, 19, 16, 14, 12, 11, 9, 6, 4, 0]\n"
}