{
   "max_completion_time": {
                             "2": 872,
                             "3": 831.4000000000015,
                             "1": 883.6999999999971
                          },
                  "name": "C104-25",
            "solve_time": 600.1129999160767,
          "relative_gap": 0.06982007468596843,
                 "route": {
                             "2": [
                                    0,
                                    19,
                                    25,
                                    22,
                                    10,
                                    2,
                                    9,
                                    1,
                                    4,
                                    0
                                  ],
                             "3": [
                                    0,
                                    13,
                                    16,
                                    8,
                                    5,
                                    6,
                                    20,
                                    21,
                                    23,
                                    0
                                  ],
                             "1": [
                                    0,
                                    18,
                                    17,
                                    12,
                                    14,
                                    15,
                                    11,
                                    7,
                                    3,
                                    24,
                                    0
                                  ]
                          },
          "obj_function": 104.59999999999127,
             "total_com": 12367.399999999998,
           "num_vehicle": 3,
           "solver_name": "CPLEX",
                   "tex": "vehicle 1: [0, 18, 17, 12, 14, 15, 11, 7, 3, 24, 0]\nvehicle 2: [0, 19, 25, 22, 10, 2, 9, 1, 4, 0]\nvehicle 3: [0, 13, 16, 8, 5, 6, 20, 21, 23, 0]\n"
}