{
   "max_completion_time": {
                             "2": 978,
                             "3": 977.9999999999997,
                             "1": 911.5999999999985
                          },
                  "name": "C105-25",
            "solve_time": 0.21600008010864258,
          "relative_gap": 0,
                 "route": {
                             "2": [
                                    0,
                                    13,
                                    24,
                                    18,
                                    19,
                                    16,
                                    12,
                                    22,
                                    21,
                                    0
                                  ],
                             "3": [
                                    0,
                                    20,
                                    3,
                                    25,
                                    15,
                                    11,
                                    14,
                                    6,
                                    4,
                                    1,
                                    0
                                  ],
                             "1": [
                                    0,
                                    5,
                                    17,
                                    7,
                                    8,
                                    10,
                                    9,
                                    23,
                                    2,
                                    0
                                  ]
                          },
          "obj_function": 132.8000000000029,
             "total_com": 13141.499999999985,
           "num_vehicle": 3,
           "solver_name": "CPLEX",
                   "tex": "vehicle 1: [0, 5, 17, 7, 8, 10, 9, 23, 2, 0]\nvehicle 2: [0, 13, 24, 18, 19, 16, 12, 22, 21, 0]\nvehicle 3: [0, 20, 3, 25, 15, 11, 14, 6, 4, 1, 0]\n"
}