{
   "max_completion_time": {
                             "2": 940,
                             "3": 935,
                             "1": 940
                          },
                  "name": "C107-25",
            "solve_time": 1.896317958831787,
          "relative_gap": 0,
                 "route": {
                             "2": [
                                    0,
                                    5,
                                    3,
                                    25,
                                    19,
                                    16,
                                    12,
                                    22,
                                    21,
                                    0
                                  ],
                             "3": [
                                    0,
                                    13,
                                    20,
                                    7,
                                    8,
                                    15,
                                    6,
                                    4,
                                    23,
                                    0
                                  ],
                             "1": [
                                    0,
                                    24,
                                    17,
                                    18,
                                    10,
                                    11,
                                    9,
                                    14,
                                    2,
                                    1,
                                    0
                                  ]
                          },
          "obj_function": 10,
             "total_com": 13462.999999999985,
           "num_vehicle": 3,
           "solver_name": "Gurobi",
                   "tex": "vehicle 1: [0, 24, 17, 18, 10, 11, 9, 14, 2, 1, 0]\nvehicle 2: [0, 5, 3, 25, 19, 16, 12, 22, 21, 0]\nvehicle 3: [0, 13, 20, 7, 8, 15, 6, 4, 23, 0]\n"
}