{
   "max_completion_time": {
                             "2": 935.0000000000073,
                             "3": 940,
                             "1": 940
                          },
                  "name": "C107-25",
            "solve_time": 0.2849998474121094,
          "relative_gap": 0,
                 "route": {
                             "2": [
                                    0,
                                    24,
                                    17,
                                    18,
                                    15,
                                    10,
                                    11,
                                    9,
                                    4,
                                    23,
                                    0
                                  ],
                             "3": [
                                    0,
                                    5,
                                    13,
                                    25,
                                    8,
                                    14,
                                    6,
                                    22,
                                    21,
                                    0
                                  ],
                             "1": [
                                    0,
                                    3,
                                    20,
                                    7,
                                    19,
                                    16,
                                    12,
                                    2,
                                    1,
                                    0
                                  ]
                          },
          "obj_function": 9.999999999985448,
             "total_com": 12920.200000000004,
           "num_vehicle": 3,
           "solver_name": "CPLEX",
                   "tex": "vehicle 1: [0, 3, 20, 7, 19, 16, 12, 2, 1, 0]\nvehicle 2: [0, 24, 17, 18, 15, 10, 11, 9, 4, 23, 0]\nvehicle 3: [0, 5, 13, 25, 8, 14, 6, 22, 21, 0]\n"
}