{
   "max_completion_time": {
                             "2": 926,
                             "3": 909.6000000000022,
                             "1": 925.9999999999998
                          },
                  "name": "C108-25",
            "solve_time": 1.246000051498413,
          "relative_gap": 0,
                 "route": {
                             "2": [
                                    0,
                                    13,
                                    18,
                                    25,
                                    19,
                                    11,
                                    12,
                                    23,
                                    21,
                                    0
                                  ],
                             "3": [
                                    0,
                                    24,
                                    20,
                                    7,
                                    3,
                                    14,
                                    16,
                                    22,
                                    2,
                                    0
                                  ],
                             "1": [
                                    0,
                                    17,
                                    5,
                                    8,
                                    10,
                                    15,
                                    9,
                                    6,
                                    4,
                                    1,
                                    0
                                  ]
                          },
          "obj_function": 32.799999999995634,
             "total_com": 12857.099999999995,
           "num_vehicle": 3,
           "solver_name": "CPLEX",
                   "tex": "vehicle 1: [0, 17, 5, 8, 10, 15, 9, 6, 4, 1, 0]\nvehicle 2: [0, 13, 18, 25, 19, 11, 12, 23, 21, 0]\nvehicle 3: [0, 24, 20, 7, 3, 14, 16, 22, 2, 0]\n"
}