{
   "max_completion_time": {
                             "2": 926,
                             "3": 926,
                             "1": 926
                          },
                  "name": "C108-25",
            "solve_time": 10.751528978347778,
          "relative_gap": 0,
                 "route": {
                             "2": [
                                    0,
                                    3,
                                    8,
                                    20,
                                    19,
                                    16,
                                    14,
                                    22,
                                    2,
                                    0
                                  ],
                             "3": [
                                    0,
                                    13,
                                    17,
                                    25,
                                    10,
                                    6,
                                    12,
                                    23,
                                    21,
                                    0
                                  ],
                             "1": [
                                    0,
                                    24,
                                    5,
                                    7,
                                    18,
                                    15,
                                    11,
                                    9,
                                    4,
                                    1,
                                    0
                                  ]
                          },
          "obj_function": 0,
             "total_com": 12956.59999999997,
           "num_vehicle": 3,
           "solver_name": "Gurobi",
                   "tex": "vehicle 1: [0, 24, 5, 7, 18, 15, 11, 9, 4, 1, 0]\nvehicle 2: [0, 3, 8, 20, 19, 16, 14, 22, 2, 0]\nvehicle 3: [0, 13, 17, 25, 10, 6, 12, 23, 21, 0]\n"
}