{
   "max_completion_time": {
                             "2": 850,
                             "3": 850,
                             "1": 850
                          },
                  "name": "C109-25",
            "solve_time": 208.9670000076294,
          "relative_gap": 0,
                 "route": {
                             "2": [
                                    0,
                                    24,
                                    25,
                                    18,
                                    16,
                                    14,
                                    12,
                                    23,
                                    2,
                                    0
                                  ],
                             "3": [
                                    0,
                                    20,
                                    8,
                                    13,
                                    17,
                                    19,
                                    15,
                                    22,
                                    21,
                                    0
                                  ],
                             "1": [
                                    0,
                                    5,
                                    7,
                                    3,
                                    10,
                                    11,
                                    9,
                                    6,
                                    4,
                                    1,
                                    0
                                  ]
                          },
          "obj_function": 0,
             "total_com": 12074.40000000003,
           "num_vehicle": 3,
           "solver_name": "CPLEX",
                   "tex": "vehicle 1: [0, 5, 7, 3, 10, 11, 9, 6, 4, 1, 0]\nvehicle 2: [0, 24, 25, 18, 16, 14, 12, 23, 2, 0]\nvehicle 3: [0, 20, 8, 13, 17, 19, 15, 22, 21, 0]\n"
}