{
   "max_completion_time": {
                             "2": 2788.3999999999974,
                             "1": 3073
                          },
                  "name": "C201-25",
            "solve_time": 0.05900001525878906,
          "relative_gap": 0,
                 "route": {
                             "2": [
                                    0,
                                    20,
                                    22,
                                    24,
                                    2,
                                    6,
                                    7,
                                    3,
                                    19,
                                    12,
                                    17,
                                    9,
                                    11,
                                    0
                                  ],
                             "1": [
                                    0,
                                    5,
                                    1,
                                    4,
                                    23,
                                    18,
                                    16,
                                    14,
                                    15,
                                    13,
                                    25,
                                    10,
                                    8,
                                    21,
                                    0
                                  ]
                          },
          "obj_function": 284.60000000000264,
             "total_com": 42719.99999999999,
           "num_vehicle": 2,
           "solver_name": "CPLEX",
                   "tex": "vehicle 1: [0, 5, 1, 4, 23, 18, 16, 14, 15, 13, 25, 10, 8, 21, 0]\nvehicle 2: [0, 20, 22, 24, 2, 6, 7, 3, 19, 12, 17, 9, 11, 0]\n"
}