{
   "max_completion_time": {
                             "2": 2916.9000000000015,
                             "3": 2997,
                             "1": 3073
                          },
                  "name": "C201-50",
            "solve_time": 1.1040000915527344,
          "relative_gap": 0,
                 "route": {
                             "2": [
                                    0,
                                    2,
                                    27,
                                    29,
                                    32,
                                    35,
                                    49,
                                    34,
                                    18,
                                    19,
                                    12,
                                    47,
                                    43,
                                    9,
                                    41,
                                    0
                                  ],
                             "3": [
                                    0,
                                    22,
                                    20,
                                    24,
                                    33,
                                    39,
                                    36,
                                    26,
                                    44,
                                    46,
                                    14,
                                    17,
                                    50,
                                    11,
                                    10,
                                    48,
                                    0
                                  ],
                             "1": [
                                    0,
                                    5,
                                    30,
                                    1,
                                    6,
                                    31,
                                    37,
                                    38,
                                    7,
                                    3,
                                    4,
                                    28,
                                    23,
                                    40,
                                    16,
                                    45,
                                    15,
                                    13,
                                    25,
                                    42,
                                    8,
                                    21,
                                    0
                                  ]
                          },
          "obj_function": 312.1999999999971,
             "total_com": 82717.09999999999,
           "num_vehicle": 3,
           "solver_name": "CPLEX",
                   "tex": "vehicle 1: [0, 5, 30, 1, 6, 31, 37, 38, 7, 3, 4, 28, 23, 40, 16, 45, 15, 13, 25, 42, 8, 21, 0]\nvehicle 2: [0, 2, 27, 29, 32, 35, 49, 34, 18, 19, 12, 47, 43, 9, 41, 0]\nvehicle 3: [0, 22, 20, 24, 33, 39, 36, 26, 44, 46, 14, 17, 50, 11, 10, 48, 0]\n"
}