{
   "max_completion_time": {
                             "2": 2977,
                             "1": 2881.2000000000007
                          },
                  "name": "C203-25",
            "solve_time": 0.19099998474121094,
          "relative_gap": 0,
                 "route": {
                             "2": [
                                    0,
                                    5,
                                    22,
                                    1,
                                    14,
                                    19,
                                    6,
                                    21,
                                    3,
                                    7,
                                    12,
                                    18,
                                    20,
                                    24,
                                    17,
                                    13,
                                    8,
                                    0
                                  ],
                             "1": [
                                    0,
                                    16,
                                    2,
                                    4,
                                    23,
                                    15,
                                    25,
                                    9,
                                    11,
                                    10,
                                    0
                                  ]
                          },
          "obj_function": 95.79999999999927,
             "total_com": 34774.19999999995,
           "num_vehicle": 2,
           "solver_name": "CPLEX",
                   "tex": "vehicle 1: [0, 16, 2, 4, 23, 15, 25, 9, 11, 10, 0]\nvehicle 2: [0, 5, 22, 1, 14, 19, 6, 21, 3, 7, 12, 18, 20, 24, 17, 13, 8, 0]\n"
}