{
   "max_completion_time": {
                             "2": 2977,
                             "1": 2905.2999999999993
                          },
                  "name": "C204-25",
            "solve_time": 0.7079999446868896,
          "relative_gap": 0,
                 "route": {
                             "2": [
                                    0,
                                    21,
                                    17,
                                    7,
                                    1,
                                    6,
                                    5,
                                    18,
                                    12,
                                    3,
                                    4,
                                    23,
                                    2,
                                    14,
                                    15,
                                    24,
                                    25,
                                    9,
                                    19,
                                    8,
                                    0
                                  ],
                             "1": [
                                    0,
                                    16,
                                    13,
                                    20,
                                    22,
                                    11,
                                    10,
                                    0
                                  ]
                          },
          "obj_function": 71.70000000000073,
             "total_com": 46534.20000000002,
           "num_vehicle": 2,
           "solver_name": "CPLEX",
                   "tex": "vehicle 1: [0, 16, 13, 20, 22, 11, 10, 0]\nvehicle 2: [0, 21, 17, 7, 1, 6, 5, 18, 12, 3, 4, 23, 2, 14, 15, 24, 25, 9, 19, 8, 0]\n"
}