{
   "max_completion_time": {
                             "2": 2910.5999999999985,
                             "1": 2993
                          },
                  "name": "C205-25",
            "solve_time": 0.11899995803833008,
          "relative_gap": 0,
                 "route": {
                             "2": [
                                    0,
                                    20,
                                    22,
                                    24,
                                    9,
                                    13,
                                    10,
                                    8,
                                    0
                                  ],
                             "1": [
                                    0,
                                    5,
                                    2,
                                    1,
                                    6,
                                    3,
                                    7,
                                    4,
                                    23,
                                    18,
                                    16,
                                    14,
                                    19,
                                    15,
                                    17,
                                    12,
                                    25,
                                    11,
                                    21,
                                    0
                                  ]
                          },
          "obj_function": 82.40000000000146,
             "total_com": 41652.89999999998,
           "num_vehicle": 2,
           "solver_name": "CPLEX",
                   "tex": "vehicle 1: [0, 5, 2, 1, 6, 3, 7, 4, 23, 18, 16, 14, 19, 15, 17, 12, 25, 11, 21, 0]\nvehicle 2: [0, 20, 22, 24, 9, 13, 10, 8, 0]\n"
}