{
   "max_completion_time": {
                             "2": 2992.999999999999,
                             "3": 2992.999999999999,
                             "1": 2993
                          },
                  "name": "C205-50",
            "solve_time": 60.98900008201599,
          "relative_gap": 0,
                 "route": {
                             "2": [
                                    0,
                                    20,
                                    6,
                                    29,
                                    4,
                                    16,
                                    19,
                                    44,
                                    14,
                                    13,
                                    47,
                                    42,
                                    11,
                                    8,
                                    0
                                  ],
                             "3": [
                                    0,
                                    2,
                                    22,
                                    24,
                                    33,
                                    32,
                                    49,
                                    7,
                                    3,
                                    39,
                                    28,
                                    18,
                                    15,
                                    25,
                                    9,
                                    10,
                                    48,
                                    0
                                  ],
                             "1": [
                                    0,
                                    27,
                                    5,
                                    1,
                                    30,
                                    31,
                                    35,
                                    37,
                                    36,
                                    38,
                                    34,
                                    23,
                                    26,
                                    40,
                                    46,
                                    45,
                                    17,
                                    12,
                                    50,
                                    41,
                                    43,
                                    21,
                                    0
                                  ]
                          },
          "obj_function": 1.8189894035458565e-12,
             "total_com": 85147.70000000001,
           "num_vehicle": 3,
           "solver_name": "CPLEX",
                   "tex": "vehicle 1: [0, 27, 5, 1, 30, 31, 35, 37, 36, 38, 34, 23, 26, 40, 46, 45, 17, 12, 50, 41, 43, 21, 0]\nvehicle 2: [0, 20, 6, 29, 4, 16, 19, 44, 14, 13, 47, 42, 11, 8, 0]\nvehicle 3: [0, 2, 22, 24, 33, 32, 49, 7, 3, 39, 28, 18, 15, 25, 9, 10, 48, 0]\n"
}