{
   "max_completion_time": {
                             "2": 2814,
                             "1": 2796.9000000000015
                          },
                  "name": "C206-25",
            "solve_time": 0.5199999809265137,
          "relative_gap": 0,
                 "route": {
                             "2": [
                                    0,
                                    5,
                                    2,
                                    22,
                                    20,
                                    6,
                                    1,
                                    23,
                                    16,
                                    18,
                                    12,
                                    19,
                                    17,
                                    14,
                                    13,
                                    15,
                                    10,
                                    8,
                                    0
                                  ],
                             "1": [
                                    0,
                                    24,
                                    3,
                                    4,
                                    7,
                                    25,
                                    9,
                                    11,
                                    21,
                                    0
                                  ]
                          },
          "obj_function": 17.099999999998545,
             "total_com": 41604.4,
           "num_vehicle": 2,
           "solver_name": "CPLEX",
                   "tex": "vehicle 1: [0, 24, 3, 4, 7, 25, 9, 11, 21, 0]\nvehicle 2: [0, 5, 2, 22, 20, 6, 1, 23, 16, 18, 12, 19, 17, 14, 13, 15, 10, 8, 0]\n"
}