{
   "max_completion_time": {
                             "2": 2836,
                             "3": 2791.999999999998,
                             "1": 2822.5
                          },
                  "name": "C206-50",
            "solve_time": 601.1419999599457,
          "relative_gap": 0.010930888575458007,
                 "route": {
                             "2": [
                                    0,
                                    30,
                                    27,
                                    37,
                                    32,
                                    35,
                                    3,
                                    39,
                                    36,
                                    18,
                                    19,
                                    46,
                                    14,
                                    15,
                                    45,
                                    43,
                                    42,
                                    41,
                                    48,
                                    0
                                  ],
                             "3": [
                                    0,
                                    24,
                                    5,
                                    1,
                                    29,
                                    6,
                                    31,
                                    4,
                                    38,
                                    28,
                                    23,
                                    34,
                                    26,
                                    50,
                                    17,
                                    16,
                                    25,
                                    13,
                                    11,
                                    8,
                                    0
                                  ],
                             "1": [
                                    0,
                                    2,
                                    22,
                                    33,
                                    20,
                                    7,
                                    49,
                                    12,
                                    40,
                                    44,
                                    9,
                                    47,
                                    10,
                                    21,
                                    0
                                  ]
                          },
          "obj_function": 88.00000000000364,
             "total_com": 81771.90000000002,
           "num_vehicle": 3,
           "solver_name": "CPLEX",
                   "tex": "vehicle 1: [0, 2, 22, 33, 20, 7, 49, 12, 40, 44, 9, 47, 10, 21, 0]\nvehicle 2: [0, 30, 27, 37, 32, 35, 3, 39, 36, 18, 19, 46, 14, 15, 45, 43, 42, 41, 48, 0]\nvehicle 3: [0, 24, 5, 1, 29, 6, 31, 4, 38, 28, 23, 34, 26, 50, 17, 16, 25, 13, 11, 8, 0]\n"
}