{
   "max_completion_time": {
                             "2": 2517.999999999999,
                             "1": 2518
                          },
                  "name": "C207-25",
            "solve_time": 1.0750000476837158,
          "relative_gap": 0,
                 "route": {
                             "2": [
                                    0,
                                    20,
                                    22,
                                    1,
                                    4,
                                    16,
                                    19,
                                    23,
                                    14,
                                    8,
                                    21,
                                    25,
                                    17,
                                    13,
                                    0
                                  ],
                             "1": [
                                    0,
                                    5,
                                    24,
                                    2,
                                    6,
                                    3,
                                    7,
                                    12,
                                    15,
                                    9,
                                    18,
                                    10,
                                    11,
                                    0
                                  ]
                          },
          "obj_function": 9.094947017729282e-13,
             "total_com": 38915.79999999998,
           "num_vehicle": 2,
           "solver_name": "CPLEX",
                   "tex": "vehicle 1: [0, 5, 24, 2, 6, 3, 7, 12, 15, 9, 18, 10, 11, 0]\nvehicle 2: [0, 20, 22, 1, 4, 16, 19, 23, 14, 8, 21, 25, 17, 13, 0]\n"
}