{
   "max_completion_time": {
                              "5": 163,
                             "12": 181,
                              "8": 163,
                              "1": 172.59999999999854,
                              "6": 152,
                             "11": 142.70000000000437,
                              "9": 182,
                              "3": 161,
                              "7": 134,
                              "4": 182,
                              "2": 179,
                             "10": 177
                          },
                  "name": "R101-50",
            "solve_time": 2.621000051498413,
          "relative_gap": 0,
                 "route": {
                              "5": [
                                     0,
                                     33,
                                     29,
                                     9,
                                     34,
                                     35,
                                     0
                                   ],
                             "12": [
                                     0,
                                     27,
                                     21,
                                     40,
                                     10,
                                     1,
                                     0
                                   ],
                              "8": [
                                     0,
                                     39,
                                     23,
                                     3,
                                     4,
                                     0
                                   ],
                              "1": [
                                     0,
                                     42,
                                     15,
                                     41,
                                     26,
                                     24,
                                     0
                                   ],
                              "6": [
                                     0,
                                     5,
                                     16,
                                     6,
                                     43,
                                     0
                                   ],
                             "11": [
                                     0,
                                     2,
                                     18,
                                     20,
                                     0
                                   ],
                              "9": [
                                     0,
                                     36,
                                     47,
                                     7,
                                     49,
                                     48,
                                     0
                                   ],
                              "3": [
                                     0,
                                     11,
                                     19,
                                     32,
                                     0
                                   ],
                              "7": [
                                     0,
                                     31,
                                     30,
                                     50,
                                     0
                                   ],
                              "4": [
                                     0,
                                     45,
                                     44,
                                     38,
                                     25,
                                     0
                                   ],
                              "2": [
                                     0,
                                     28,
                                     12,
                                     22,
                                     37,
                                     13,
                                     0
                                   ],
                             "10": [
                                     0,
                                     14,
                                     8,
                                     46,
                                     17,
                                     0
                                   ]
                          },
          "obj_function": 1226.2999999999593,
             "total_com": 5297.2000000000335,
           "num_vehicle": 12,
           "solver_name": "CPLEX",
                   "tex": "vehicle 1: [0, 42, 15, 41, 26, 24, 0]\nvehicle 2: [0, 28, 12, 22, 37, 13, 0]\nvehicle 3: [0, 11, 19, 32, 0]\nvehicle 4: [0, 45, 44, 38, 25, 0]\nvehicle 5: [0, 33, 29, 9, 34, 35, 0]\nvehicle 6: [0, 5, 16, 6, 43, 0]\nvehicle 7: [0, 31, 30, 50, 0]\nvehicle 8: [0, 39, 23, 3, 4, 0]\nvehicle 9: [0, 36, 47, 7, 49, 48, 0]\nvehicle 10: [0, 14, 8, 46, 17, 0]\nvehicle 11: [0, 2, 18, 20, 0]\nvehicle 12: [0, 27, 21, 40, 10, 1, 0]\n"
}