{
   "max_completion_time": {
                             "5": 163,
                             "4": 182,
                             "6": 181,
                             "7": 179,
                             "2": 146,
                             "8": 133.40000000000146,
                             "3": 177,
                             "1": 117
                          },
                  "name": "R101-25",
            "solve_time": 0.17100000381469727,
          "relative_gap": 0,
                 "route": {
                             "5": [
                                    0,
                                    15,
                                    24,
                                    0
                                  ],
                             "4": [
                                    0,
                                    2,
                                    21,
                                    4,
                                    25,
                                    0
                                  ],
                             "6": [
                                    0,
                                    7,
                                    8,
                                    1,
                                    0
                                  ],
                             "7": [
                                    0,
                                    11,
                                    19,
                                    10,
                                    13,
                                    0
                                  ],
                             "2": [
                                    0,
                                    5,
                                    18,
                                    20,
                                    0
                                  ],
                             "8": [
                                    0,
                                    12,
                                    9,
                                    3,
                                    0
                                  ],
                             "3": [
                                    0,
                                    14,
                                    16,
                                    6,
                                    17,
                                    0
                                  ],
                             "1": [
                                    0,
                                    23,
                                    22,
                                    0
                                  ]
                          },
          "obj_function": 805.9999999999927,
             "total_com": 2801.400000000005,
           "num_vehicle": 8,
           "solver_name": "CPLEX",
                   "tex": "vehicle 1: [0, 23, 22, 0]\nvehicle 2: [0, 5, 18, 20, 0]\nvehicle 3: [0, 14, 16, 6, 17, 0]\nvehicle 4: [0, 2, 21, 4, 25, 0]\nvehicle 5: [0, 15, 24, 0]\nvehicle 6: [0, 7, 8, 1, 0]\nvehicle 7: [0, 11, 19, 10, 13, 0]\nvehicle 8: [0, 12, 9, 3, 0]\n"
}