{
   "max_completion_time": {
                              "5": 172.8000000000568,
                             "16": 210,
                             "20": 192,
                             "12": 169.00000000000003,
                              "8": 202,
                             "17": 174.99999999997078,
                              "1": 169,
                             "19": 147,
                              "6": 186.60000000000574,
                             "11": 179,
                              "9": 163,
                             "14": 150,
                              "3": 144,
                              "7": 208,
                              "4": 182.00000000000003,
                             "13": 205,
                             "15": 116.99999999999275,
                              "2": 172.99999999997596,
                             "10": 199,
                             "18": 202
                          },
                  "name": "R101-100",
            "solve_time": 155.15900015830994,
          "relative_gap": 0,
                 "route": {
                              "5": [
                                     0,
                                     39,
                                     75,
                                     57,
                                     1,
                                     0
                                   ],
                             "16": [
                                     0,
                                     31,
                                     99,
                                     94,
                                     97,
                                     91,
                                     58,
                                     0
                                   ],
                             "20": [
                                     0,
                                     42,
                                     18,
                                     6,
                                     25,
                                     0
                                   ],
                             "12": [
                                     0,
                                     14,
                                     15,
                                     22,
                                     55,
                                     4,
                                     0
                                   ],
                              "8": [
                                     0,
                                     63,
                                     11,
                                     19,
                                     49,
                                     32,
                                     70,
                                     0
                                   ],
                             "17": [
                                     0,
                                     62,
                                     88,
                                     7,
                                     10,
                                     48,
                                     0
                                   ],
                              "1": [
                                     0,
                                     27,
                                     52,
                                     87,
                                     26,
                                     74,
                                     0
                                   ],
                             "19": [
                                     0,
                                     30,
                                     51,
                                     9,
                                     66,
                                     0
                                   ],
                              "6": [
                                     0,
                                     45,
                                     82,
                                     84,
                                     37,
                                     89,
                                     0
                                   ],
                             "11": [
                                     0,
                                     92,
                                     95,
                                     44,
                                     16,
                                     86,
                                     96,
                                     13,
                                     0
                                   ],
                              "9": [
                                     0,
                                     65,
                                     71,
                                     81,
                                     34,
                                     35,
                                     0
                                   ],
                             "14": [
                                     0,
                                     69,
                                     40,
                                     53,
                                     56,
                                     0
                                   ],
                              "3": [
                                     0,
                                     33,
                                     12,
                                     76,
                                     79,
                                     50,
                                     0
                                   ],
                              "7": [
                                     0,
                                     59,
                                     5,
                                     98,
                                     61,
                                     85,
                                     17,
                                     93,
                                     0
                                   ],
                              "4": [
                                     0,
                                     36,
                                     47,
                                     8,
                                     46,
                                     60,
                                     0
                                   ],
                             "13": [
                                     0,
                                     83,
                                     38,
                                     43,
                                     100,
                                     0
                                   ],
                             "15": [
                                     0,
                                     2,
                                     21,
                                     73,
                                     41,
                                     0
                                   ],
                              "2": [
                                     0,
                                     28,
                                     29,
                                     78,
                                     3,
                                     68,
                                     24,
                                     0
                                   ],
                             "10": [
                                     0,
                                     72,
                                     23,
                                     67,
                                     54,
                                     77,
                                     0
                                   ],