{
   "max_completion_time": {
                             "5": 169,
                             "4": 163.00000000000003,
                             "6": 134,
                             "7": 169,
                             "2": 136,
                             "3": 167,
                             "1": 182
                          },
                  "name": "R102-25",
            "solve_time": 7.417999982833862,
          "relative_gap": 0,
                 "route": {
                             "5": [
                                    0,
                                    7,
                                    16,
                                    4,
                                    0
                                  ],
                             "4": [
                                    0,
                                    5,
                                    23,
                                    22,
                                    24,
                                    0
                                  ],
                             "6": [
                                    0,
                                    21,
                                    1,
                                    18,
                                    10,
                                    0
                                  ],
                             "7": [
                                    0,
                                    12,
                                    19,
                                    8,
                                    13,
                                    0
                                  ],
                             "2": [
                                    0,
                                    2,
                                    11,
                                    20,
                                    0
                                  ],
                             "3": [
                                    0,
                                    3,
                                    15,
                                    6,
                                    17,
                                    0
                                  ],
                             "1": [
                                    0,
                                    14,
                                    9,
                                    25,
                                    0
                                  ]
                          },
          "obj_function": 431.99999999999994,
             "total_com": 2256.4999999999964,
           "num_vehicle": 7,
           "solver_name": "CPLEX",
                   "tex": "vehicle 1: [0, 14, 9, 25, 0]\nvehicle 2: [0, 2, 11, 20, 0]\nvehicle 3: [0, 3, 15, 6, 17, 0]\nvehicle 4: [0, 5, 23, 22, 24, 0]\nvehicle 5: [0, 7, 16, 4, 0]\nvehicle 6: [0, 21, 1, 18, 10, 0]\nvehicle 7: [0, 12, 19, 8, 13, 0]\n"
}