{
   "max_completion_time": {
                             "5": 182,
                             "4": 182,
                             "2": 179,
                             "3": 177,
                             "1": 182
                          },
                  "name": "R103-25",
            "solve_time": 35.08308792114258,
          "relative_gap": 0,
                 "route": {
                             "5": [
                                    0,
                                    3,
                                    21,
                                    8,
                                    5,
                                    19,
                                    0
                                  ],
                             "4": [
                                    0,
                                    14,
                                    23,
                                    22,
                                    16,
                                    0
                                  ],
                             "2": [
                                    0,
                                    2,
                                    18,
                                    11,
                                    7,
                                    10,
                                    13,
                                    0
                                  ],
                             "3": [
                                    0,
                                    12,
                                    15,
                                    6,
                                    17,
                                    0
                                  ],
                             "1": [
                                    0,
                                    24,
                                    1,
                                    20,
                                    9,
                                    4,
                                    25,
                                    0
                                  ]
                          },
          "obj_function": 26,
             "total_com": 2387.700000000008,
           "num_vehicle": 5,
           "solver_name": "Gurobi",
                   "tex": "vehicle 1: [0, 24, 1, 20, 9, 4, 25, 0]\nvehicle 2: [0, 2, 18, 11, 7, 10, 13, 0]\nvehicle 3: [0, 12, 15, 6, 17, 0]\nvehicle 4: [0, 14, 23, 22, 16, 0]\nvehicle 5: [0, 3, 21, 8, 5, 19, 0]\n"
}