{
   "max_completion_time": {
                             "5": 165.99999999999986,
                             "4": 153,
                             "6": 165.99999999999986,
                             "2": 154.00000000000009,
                             "3": 169,
                             "1": 169
                          },
                  "name": "R105-25",
            "solve_time": 2.6059999465942383,
          "relative_gap": 0,
                 "route": {
                             "5": [
                                    0,
                                    5,
                                    7,
                                    18,
                                    8,
                                    13,
                                    0
                                  ],
                             "4": [
                                    0,
                                    14,
                                    2,
                                    6,
                                    24,
                                    0
                                  ],
                             "6": [
                                    0,
                                    15,
                                    16,
                                    17,
                                    0
                                  ],
                             "2": [
                                    0,
                                    12,
                                    9,
                                    20,
                                    10,
                                    0
                                  ],
                             "3": [
                                    0,
                                    21,
                                    23,
                                    22,
                                    4,
                                    25,
                                    0
                                  ],
                             "1": [
                                    0,
                                    19,
                                    11,
                                    3,
                                    1,
                                    0
                                  ]
                          },
          "obj_function": 124.99999999999974,
             "total_com": 2732.400000000016,
           "num_vehicle": 6,
           "solver_name": "CPLEX",
                   "tex": "vehicle 1: [0, 19, 11, 3, 1, 0]\nvehicle 2: [0, 12, 9, 20, 10, 0]\nvehicle 3: [0, 21, 23, 22, 4, 25, 0]\nvehicle 4: [0, 14, 2, 6, 24, 0]\nvehicle 5: [0, 5, 7, 18, 8, 13, 0]\nvehicle 6: [0, 15, 16, 17, 0]\n"
}