{
   "max_completion_time": {
                             "5": 165.99999999999986,
                             "4": 171,
                             "6": 172.9000000000014,
                             "7": 172.9000000000014,
                             "2": 172.9000000000014,
                             "9": 172.9000000000014,
                             "8": 172.9000000000014,
                             "3": 170.59999999999854,
                             "1": 164
                          },
                  "name": "R105-50",
            "solve_time": 601.0060000419617,
          "relative_gap": 0.03990746096007706,
                 "route": {
                             "5": [
                                    0,
                                    42,
                                    2,
                                    12,
                                    40,
                                    50,
                                    1,
                                    0
                                  ],
                             "4": [
                                    0,
                                    5,
                                    27,
                                    30,
                                    10,
                                    20,
                                    32,
                                    0
                                  ],
                             "6": [
                                    0,
                                    45,
                                    19,
                                    7,
                                    49,
                                    48,
                                    0
                                  ],
                             "7": [
                                    0,
                                    14,
                                    16,
                                    44,
                                    38,
                                    43,
                                    13,
                                    0
                                  ],
                             "2": [
                                    0,
                                    31,
                                    11,
                                    18,
                                    46,
                                    17,
                                    0
                                  ],
                             "9": [
                                    0,
                                    33,
                                    29,
                                    9,
                                    3,
                                    34,
                                    35,
                                    0
                                  ],
                             "8": [
                                    0,
                                    28,
                                    21,
                                    23,
                                    22,
                                    4,
                                    25,
                                    0
                                  ],
                             "3": [
                                    0,
                                    39,
                                    15,
                                    41,
                                    26,
                                    24,
                                    0
                                  ],
                             "1": [
                                    0,
                                    47,
                                    36,
                                    8,
                                    6,
                                    37,
                                    0
                                  ]
                          },
          "obj_function": 125.60000000003464,
             "total_com": 5300.200000000026,
           "num_vehicle": 9,
           "solver_name": "CPLEX",
                   "tex": "vehicle 1: [0, 47, 36, 8, 6, 37, 0]\nvehicle 2: [0, 31, 11, 18, 46, 17, 0]\nvehicle 3: [0, 39, 15, 41, 26, 24, 0]\nvehicle 4: [0, 5, 27, 30, 10, 20, 32, 0]\nvehicle 5: [0, 42, 2, 12, 40, 50, 1, 0]\nvehicle 6: [0, 45, 19, 7, 49, 48, 0]\nvehicle 7: [0, 14, 16, 44, 38, 43, 13, 0]\nvehicle 8: [0, 28, 21, 23, 22, 4, 25, 0]\nvehicle 9: [0, 33, 29, 9, 3, 34, 35, 0]\n"
}