{
   "max_completion_time": {
                             "4": 164.6999999999971,
                             "2": 162.29999999999927,
                             "3": 169,
                             "1": 168.1999999999971
                          },
                  "name": "R107-25",
            "solve_time": 2327.0306282043457,
          "relative_gap": 0,
                 "route": {
                             "4": [
                                    0,
                                    3,
                                    12,
                                    2,
                                    23,
                                    22,
                                    21,
                                    13,
                                    0
                                  ],
                             "2": [
                                    0,
                                    18,
                                    7,
                                    11,
                                    8,
                                    10,
                                    19,
                                    0
                                  ],
                             "3": [
                                    0,
                                    24,
                                    1,
                                    20,
                                    9,
                                    4,
                                    25,
                                    0
                                  ],
                             "1": [
                                    0,
                                    5,
                                    15,
                                    14,
                                    6,
                                    16,
                                    17,
                                    0
                                  ]
                          },
          "obj_function": 23.600000000002183,
             "total_com": 2272.599999999984,
           "num_vehicle": 4,
           "solver_name": "Gurobi",
                   "tex": "vehicle 1: [0, 5, 15, 14, 6, 16, 17, 0]\nvehicle 2: [0, 18, 7, 11, 8, 10, 19, 0]\nvehicle 3: [0, 24, 1, 20, 9, 4, 25, 0]\nvehicle 4: [0, 3, 12, 2, 23, 22, 21, 13, 0]\n"
}