{
   "max_completion_time": {
                             "5": 158.70000000000073,
                             "4": 160.99999999999994,
                             "2": 160.99999999999994,
                             "3": 150,
                             "1": 160.99999999999994
                          },
                  "name": "R109-25",
            "solve_time": 296.06699991226196,
          "relative_gap": 0,
                 "route": {
                             "5": [
                                    0,
                                    21,
                                    2,
                                    22,
                                    23,
                                    25,
                                    4,
                                    0
                                  ],
                             "4": [
                                    0,
                                    12,
                                    9,
                                    20,
                                    24,
                                    0
                                  ],
                             "2": [
                                    0,
                                    5,
                                    7,
                                    19,
                                    11,
                                    10,
                                    1,
                                    0
                                  ],
                             "3": [
                                    0,
                                    15,
                                    3,
                                    13,
                                    0
                                  ],
                             "1": [
                                    0,
                                    14,
                                    16,
                                    6,
                                    18,
                                    8,
                                    17,
                                    0
                                  ]
                          },
          "obj_function": 48.599999999998204,
             "total_com": 2529.5,
           "num_vehicle": 5,
           "solver_name": "CPLEX",
                   "tex": "vehicle 1: [0, 14, 16, 6, 18, 8, 17, 0]\nvehicle 2: [0, 5, 7, 19, 11, 10, 1, 0]\nvehicle 3: [0, 15, 3, 13, 0]\nvehicle 4: [0, 12, 9, 20, 24, 0]\nvehicle 5: [0, 21, 2, 22, 23, 25, 4, 0]\n"
}