{
   "max_completion_time": {
                             "5": 158.29999999999563,
                             "4": 156.90000000000146,
                             "2": 157,
                             "3": 163,
                             "1": 156.09999999999854
                          },
                  "name": "R111-25",
            "solve_time": 1632.135675907135,
          "relative_gap": 0,
                 "route": {
                             "5": [
                                    0,
                                    19,
                                    7,
                                    20,
                                    9,
                                    10,
                                    0
                                  ],
                             "4": [
                                    0,
                                    14,
                                    18,
                                    8,
                                    16,
                                    17,
                                    0
                                  ],
                             "2": [
                                    0,
                                    1,
                                    11,
                                    5,
                                    6,
                                    13,
                                    0
                                  ],
                             "3": [
                                    0,
                                    2,
                                    24,
                                    3,
                                    12,
                                    25,
                                    0
                                  ],
                             "1": [
                                    0,
                                    15,
                                    23,
                                    22,
                                    21,
                                    4,
                                    0
                                  ]
                          },
          "obj_function": 30.39999999999418,
             "total_com": 2544.69999999999,
           "num_vehicle": 5,
           "solver_name": "Gurobi",
                   "tex": "vehicle 1: [0, 15, 23, 22, 21, 4, 0]\nvehicle 2: [0, 1, 11, 5, 6, 13, 0]\nvehicle 3: [0, 2, 24, 3, 12, 25, 0]\nvehicle 4: [0, 14, 18, 8, 16, 17, 0]\nvehicle 5: [0, 19, 7, 20, 9, 10, 0]\n"
}