{
   "max_completion_time": {
                             "5": 172.20000000000437,
                             "4": 172.20000000000437,
                             "2": 172.20000000000437,
                             "3": 170.29999999999927,
                             "1": 172.20000000000437
                          },
                  "name": "R111-25",
            "solve_time": 600.8500001430511,
          "relative_gap": 0.053426248548192744,
                 "route": {
                             "5": [
                                    0,
                                    7,
                                    18,
                                    11,
                                    10,
                                    13,
                                    0
                                  ],
                             "4": [
                                    0,
                                    19,
                                    8,
                                    1,
                                    20,
                                    0
                                  ],
                             "2": [
                                    0,
                                    2,
                                    21,
                                    3,
                                    9,
                                    24,
                                    25,
                                    0
                                  ],
                             "3": [
                                    0,
                                    5,
                                    14,
                                    16,
                                    6,
                                    12,
                                    4,
                                    0
                                  ],
                             "1": [
                                    0,
                                    15,
                                    23,
                                    22,
                                    17,
                                    0
                                  ]
                          },
          "obj_function": 7.600000000020373,
             "total_com": 2579.8000000000247,
           "num_vehicle": 5,
           "solver_name": "CPLEX",
                   "tex": "vehicle 1: [0, 15, 23, 22, 17, 0]\nvehicle 2: [0, 2, 21, 3, 9, 24, 25, 0]\nvehicle 3: [0, 5, 14, 16, 6, 12, 4, 0]\nvehicle 4: [0, 19, 8, 1, 20, 0]\nvehicle 5: [0, 7, 18, 11, 10, 13, 0]\n"
}