{
   "max_completion_time": {
                             "4": 154.79924245686755,
                             "2": 156.09999999999465,
                             "3": 161.89973973978078,
                             "1": 161.89973973978078
                          },
                  "name": "R112-25",
            "solve_time": 3600.011199951172,
          "relative_gap": 0.3759904839468187,
                 "route": {
                             "4": [
                                    0,
                                    2,
                                    15,
                                    14,
                                    16,
                                    8,
                                    17,
                                    0
                                  ],
                             "2": [
                                    0,
                                    19,
                                    7,
                                    11,
                                    10,
                                    20,
                                    9,
                                    0
                                  ],
                             "3": [
                                    0,
                                    5,
                                    18,
                                    6,
                                    13,
                                    1,
                                    3,
                                    0
                                  ],
                             "1": [
                                    0,
                                    12,
                                    21,
                                    22,
                                    23,
                                    4,
                                    25,
                                    24,
                                    0
                                  ]
                          },
          "obj_function": 27.10123158852585,
             "total_com": 2376.094741248286,
           "num_vehicle": 4,
           "solver_name": "Gurobi",
                   "tex": "vehicle 1: [0, 12, 21, 22, 23, 4, 25, 24, 0]\nvehicle 2: [0, 19, 7, 11, 10, 20, 9, 0]\nvehicle 3: [0, 5, 18, 6, 13, 1, 3, 0]\nvehicle 4: [0, 2, 15, 14, 16, 8, 17, 0]\n"
}