{
   "max_completion_time": {
                             "4": 616.7999999999993,
                             "2": 827,
                             "3": 811,
                             "1": 700
                          },
                  "name": "R201-25",
            "solve_time": 2.7350001335144043,
          "relative_gap": 0,
                 "route": {
                             "4": [
                                    0,
                                    5,
                                    19,
                                    21,
                                    6,
                                    9,
                                    20,
                                    10,
                                    0
                                  ],
                             "2": [
                                    0,
                                    15,
                                    14,
                                    11,
                                    18,
                                    7,
                                    3,
                                    1,
                                    24,
                                    25,
                                    0
                                  ],
                             "3": [
                                    0,
                                    23,
                                    2,
                                    12,
                                    22,
                                    8,
                                    17,
                                    4,
                                    0
                                  ],
                             "1": [
                                    0,
                                    16,
                                    13,
                                    0
                                  ]
                          },
          "obj_function": 741.6000000000022,
             "total_com": 11378.900000000009,
           "num_vehicle": 4,
           "solver_name": "CPLEX",
                   "tex": "vehicle 1: [0, 16, 13, 0]\nvehicle 2: [0, 15, 14, 11, 18, 7, 3, 1, 24, 25, 0]\nvehicle 3: [0, 23, 2, 12, 22, 8, 17, 4, 0]\nvehicle 4: [0, 5, 19, 21, 6, 9, 20, 10, 0]\n"
}