{
   "max_completion_time": {
                             "5": 826.9999999999998,
                             "4": 826.9999999999998,
                             "6": 769.3000000000029,
                             "2": 524.0000000000201,
                             "3": 630,
                             "1": 827
                          },
                  "name": "R201-50",
            "solve_time": 4.111000061035156,
          "relative_gap": 0,
                 "route": {
                             "5": [
                                    0,
                                    12,
                                    15,
                                    18,
                                    40,
                                    49,
                                    3,
                                    10,
                                    20,
                                    35,
                                    17,
                                    13,
                                    0
                                  ],
                             "4": [
                                    0,
                                    28,
                                    37,
                                    48,
                                    1,
                                    0
                                  ],
                             "6": [
                                    0,
                                    47,
                                    5,
                                    39,
                                    23,
                                    29,
                                    19,
                                    7,
                                    38,
                                    50,
                                    26,
                                    24,
                                    32,
                                    0
                                  ],
                             "2": [
                                    0,
                                    33,
                                    16,
                                    30,
                                    9,
                                    8,
                                    6,
                                    0
                                  ],
                             "3": [
                                    0,
                                    42,
                                    45,
                                    36,
                                    31,
                                    14,
                                    2,
                                    44,
                                    21,
                                    46,
                                    43,
                                    0
                                  ],
                             "1": [
                                    0,
                                    11,
                                    27,
                                    41,
                                    22,
                                    34,
                                    4,
                                    25,
                                    0
                                  ]
                          },
          "obj_function": 2163.699999999896,
             "total_com": 21174.300000000003,
           "num_vehicle": 6,
           "solver_name": "CPLEX",
                   "tex": "vehicle 1: [0, 11, 27, 41, 22, 34, 4, 25, 0]\nvehicle 2: [0, 33, 16, 30, 9, 8, 6, 0]\nvehicle 3: [0, 42, 45, 36, 31, 14, 2, 44, 21, 46, 43, 0]\nvehicle 4: [0, 28, 37, 48, 1, 0]\nvehicle 5: [0, 12, 15, 18, 40, 49, 3, 10, 20, 35, 17, 13, 0]\nvehicle 6: [0, 47, 5, 39, 23, 29, 19, 7, 38, 50, 26, 24, 32, 0]\n"
}