{
   "max_completion_time": {
                             "4": 803.9000000000015,
                             "2": 827,
                             "3": 483.1000000000022,
                             "1": 714
                          },
                  "name": "R202-25",
            "solve_time": 3.8469998836517334,
          "relative_gap": 0,
                 "route": {
                             "4": [
                                    0,
                                    23,
                                    22,
                                    8,
                                    20,
                                    10,
                                    17,
                                    4,
                                    0
                                  ],
                             "2": [
                                    0,
                                    16,
                                    7,
                                    1,
                                    5,
                                    2,
                                    9,
                                    13,
                                    25,
                                    0
                                  ],
                             "3": [
                                    0,
                                    14,
                                    15,
                                    11,
                                    12,
                                    19,
                                    3,
                                    21,
                                    6,
                                    0
                                  ],
                             "1": [
                                    0,
                                    18,
                                    24,
                                    0
                                  ]
                          },
          "obj_function": 1121.599999999995,
             "total_com": 11308.400000000001,
           "num_vehicle": 4,
           "solver_name": "CPLEX",
                   "tex": "vehicle 1: [0, 18, 24, 0]\nvehicle 2: [0, 16, 7, 1, 5, 2, 9, 13, 25, 0]\nvehicle 3: [0, 14, 15, 11, 12, 19, 3, 21, 6, 0]\nvehicle 4: [0, 23, 22, 8, 20, 10, 17, 4, 0]\n"
}