{
   "max_completion_time": {
                             "2": 323.5,
                             "3": 823,
                             "1": 827
                          },
                  "name": "R203-25",
            "solve_time": 2.4260001182556152,
          "relative_gap": 0,
                 "route": {
                             "2": [
                                    0,
                                    16,
                                    7,
                                    5,
                                    23,
                                    24,
                                    14,
                                    0
                                  ],
                             "3": [
                                    0,
                                    11,
                                    15,
                                    21,
                                    9,
                                    17,
                                    2,
                                    18,
                                    0
                                  ],
                             "1": [
                                    0,
                                    12,
                                    8,
                                    22,
                                    6,
                                    20,
                                    19,
                                    10,
                                    3,
                                    1,
                                    4,
                                    13,
                                    25,
                                    0
                                  ]
                          },
          "obj_function": 1007,
             "total_com": 11397.999999999985,
           "num_vehicle": 3,
           "solver_name": "CPLEX",
                   "tex": "vehicle 1: [0, 12, 8, 22, 6, 20, 19, 10, 3, 1, 4, 13, 25, 0]\nvehicle 2: [0, 16, 7, 5, 23, 24, 14, 0]\nvehicle 3: [0, 11, 15, 21, 9, 17, 2, 18, 0]\n"
}