{
   "max_completion_time": {
                             "5": 826.9999999999998,
                             "4": 732.1999999999971,
                             "2": 796.1999999999971,
                             "3": 827,
                             "1": 826.9999999999998
                          },
                  "name": "R203-50",
            "solve_time": 558.3529999256134,
          "relative_gap": 0,
                 "route": {
                             "5": [
                                    0,
                                    39,
                                    3,
                                    29,
                                    23,
                                    38,
                                    41,
                                    13,
                                    4,
                                    2,
                                    0
                                  ],
                             "4": [
                                    0,
                                    20,
                                    28,
                                    22,
                                    9,
                                    10,
                                    21,
                                    7,
                                    12,
                                    0
                                  ],
                             "2": [
                                    0,
                                    43,
                                    27,
                                    31,
                                    16,
                                    44,
                                    34,
                                    6,
                                    19,
                                    35,
                                    24,
                                    5,
                                    0
                                  ],
                             "3": [
                                    0,
                                    45,
                                    42,
                                    26,
                                    32,
                                    1,
                                    18,
                                    30,
                                    40,
                                    25,
                                    0
                                  ],
                             "1": [
                                    0,
                                    33,
                                    47,
                                    36,
                                    37,
                                    11,
                                    15,
                                    50,
                                    14,
                                    8,
                                    49,
                                    17,
                                    48,
                                    46,
                                    0
                                  ]
                          },
          "obj_function": 440.800000000017,
             "total_com": 20845.700000008976,
           "num_vehicle": 5,
           "solver_name": "CPLEX",
                   "tex": "vehicle 1: [0, 33, 47, 36, 37, 11, 15, 50, 14, 8, 49, 17, 48, 46, 0]\nvehicle 2: [0, 43, 27, 31, 16, 44, 34, 6, 19, 35, 24, 5, 0]\nvehicle 3: [0, 45, 42, 26, 32, 1, 18, 30, 40, 25, 0]\nvehicle 4: [0, 20, 28, 22, 9, 10, 21, 7, 12, 0]\nvehicle 5: [0, 39, 3, 29, 23, 38, 41, 13, 4, 2, 0]\n"
}