{
   "max_completion_time": {
                             "2": 826.9999999999998,
                             "1": 827
                          },
                  "name": "R204-25",
            "solve_time": 4.3480000495910645,
          "relative_gap": 0,
                 "route": {
                             "2": [
                                    0,
                                    12,
                                    23,
                                    15,
                                    19,
                                    3,
                                    9,
                                    21,
                                    24,
                                    14,
                                    7,
                                    17,
                                    1,
                                    10,
                                    6,
                                    18,
                                    5,
                                    0
                                  ],
                             "1": [
                                    0,
                                    11,
                                    20,
                                    8,
                                    22,
                                    2,
                                    16,
                                    13,
                                    4,
                                    25,
                                    0
                                  ]
                          },
          "obj_function": 2.2737367544323206e-13,
             "total_com": 12988.400000000007,
           "num_vehicle": 2,
           "solver_name": "CPLEX",
                   "tex": "vehicle 1: [0, 11, 20, 8, 22, 2, 16, 13, 4, 25, 0]\nvehicle 2: [0, 12, 23, 15, 19, 3, 9, 21, 24, 14, 7, 17, 1, 10, 6, 18, 5, 0]\n"
}