{
   "max_completion_time": {
                             "4": 801.2999999999956,
                             "2": 801.2999999999956,
                             "3": 780.0000000000147,
                             "1": 725
                          },
                  "name": "R205-50",
            "solve_time": 602.0620000362396,
          "relative_gap": 0.08898040683887073,
                 "route": {
                             "4": [
                                    0,
                                    36,
                                    31,
                                    14,
                                    44,
                                    5,
                                    28,
                                    30,
                                    18,
                                    40,
                                    22,
                                    7,
                                    34,
                                    13,
                                    1,
                                    24,
                                    35,
                                    32,
                                    0
                                  ],
                             "2": [
                                    0,
                                    15,
                                    45,
                                    11,
                                    23,
                                    19,
                                    20,
                                    8,
                                    25,
                                    48,
                                    0
                                  ],
                             "3": [
                                    0,
                                    42,
                                    39,
                                    33,
                                    47,
                                    27,
                                    21,
                                    41,
                                    12,
                                    43,
                                    49,
                                    46,
                                    17,
                                    37,
                                    0
                                  ],
                             "1": [
                                    0,
                                    29,
                                    16,
                                    38,
                                    2,
                                    9,
                                    26,
                                    6,
                                    10,
                                    3,
                                    4,
                                    50,
                                    0
                                  ]
                          },
          "obj_function": 250.19999999996787,
             "total_com": 22098.69999999996,
           "num_vehicle": 4,
           "solver_name": "CPLEX",
                   "tex": "vehicle 1: [0, 29, 16, 38, 2, 9, 26, 6, 10, 3, 4, 50, 0]\nvehicle 2: [0, 15, 45, 11, 23, 19, 20, 8, 25, 48, 0]\nvehicle 3: [0, 42, 39, 33, 47, 27, 21, 41, 12, 43, 49, 46, 17, 37, 0]\nvehicle 4: [0, 36, 31, 14, 44, 5, 28, 30, 18, 40, 22, 7, 34, 13, 1, 24, 35, 32, 0]\n"
}