{
   "max_completion_time": {
                             "2": 703.7000000000007,
                             "3": 692,
                             "1": 726
                          },
                  "name": "R205-25",
            "solve_time": 21.673999786376953,
          "relative_gap": 0,
                 "route": {
                             "2": [
                                    0,
                                    14,
                                    11,
                                    2,
                                    21,
                                    12,
                                    22,
                                    16,
                                    19,
                                    20,
                                    8,
                                    10,
                                    24,
                                    1,
                                    0
                                  ],
                             "3": [
                                    0,
                                    7,
                                    18,
                                    9,
                                    6,
                                    13,
                                    17,
                                    0
                                  ],
                             "1": [
                                    0,
                                    5,
                                    15,
                                    23,
                                    4,
                                    3,
                                    25,
                                    0
                                  ]
                          },
          "obj_function": 68,
             "total_com": 10402.400000000005,
           "num_vehicle": 3,
           "solver_name": "CPLEX",
                   "tex": "vehicle 1: [0, 5, 15, 23, 4, 3, 25, 0]\nvehicle 2: [0, 14, 11, 2, 21, 12, 22, 16, 19, 20, 8, 10, 24, 1, 0]\nvehicle 3: [0, 7, 18, 9, 6, 13, 17, 0]\n"
}