{
   "max_completion_time": {
                             "4": 534.3000000010029,
                             "2": 453,
                             "3": 926.8999999909943,
                             "1": 926.8999999899943
                          },
                  "name": "R206-50",
            "solve_time": 603.5040001869202,
          "relative_gap": 0.21674398531895692,
                 "route": {
                             "4": [
                                    0,
                                    42,
                                    47,
                                    11,
                                    15,
                                    27,
                                    19,
                                    48,
                                    38,
                                    22,
                                    0
                                  ],
                             "2": [
                                    0,
                                    30,
                                    36,
                                    23,
                                    44,
                                    16,
                                    0
                                  ],
                             "3": [
                                    0,
                                    18,
                                    40,
                                    29,
                                    3,
                                    49,
                                    46,
                                    43,
                                    31,
                                    10,
                                    34,
                                    50,
                                    24,
                                    25,
                                    1,
                                    7,
                                    17,
                                    21,
                                    0
                                  ],
                             "1": [
                                    0,
                                    28,
                                    14,
                                    45,
                                    33,
                                    39,
                                    6,
                                    8,
                                    41,
                                    37,
                                    20,
                                    9,
                                    32,
                                    4,
                                    13,
                                    35,
                                    12,
                                    2,
                                    26,
                                    5,
                                    0
                                  ]
                          },
          "obj_function": 1814.2999999619742,
             "total_com": 24940.49999987296,
           "num_vehicle": 4,
           "solver_name": "CPLEX",
                   "tex": "vehicle 1: [0, 28, 14, 45, 33, 39, 6, 8, 41, 37, 20, 9, 32, 4, 13, 35, 12, 2, 26, 5, 0]\nvehicle 2: [0, 30, 36, 23, 44, 16, 0]\nvehicle 3: [0, 18, 40, 29, 3, 49, 46, 43, 31, 10, 34, 50, 24, 25, 1, 7, 17, 21, 0]\nvehicle 4: [0, 42, 47, 11, 15, 27, 19, 48, 38, 22, 0]\n"
}