{
   "max_completion_time": {
                             "2": 692,
                             "3": 726,
                             "1": 726
                          },
                  "name": "R206-25",
            "solve_time": 1.2709999084472656,
          "relative_gap": 0,
                 "route": {
                             "2": [
                                    0,
                                    11,
                                    14,
                                    1,
                                    5,
                                    15,
                                    7,
                                    9,
                                    3,
                                    13,
                                    17,
                                    0
                                  ],
                             "3": [
                                    0,
                                    23,
                                    16,
                                    19,
                                    24,
                                    25,
                                    0
                                  ],
                             "1": [
                                    0,
                                    6,
                                    8,
                                    18,
                                    21,
                                    2,
                                    22,
                                    10,
                                    20,
                                    4,
                                    12,
                                    0
                                  ]
                          },
          "obj_function": 68,
             "total_com": 11619.800000000014,
           "num_vehicle": 3,
           "solver_name": "CPLEX",
                   "tex": "vehicle 1: [0, 6, 8, 18, 21, 2, 22, 10, 20, 4, 12, 0]\nvehicle 2: [0, 11, 14, 1, 5, 15, 7, 9, 3, 13, 17, 0]\nvehicle 3: [0, 23, 16, 19, 24, 25, 0]\n"
}