{
   "max_completion_time": {
                             "2": 687.0999999999985,
                             "3": 725.9999999999998,
                             "1": 726
                          },
                  "name": "R207-25",
            "solve_time": 1.9010000228881836,
          "relative_gap": 0,
                 "route": {
                             "2": [
                                    0,
                                    21,
                                    19,
                                    11,
                                    3,
                                    23,
                                    8,
                                    1,
                                    7,
                                    4,
                                    10,
                                    0
                                  ],
                             "3": [
                                    0,
                                    12,
                                    15,
                                    5,
                                    20,
                                    9,
                                    2,
                                    14,
                                    24,
                                    16,
                                    13,
                                    17,
                                    18,
                                    0
                                  ],
                             "1": [
                                    0,
                                    22,
                                    6,
                                    25,
                                    0
                                  ]
                          },
          "obj_function": 77.80000000000291,
             "total_com": 9741.600000000002,
           "num_vehicle": 3,
           "solver_name": "CPLEX",
                   "tex": "vehicle 1: [0, 22, 6, 25, 0]\nvehicle 2: [0, 21, 19, 11, 3, 23, 8, 1, 7, 4, 10, 0]\nvehicle 3: [0, 12, 15, 5, 20, 9, 2, 14, 24, 16, 13, 17, 18, 0]\n"
}