{
   "max_completion_time": {
                             "2": 725.9999999999998,
                             "1": 726
                          },
                  "name": "R208-25",
            "solve_time": 0.39100003242492676,
          "relative_gap": 0,
                 "route": {
                             "2": [
                                    0,
                                    21,
                                    11,
                                    16,
                                    14,
                                    5,
                                    20,
                                    1,
                                    8,
                                    24,
                                    3,
                                    4,
                                    22,
                                    6,
                                    2,
                                    0
                                  ],
                             "1": [
                                    0,
                                    23,
                                    7,
                                    19,
                                    18,
                                    15,
                                    12,
                                    9,
                                    17,
                                    10,
                                    13,
                                    25,
                                    0
                                  ]
                          },
          "obj_function": 2.2737367544323206e-13,
             "total_com": 10044.399999999983,
           "num_vehicle": 2,
           "solver_name": "CPLEX",
                   "tex": "vehicle 1: [0, 23, 7, 19, 18, 15, 12, 9, 17, 10, 13, 25, 0]\nvehicle 2: [0, 21, 11, 16, 14, 5, 20, 1, 8, 24, 3, 4, 22, 6, 2, 0]\n"
}