{
   "max_completion_time": {
                             "2": 643,
                             "1": 646
                          },
                  "name": "R209-25",
            "solve_time": 1.8670001029968262,
          "relative_gap": 0,
                 "route": {
                             "2": [
                                    0,
                                    2,
                                    15,
                                    5,
                                    12,
                                    21,
                                    16,
                                    7,
                                    8,
                                    14,
                                    25,
                                    22,
                                    17,
                                    20,
                                    3,
                                    24,
                                    0
                                  ],
                             "1": [
                                    0,
                                    23,
                                    19,
                                    18,
                                    11,
                                    13,
                                    4,
                                    9,
                                    10,
                                    6,
                                    1,
                                    0
                                  ]
                          },
          "obj_function": 3,
             "total_com": 9874.199999999964,
           "num_vehicle": 2,
           "solver_name": "CPLEX",
                   "tex": "vehicle 1: [0, 23, 19, 18, 11, 13, 4, 9, 10, 6, 1, 0]\nvehicle 2: [0, 2, 15, 5, 12, 21, 16, 7, 8, 14, 25, 22, 17, 20, 3, 24, 0]\n"
}