{
   "max_completion_time": {
                             "2": 404,
                             "3": 836,
                             "1": 835.9999999999998
                          },
                  "name": "R210-25",
            "solve_time": 0.2590000629425049,
          "relative_gap": 0,
                 "route": {
                             "2": [
                                    0,
                                    15,
                                    9,
                                    0
                                  ],
                             "3": [
                                    0,
                                    14,
                                    19,
                                    2,
                                    23,
                                    11,
                                    8,
                                    20,
                                    5,
                                    1,
                                    21,
                                    7,
                                    13,
                                    4,
                                    25,
                                    0
                                  ],
                             "1": [
                                    0,
                                    22,
                                    16,
                                    10,
                                    6,
                                    18,
                                    3,
                                    12,
                                    17,
                                    24,
                                    0
                                  ]
                          },
          "obj_function": 864,
             "total_com": 12329.5,
           "num_vehicle": 3,
           "solver_name": "CPLEX",
                   "tex": "vehicle 1: [0, 22, 16, 10, 6, 18, 3, 12, 17, 24, 0]\nvehicle 2: [0, 15, 9, 0]\nvehicle 3: [0, 14, 19, 2, 23, 11, 8, 20, 5, 1, 21, 7, 13, 4, 25, 0]\n"
}