{
   "max_completion_time": {
                             "2": 529.9999055937678,
                             "1": 529.9996467515284
                          },
                  "name": "R211-25",
            "solve_time": 3600.020215034485,
          "relative_gap": 0.08113191179835072,
                 "route": {
                             "2": [
                                    0,
                                    15,
                                    19,
                                    14,
                                    7,
                                    12,
                                    6,
                                    16,
                                    22,
                                    3,
                                    24,
                                    25,
                                    4,
                                    13,
                                    0
                                  ],
                             "1": [
                                    0,
                                    21,
                                    23,
                                    5,
                                    2,
                                    18,
                                    11,
                                    8,
                                    9,
                                    20,
                                    10,
                                    1,
                                    17,
                                    0
                                  ]
                          },
          "obj_function": 0.00025884223941829987,
             "total_com": 7800.400831467838,
           "num_vehicle": 2,
           "solver_name": "Gurobi",
                   "tex": "vehicle 1: [0, 21, 23, 5, 2, 18, 11, 8, 9, 20, 10, 1, 17, 0]\nvehicle 2: [0, 15, 19, 14, 7, 12, 6, 16, 22, 3, 24, 25, 4, 13, 0]\n"
}