{
   "max_completion_time": {
                             "2": 529.2000000000044,
                             "1": 541.499999996
                          },
                  "name": "R211-25",
            "solve_time": 600.4690001010895,
          "relative_gap": 0.10064635271559205,
                 "route": {
                             "2": [
                                    0,
                                    15,
                                    2,
                                    8,
                                    11,
                                    12,
                                    22,
                                    3,
                                    24,
                                    13,
                                    17,
                                    0
                                  ],
                             "1": [
                                    0,
                                    5,
                                    23,
                                    14,
                                    21,
                                    16,
                                    19,
                                    7,
                                    6,
                                    18,
                                    9,
                                    20,
                                    10,
                                    1,
                                    4,
                                    25,
                                    0
                                  ]
                          },
          "obj_function": 12.299999995995677,
             "total_com": 8136.499999980973,
           "num_vehicle": 2,
           "solver_name": "CPLEX",
                   "tex": "vehicle 1: [0, 5, 23, 14, 21, 16, 19, 7, 6, 18, 9, 20, 10, 1, 4, 25, 0]\nvehicle 2: [0, 15, 2, 8, 11, 12, 22, 3, 24, 13, 17, 0]\n"
}