{
   "max_completion_time": {
                             "5": 178,
                             "4": 172.09999999999854,
                             "6": 153,
                             "7": 178,
                             "2": 163.99999999999986,
                             "8": 178,
                             "3": 158,
                             "1": 155.00000000001455
                          },
                  "name": "RC101-50",
            "solve_time": 600.1050000190735,
          "relative_gap": 0.05617977528088185,
                 "route": {
                             "5": [
                                    0,
                                    11,
                                    12,
                                    16,
                                    9,
                                    10,
                                    13,
                                    17,
                                    0
                                  ],
                             "4": [
                                    0,
                                    36,
                                    39,
                                    44,
                                    6,
                                    1,
                                    4,
                                    0
                                  ],
                             "6": [
                                    0,
                                    5,
                                    45,
                                    2,
                                    7,
                                    8,
                                    3,
                                    46,
                                    0
                                  ],
                             "7": [
                                    0,
                                    42,
                                    38,
                                    41,
                                    40,
                                    43,
                                    37,
                                    35,
                                    0
                                  ],
                             "2": [
                                    0,
                                    27,
                                    28,
                                    30,
                                    50,
                                    32,
                                    0
                                  ],
                             "8": [
                                    0,
                                    14,
                                    47,
                                    15,
                                    22,
                                    20,
                                    48,
                                    25,
                                    0
                                  ],
                             "3": [
                                    0,
                                    23,
                                    21,
                                    19,
                                    18,
                                    49,
                                    24,
                                    0
                                  ],
                             "1": [
                                    0,
                                    33,
                                    29,
                                    31,
                                    34,
                                    26,
                                    0
                                  ]
                          },
          "obj_function": 358.0999999999259,
             "total_com": 5680.399999999965,
           "num_vehicle": 8,
           "solver_name": "CPLEX",
                   "tex": "vehicle 1: [0, 33, 29, 31, 34, 26, 0]\nvehicle 2: [0, 27, 28, 30, 50, 32, 0]\nvehicle 3: [0, 23, 21, 19, 18, 49, 24, 0]\nvehicle 4: [0, 36, 39, 44, 6, 1, 4, 0]\nvehicle 5: [0, 11, 12, 16, 9, 10, 13, 17, 0]\nvehicle 6: [0, 5, 45, 2, 7, 8, 3, 46, 0]\nvehicle 7: [0, 42, 38, 41, 40, 43, 37, 35, 0]\nvehicle 8: [0, 14, 47, 15, 22, 20, 48, 25, 0]\n"
}