{
   "max_completion_time": {
                             "4": 176.29999999999927,
                             "2": 181,
                             "3": 181,
                             "1": 172
                          },
                  "name": "RC105-25",
            "solve_time": 290.606999874115,
          "relative_gap": 0,
                 "route": {
                             "4": [
                                    0,
                                    5,
                                    2,
                                    1,
                                    8,
                                    6,
                                    7,
                                    4,
                                    3,
                                    0
                                  ],
                             "2": [
                                    0,
                                    11,
                                    9,
                                    10,
                                    17,
                                    0
                                  ],
                             "3": [
                                    0,
                                    21,
                                    19,
                                    23,
                                    18,
                                    22,
                                    20,
                                    24,
                                    25,
                                    0
                                  ],
                             "1": [
                                    0,
                                    14,
                                    15,
                                    16,
                                    12,
                                    13,
                                    0
                                  ]
                          },
          "obj_function": 31.700000000000728,
             "total_com": 2909.0000000000036,
           "num_vehicle": 4,
           "solver_name": "CPLEX",
                   "tex": "vehicle 1: [0, 14, 15, 16, 12, 13, 0]\nvehicle 2: [0, 11, 9, 10, 17, 0]\nvehicle 3: [0, 21, 19, 23, 18, 22, 20, 24, 25, 0]\nvehicle 4: [0, 5, 2, 1, 8, 6, 7, 4, 3, 0]\n"
}