{
   "max_completion_time": {
                             "2": 169.49999999999997,
                             "3": 169.5,
                             "1": 169.5
                          },
                  "name": "RC106-25",
            "solve_time": 600.9690001010895,
          "relative_gap": 0.1160818819550354,
                 "route": {
                             "2": [
                                    0,
                                    5,
                                    2,
                                    8,
                                    7,
                                    6,
                                    1,
                                    3,
                                    4,
                                    0
                                  ],
                             "3": [
                                    0,
                                    14,
                                    12,
                                    16,
                                    15,
                                    11,
                                    10,
                                    9,
                                    13,
                                    17,
                                    0
                                  ],
                             "1": [
                                    0,
                                    21,
                                    23,
                                    18,
                                    19,
                                    20,
                                    22,
                                    24,
                                    25,
                                    0
                                  ]
                          },
          "obj_function": 5.684341886080802e-14,
             "total_com": 2743.099999999995,
           "num_vehicle": 3,
           "solver_name": "CPLEX",
                   "tex": "vehicle 1: [0, 21, 23, 18, 19, 20, 22, 24, 25, 0]\nvehicle 2: [0, 5, 2, 8, 7, 6, 1, 3, 4, 0]\nvehicle 3: [0, 14, 12, 16, 15, 11, 10, 9, 13, 17, 0]\n"
}