{
   "max_completion_time": {
                             "4": 158,
                             "2": 173.09999999999854,
                             "3": 164,
                             "1": 173.09999999999854
                          },
                  "name": "RC101-25",
            "solve_time": 4.23199987411499,
          "relative_gap": 0,
                 "route": {
                             "4": [
                                    0,
                                    12,
                                    22,
                                    24,
                                    0
                                  ],
                             "2": [
                                    0,
                                    14,
                                    11,
                                    15,
                                    16,
                                    9,
                                    10,
                                    13,
                                    17,
                                    0
                                  ],
                             "3": [
                                    0,
                                    23,
                                    21,
                                    19,
                                    18,
                                    20,
                                    25,
                                    0
                                  ],
                             "1": [
                                    0,
                                    5,
                                    2,
                                    7,
                                    6,
                                    8,
                                    3,
                                    4,
                                    1,
                                    0
                                  ]
                          },
          "obj_function": 54.39999999999418,
             "total_com": 2835.6999999999935,
           "num_vehicle": 4,
           "solver_name": "CPLEX",
                   "tex": "vehicle 1: [0, 5, 2, 7, 6, 8, 3, 4, 1, 0]\nvehicle 2: [0, 14, 11, 15, 16, 9, 10, 13, 17, 0]\nvehicle 3: [0, 23, 21, 19, 18, 20, 25, 0]\nvehicle 4: [0, 12, 22, 24, 0]\n"
}