{
   "max_completion_time": {
                             "2": 247.70000000000073,
                             "3": 794,
                             "1": 776.3999999999978
                          },
                  "name": "RC204-25",
            "solve_time": 0.3970000743865967,
          "relative_gap": 0,
                 "route": {
                             "2": [
                                    0,
                                    18,
                                    15,
                                    16,
                                    12,
                                    10,
                                    14,
                                    0
                                  ],
                             "3": [
                                    0,
                                    3,
                                    6,
                                    11,
                                    9,
                                    8,
                                    25,
                                    0
                                  ],
                             "1": [
                                    0,
                                    23,
                                    24,
                                    20,
                                    7,
                                    2,
                                    22,
                                    17,
                                    21,
                                    19,
                                    5,
                                    4,
                                    13,
                                    1,
                                    0
                                  ]
                          },
          "obj_function": 1092.5999999999985,
             "total_com": 9039.999999999993,
           "num_vehicle": 3,
           "solver_name": "CPLEX",
                   "tex": "vehicle 1: [0, 23, 24, 20, 7, 2, 22, 17, 21, 19, 5, 4, 13, 1, 0]\nvehicle 2: [0, 18, 15, 16, 12, 10, 14, 0]\nvehicle 3: [0, 3, 6, 11, 9, 8, 25, 0]\n"
}