{
   "max_completion_time": {
                             "2": 793.9999999999998,
                             "3": 794,
                             "1": 615.2999999999956
                          },
                  "name": "RC202-25",
            "solve_time": 6.49399995803833,
          "relative_gap": 0,
                 "route": {
                             "2": [
                                    0,
                                    14,
                                    21,
                                    16,
                                    1,
                                    6,
                                    22,
                                    4,
                                    12,
                                    17,
                                    13,
                                    24,
                                    0
                                  ],
                             "3": [
                                    0,
                                    23,
                                    7,
                                    9,
                                    18,
                                    25,
                                    0
                                  ],
                             "1": [
                                    0,
                                    11,
                                    15,
                                    3,
                                    19,
                                    5,
                                    8,
                                    2,
                                    20,
                                    10,
                                    0
                                  ]
                          },
          "obj_function": 357.40000000000873,
             "total_com": 11013.699999999983,
           "num_vehicle": 3,
           "solver_name": "CPLEX",
                   "tex": "vehicle 1: [0, 11, 15, 3, 19, 5, 8, 2, 20, 10, 0]\nvehicle 2: [0, 14, 21, 16, 1, 6, 22, 4, 12, 17, 13, 24, 0]\nvehicle 3: [0, 23, 7, 9, 18, 25, 0]\n"
}