{
   "max_completion_time": {
                             "2": 794,
                             "3": 683,
                             "1": 774
                          },
                  "name": "RC201-25",
            "solve_time": 5.0269999504089355,
          "relative_gap": 0,
                 "route": {
                             "2": [
                                    0,
                                    15,
                                    2,
                                    6,
                                    7,
                                    20,
                                    24,
                                    25,
                                    0
                                  ],
                             "3": [
                                    0,
                                    14,
                                    11,
                                    12,
                                    16,
                                    23,
                                    18,
                                    19,
                                    22,
                                    9,
                                    3,
                                    1,
                                    0
                                  ],
                             "1": [
                                    0,
                                    5,
                                    21,
                                    8,
                                    10,
                                    13,
                                    17,
                                    4,
                                    0
                                  ]
                          },
          "obj_function": 222,
             "total_com": 10477.100000000002,
           "num_vehicle": 3,
           "solver_name": "CPLEX",
                   "tex": "vehicle 1: [0, 5, 21, 8, 10, 13, 17, 4, 0]\nvehicle 2: [0, 15, 2, 6, 7, 20, 24, 25, 0]\nvehicle 3: [0, 14, 11, 12, 16, 23, 18, 19, 22, 9, 3, 1, 0]\n"
}