{
   "max_completion_time": {
                             "2": 793.9999999999998,
                             "3": 783,
                             "1": 794
                          },
                  "name": "RC203-25",
            "solve_time": 2.015000104904175,
          "relative_gap": 0,
                 "route": {
                             "2": [
                                    0,
                                    16,
                                    23,
                                    15,
                                    14,
                                    12,
                                    11,
                                    8,
                                    6,
                                    10,
                                    18,
                                    21,
                                    20,
                                    3,
                                    0
                                  ],
                             "3": [
                                    0,
                                    1,
                                    13,
                                    0
                                  ],
                             "1": [
                                    0,
                                    5,
                                    2,
                                    24,
                                    7,
                                    9,
                                    19,
                                    22,
                                    4,
                                    17,
                                    25,
                                    0
                                  ]
                          },
          "obj_function": 22,
             "total_com": 9840.599999999995,
           "num_vehicle": 3,
           "solver_name": "CPLEX",
                   "tex": "vehicle 1: [0, 5, 2, 24, 7, 9, 19, 22, 4, 17, 25, 0]\nvehicle 2: [0, 16, 23, 15, 14, 12, 11, 8, 6, 10, 18, 21, 20, 3, 0]\nvehicle 3: [0, 1, 13, 0]\n"
}