{
   "max_completion_time": {
                             "2": 673.9999999999998,
                             "3": 674,
                             "1": 653
                          },
                  "name": "RC206-25",
            "solve_time": 1.5419998168945312,
          "relative_gap": 0,
                 "route": {
                             "2": [
                                    0,
                                    19,
                                    15,
                                    12,
                                    2,
                                    10,
                                    1,
                                    0
                                  ],
                             "3": [
                                    0,
                                    21,
                                    23,
                                    5,
                                    3,
                                    13,
                                    24,
                                    25,
                                    0
                                  ],
                             "1": [
                                    0,
                                    11,
                                    16,
                                    14,
                                    9,
                                    6,
                                    7,
                                    8,
                                    18,
                                    20,
                                    22,
                                    4,
                                    17,
                                    0
                                  ]
                          },
          "obj_function": 42,
             "total_com": 10506.200000000019,
           "num_vehicle": 3,
           "solver_name": "CPLEX",
                   "tex": "vehicle 1: [0, 11, 16, 14, 9, 6, 7, 8, 18, 20, 22, 4, 17, 0]\nvehicle 2: [0, 19, 15, 12, 2, 10, 1, 0]\nvehicle 3: [0, 21, 23, 5, 3, 13, 24, 25, 0]\n"
}