{
   "max_completion_time": {
                             "2": 608,
                             "3": 601,
                             "1": 602
                          },
                  "name": "RC207-25",
            "solve_time": 7.019999980926514,
          "relative_gap": 0,
                 "route": {
                             "2": [
                                    0,
                                    23,
                                    21,
                                    2,
                                    15,
                                    8,
                                    22,
                                    25,
                                    11,
                                    10,
                                    24,
                                    0
                                  ],
                             "3": [
                                    0,
                                    14,
                                    7,
                                    5,
                                    17,
                                    18,
                                    6,
                                    1,
                                    0
                                  ],
                             "1": [
                                    0,
                                    12,
                                    16,
                                    19,
                                    13,
                                    3,
                                    4,
                                    9,
                                    20,
                                    0
                                  ]
                          },
          "obj_function": 14,
             "total_com": 9912.799999999937,
           "num_vehicle": 3,
           "solver_name": "CPLEX",
                   "tex": "vehicle 1: [0, 12, 16, 19, 13, 3, 4, 9, 20, 0]\nvehicle 2: [0, 23, 21, 2, 15, 8, 22, 25, 11, 10, 24, 0]\nvehicle 3: [0, 14, 7, 5, 17, 18, 6, 1, 0]\n"
}