{
   "max_completion_time": {
                             "5": 667,
                             "4": 659.0000000000146,
                             "2": 794,
                             "3": 793.9999999999998,
                             "1": 793.9999999999998
                          },
                  "name": "RC201-50",
            "solve_time": 17.263999938964844,
          "relative_gap": 0,
                 "route": {
                             "5": [
                                    0,
                                    47,
                                    44,
                                    19,
                                    23,
                                    6,
                                    7,
                                    46,
                                    37,
                                    35,
                                    0
                                  ],
                             "4": [
                                    0,
                                    42,
                                    14,
                                    15,
                                    30,
                                    29,
                                    10,
                                    32,
                                    26,
                                    0
                                  ],
                             "2": [
                                    0,
                                    5,
                                    39,
                                    31,
                                    27,
                                    28,
                                    11,
                                    12,
                                    16,
                                    41,
                                    34,
                                    50,
                                    25,
                                    0
                                  ],
                             "3": [
                                    0,
                                    33,
                                    36,
                                    2,
                                    9,
                                    8,
                                    20,
                                    43,
                                    17,
                                    1,
                                    0
                                  ],
                             "1": [
                                    0,
                                    45,
                                    21,
                                    40,
                                    38,
                                    22,
                                    18,
                                    49,
                                    3,
                                    4,
                                    13,
                                    48,
                                    24,
                                    0
                                  ]
                          },
          "obj_function": 793.9999999999413,
             "total_com": 20561.60000000005,
           "num_vehicle": 5,
           "solver_name": "CPLEX",
                   "tex": "vehicle 1: [0, 45, 21, 40, 38, 22, 18, 49, 3, 4, 13, 48, 24, 0]\nvehicle 2: [0, 5, 39, 31, 27, 28, 11, 12, 16, 41, 34, 50, 25, 0]\nvehicle 3: [0, 33, 36, 2, 9, 8, 20, 43, 17, 1, 0]\nvehicle 4: [0, 42, 14, 15, 30, 29, 10, 32, 26, 0]\nvehicle 5: [0, 47, 44, 19, 23, 6, 7, 46, 37, 35, 0]\n"
}