{
   "max_completion_time": {
                             "2": 709,
                             "3": 831,
                             "1": 708
                          },
                  "name": "RC205-25",
            "solve_time": 0.4029998779296875,
          "relative_gap": 0,
                 "route": {
                             "2": [
                                    0,
                                    7,
                                    15,
                                    19,
                                    23,
                                    8,
                                    22,
                                    10,
                                    24,
                                    20,
                                    0
                                  ],
                             "3": [
                                    0,
                                    2,
                                    16,
                                    21,
                                    14,
                                    6,
                                    3,
                                    5,
                                    1,
                                    12,
                                    4,
                                    13,
                                    25,
                                    0
                                  ],
                             "1": [
                                    0,
                                    11,
                                    9,
                                    18,
                                    17,
                                    0
                                  ]
                          },
          "obj_function": 246,
             "total_com": 10890.000000000011,
           "num_vehicle": 3,
           "solver_name": "CPLEX",
                   "tex": "vehicle 1: [0, 11, 9, 18, 17, 0]\nvehicle 2: [0, 7, 15, 19, 23, 8, 22, 10, 24, 20, 0]\nvehicle 3: [0, 2, 16, 21, 14, 6, 3, 5, 1, 12, 4, 13, 25, 0]\n"
}