{
   "max_completion_time": {
                             "2": 496.7000000000007,
                             "1": 496.7000000000007
                          },
                  "name": "RC208-25",
            "solve_time": 600.1529998779297,
          "relative_gap": 0.12421985101668669,
                 "route": {
                             "2": [
                                    0,
                                    21,
                                    14,
                                    15,
                                    18,
                                    5,
                                    2,
                                    3,
                                    8,
                                    1,
                                    4,
                                    17,
                                    0
                                  ],
                             "1": [
                                    0,
                                    19,
                                    23,
                                    11,
                                    16,
                                    12,
                                    6,
                                    7,
                                    9,
                                    22,
                                    25,
                                    20,
                                    24,
                                    10,
                                    13,
                                    0
                                  ]
                          },
          "obj_function": 0,
             "total_com": 7956.500000000073,
           "num_vehicle": 2,
           "solver_name": "CPLEX",
                   "tex": "vehicle 1: [0, 19, 23, 11, 16, 12, 6, 7, 9, 22, 25, 20, 24, 10, 13, 0]\nvehicle 2: [0, 21, 14, 15, 18, 5, 2, 3, 8, 1, 4, 17, 0]\n"
}