i,vehi,obj,vehiBest,objBest,loFunc,note
1,25,6312.129999999999,25,6311.559999999999,swap,acceptBad
2,25,6316.73,25,6311.559999999999,swap,acceptBad
