{
   "max_completion_time": {
                              "5": 1087,
                              "4": 874.1,
                              "6": 786.6999999999939,
                              "7": 1091,
                              "2": 926,
                             "10": 1002,
                              "9": 1002,
                              "8": 1016.4999999999972,
                              "3": 1030.6,
                              "1": 1144
                          },
                  "name": "C101-100",
            "solve_time": 148.42533206939697,
          "relative_gap": 4.431632120887783e-5,
                 "route": {
                              "5": [
                                     0,
                                     43,
                                     42,
                                     41,
                                     40,
                                     44,
                                     46,
                                     45,
                                     48,
                                     51,
                                     50,
                                     75,
                                     0
                                   ],
                              "4": [
                                     0,
                                     32,
                                     33,
                                     31,
                                     35,
                                     37,
                                     38,
                                     39,
                                     36,
                                     34,
                                     0
                                   ],
                              "6": [
                                     0,
                                     57,
                                     55,
                                     54,
                                     53,
                                     56,
                                     58,
                                     60,
                                     59,
                                     0
                                   ],
                              "7": [
                                     0,
                                     67,
                                     65,
                                     63,
                                     62,
                                     74,
                                     72,
                                     61,
                                     64,
                                     68,
                                     66,
                                     49,
                                     0
                                   ],
                              "2": [
                                     0,
                                     13,
                                     17,
                                     18,
                                     19,
                                     15,
                                     16,
                                     14,
                                     12,
                                     91,
                                     0
                                   ],
                             "10": [
                                     0,
                                     98,
                                     96,
                                     95,
                                     94,
                                     92,
                                     93,
                                     97,
                                     100,
                                     99,
                                     1,
                                     0
                                   ],
                              "9": [
                                     0,
                                     90,
                                     87,
                                     86,
                                     83,
                                     82,
                                     84,
                                     85,
                                     88,
                                     89,
                                     52,
                                     0
                                   ],
                              "8": [
                                     0,
                                     81,
                                     78,
                                     76,
                                     71,
                                     70,
                                     73,
                                     77,
                                     79,
                                     80,
                                     69,
                                     0
                                   ],
                              "3": [
                                     0,
                                     20,
                                     24,
                                     25,
                                     27,
                                     29,
                                     30,
                                     28,
                                     26,
                                     23,
                                     22,
                                     21,
                                     0
                                   ],
                              "1": [
                                     0,
                                     5,
                                     3,
                                     7,
                                     8,
                                     10,
                                     11,
                                     9,
                                     6,
                                     4,
                                     2,
                                     47,
                                     0
                                   ]
                          },
          "obj_function": 5639.300000000053,
             "total_com": 54248.100000000035,
           "num_vehicle": 10,
           "solver_name": "Gurobi",
                   "tex": "vehicle 1: [0, 5, 3, 7, 8, 10, 11, 9, 6, 4, 2, 47, 0]\nvehicle 2: [0, 13, 17, 18, 19, 15, 16, 14, 12, 91, 0]\nvehicle 3: [0, 20, 24, 25, 27, 29, 30, 28, 26, 23, 22, 21, 0]\nvehicle 4: [0, 32, 33, 31, 35, 37, 38, 39, 36, 34, 0]\nvehicle 5: [0, 43, 42, 41, 40, 44, 46, 45, 48, 51, 50, 75, 0]\nvehicle 6: [0, 57, 55, 54, 53, 56, 58, 60, 59, 0]\nvehicle 7: [0, 67, 65, 63, 62, 74, 72, 61, 64, 68, 66, 49, 0]\nvehicle 8: [0, 81, 78, 76, 71, 70, 73, 77, 79, 80, 69, 0]\nvehicle 9: [0, 90, 87, 86, 83, 82, 84, 85, 88, 89, 52, 0]\nvehicle 10: [0, 98, 96, 95, 94, 92, 93, 97, 100, 99, 1, 0]\n"
}