{
   "max_completion_time": {
                             "2": 915,
                             "3": 1004,
                             "1": 1002
                          },
                  "name": "C101-25",
            "solve_time": 0.29200005531311035,
          "relative_gap": 6.617080120821936e-5,
                 "route": {
                             "2": [
                                    0,
                                    20,
                                    24,
                                    25,
                                    10,
                                    16,
                                    14,
                                    4,
                                    2,
                                    0
                                  ],
                             "3": [
                                    0,
                                    5,
                                    3,
                                    7,
                                    8,
                                    15,
                                    9,
                                    12,
                                    22,
                                    21,
                                    0
                                  ],
                             "1": [
                                    0,
                                    13,
                                    17,
                                    18,
                                    19,
                                    11,
                                    6,
                                    23,
                                    1,
                                    0
                                  ]
                          },
          "obj_function": 178,
             "total_com": 12833.199999999997,
           "num_vehicle": 3,
           "solver_name": "CPLEX",
                   "tex": "vehicle 1: [0, 13, 17, 18, 19, 11, 6, 23, 1, 0]\nvehicle 2: [0, 20, 24, 25, 10, 16, 14, 4, 2, 0]\nvehicle 3: [0, 5, 3, 7, 8, 15, 9, 12, 22, 21, 0]\n"
}