{
   "max_completion_time": {
                             "2": 822,
                             "3": 817,
                             "1": 902
                          },
                  "name": "C102-25",
            "solve_time": 600.0164630413055,
          "relative_gap": 0.15630335309907922,
                 "route": {
                             "2": [
                                    0,
                                    13,
                                    17,
                                    18,
                                    19,
                                    15,
                                    16,
                                    14,
                                    23,
                                    0
                                  ],
                             "3": [
                                    0,
                                    2,
                                    1,
                                    3,
                                    5,
                                    7,
                                    21,
                                    12,
                                    4,
                                    0
                                  ],
                             "1": [
                                    0,
                                    20,
                                    24,
                                    25,
                                    8,
                                    10,
                                    11,
                                    9,
                                    6,
                                    22,
                                    0
                                  ]
                          },
          "obj_function": 170,
             "total_com": 11487.09999999995,
           "num_vehicle": 3,
           "solver_name": "Gurobi",
                   "tex": "vehicle 1: [0, 20, 24, 25, 8, 10, 11, 9, 6, 22, 0]\nvehicle 2: [0, 13, 17, 18, 19, 15, 16, 14, 23, 0]\nvehicle 3: [0, 2, 1, 3, 5, 7, 21, 12, 4, 0]\n"
}