{
   "max_completion_time": {
                             "5": 1144,
                             "4": 942.0999999999985,
                             "2": 1091,
                             "3": 1081.9000000000015,
                             "1": 1024.2999999999954
                          },
                  "name": "C102-50",
            "solve_time": 600.075159072876,
          "relative_gap": 0.29062060965622505,
                 "route": {
                             "5": [
                                    0,
                                    48,
                                    42,
                                    41,
                                    40,
                                    44,
                                    46,
                                    45,
                                    36,
                                    34,
                                    50,
                                    47,
                                    0
                                  ],
                             "4": [
                                    0,
                                    37,
                                    32,
                                    18,
                                    19,
                                    15,
                                    16,
                                    14,
                                    23,
                                    12,
                                    0
                                  ],
                             "2": [
                                    0,
                                    20,
                                    24,
                                    25,
                                    35,
                                    30,
                                    28,
                                    21,
                                    31,
                                    22,
                                    49,
                                    0
                                  ],
                             "3": [
                                    0,
                                    43,
                                    33,
                                    27,
                                    29,
                                    38,
                                    39,
                                    7,
                                    3,
                                    2,
                                    5,
                                    0
                                  ],
                             "1": [
                                    0,
                                    13,
                                    17,
                                    8,
                                    10,
                                    11,
                                    9,
                                    6,
                                    4,
                                    1,
                                    26,
                                    0
                                  ]
                          },
          "obj_function": 941.000000000015,
             "total_com": 28576.199999999997,
           "num_vehicle": 5,
           "solver_name": "Gurobi",
                   "tex": "vehicle 1: [0, 13, 17, 8, 10, 11, 9, 6, 4, 1, 26, 0]\nvehicle 2: [0, 20, 24, 25, 35, 30, 28, 21, 31, 22, 49, 0]\nvehicle 3: [0, 43, 33, 27, 29, 38, 39, 7, 3, 2, 5, 0]\nvehicle 4: [0, 37, 32, 18, 19, 15, 16, 14, 23, 12, 0]\nvehicle 5: [0, 48, 42, 41, 40, 44, 46, 45, 36, 34, 50, 47, 0]\n"
}