{
   "max_completion_time": {
                             "2": 817,
                             "3": 902,
                             "1": 822
                          },
                  "name": "C102-25",
            "solve_time": 3604.366000175476,
          "relative_gap": 0.17137709021945494,
                 "route": {
                             "2": [
                                    0,
                                    20,
                                    24,
                                    25,
                                    21,
                                    10,
                                    11,
                                    12,
                                    4,
                                    0
                                  ],
                             "3": [
                                    0,
                                    5,
                                    3,
                                    7,
                                    8,
                                    1,
                                    2,
                                    9,
                                    6,
                                    22,
                                    0
                                  ],
                             "1": [
                                    0,
                                    13,
                                    17,
                                    18,
                                    19,
                                    15,
                                    16,
                                    14,
                                    23,
                                    0
                                  ]
                          },
          "obj_function": 170,
             "total_com": 11399.39999999999,
           "num_vehicle": 3,
           "solver_name": "CPLEX",
                   "tex": "vehicle 1: [0, 13, 17, 18, 19, 15, 16, 14, 23, 0]\nvehicle 2: [0, 20, 24, 25, 21, 10, 11, 12, 4, 0]\nvehicle 3: [0, 5, 3, 7, 8, 1, 2, 9, 6, 22, 0]\n"
}