{
   "max_completion_time": {
                             "2": 902,
                             "3": 823.7000000000007,
                             "1": 822
                          },
                  "name": "C103-25",
            "solve_time": 3603.5240001678467,
          "relative_gap": 0.3401107196111455,
                 "route": {
                             "2": [
                                    0,
                                    20,
                                    24,
                                    25,
                                    8,
                                    10,
                                    11,
                                    9,
                                    6,
                                    22,
                                    0
                                  ],
                             "3": [
                                    0,
                                    13,
                                    17,
                                    14,
                                    18,
                                    15,
                                    12,
                                    16,
                                    4,
                                    0
                                  ],
                             "1": [
                                    0,
                                    7,
                                    5,
                                    3,
                                    1,
                                    2,
                                    21,
                                    19,
                                    23,
                                    0
                                  ]
                          },
          "obj_function": 160,
             "total_com": 11502.899999985993,
           "num_vehicle": 3,
           "solver_name": "CPLEX",
                   "tex": "vehicle 1: [0, 7, 5, 3, 1, 2, 21, 19, 23, 0]\nvehicle 2: [0, 20, 24, 25, 8, 10, 11, 9, 6, 22, 0]\nvehicle 3: [0, 13, 17, 14, 18, 15, 12, 16, 4, 0]\n"
}