{
   "max_completion_time": {
                             "2": 902,
                             "3": 822,
                             "1": 817
                          },
                  "name": "C103-25",
            "solve_time": 3604.5810000896454,
          "relative_gap": 0.3367791154745303,
                 "route": {
                             "2": [
                                    0,
                                    20,
                                    24,
                                    25,
                                    21,
                                    5,
                                    3,
                                    7,
                                    6,
                                    22,
                                    0
                                  ],
                             "3": [
                                    0,
                                    16,
                                    14,
                                    12,
                                    8,
                                    10,
                                    11,
                                    9,
                                    23,
                                    0
                                  ],
                             "1": [
                                    0,
                                    13,
                                    17,
                                    18,
                                    19,
                                    15,
                                    2,
                                    1,
                                    4,
                                    0
                                  ]
                          },
          "obj_function": 170,
             "total_com": 11445.699999999997,
           "num_vehicle": 3,
           "solver_name": "CPLEX",
                   "tex": "vehicle 1: [0, 13, 17, 18, 19, 15, 2, 1, 4, 0]\nvehicle 2: [0, 20, 24, 25, 21, 5, 3, 7, 6, 22, 0]\nvehicle 3: [0, 16, 14, 12, 8, 10, 11, 9, 23, 0]\n"
}