{
   "max_completion_time": {
                             "2": 865.8999999999957,
                             "3": 828.399999999993,
                             "1": 787.5999999999975
                          },
                  "name": "C104-25",
            "solve_time": 600.005448102951,
          "relative_gap": 0.39545082967835393,
                 "route": {
                             "2": [
                                    0,
                                    22,
                                    24,
                                    25,
                                    8,
                                    6,
                                    7,
                                    21,
                                    20,
                                    23,
                                    0
                                  ],
                             "3": [
                                    0,
                                    13,
                                    10,
                                    5,
                                    3,
                                    1,
                                    2,
                                    12,
                                    4,
                                    0
                                  ],
                             "1": [
                                    0,
                                    17,
                                    18,
                                    19,
                                    16,
                                    15,
                                    11,
                                    9,
                                    14,
                                    0
                                  ]
                          },
          "obj_function": 156.59999999999627,
             "total_com": 11478.19999999989,
           "num_vehicle": 3,
           "solver_name": "Gurobi",
                   "tex": "vehicle 1: [0, 17, 18, 19, 16, 15, 11, 9, 14, 0]\nvehicle 2: [0, 22, 24, 25, 8, 6, 7, 21, 20, 23, 0]\nvehicle 3: [0, 13, 10, 5, 3, 1, 2, 12, 4, 0]\n"
}