{
   "max_completion_time": {
                             "2": 822,
                             "3": 934.7999999999993,
                             "1": 823.2999999999989
                          },
                  "name": "C104-25",
            "solve_time": 3613.572000026703,
          "relative_gap": 0.5284199577219372,
                 "route": {
                             "2": [
                                    0,
                                    5,
                                    3,
                                    25,
                                    24,
                                    21,
                                    19,
                                    16,
                                    23,
                                    0
                                  ],
                             "3": [
                                    0,
                                    12,
                                    2,
                                    7,
                                    8,
                                    15,
                                    14,
                                    10,
                                    4,
                                    18,
                                    0
                                  ],
                             "1": [
                                    0,
                                    13,
                                    17,
                                    22,
                                    20,
                                    11,
                                    9,
                                    1,
                                    6,
                                    0
                                  ]
                          },
          "obj_function": 225.59999999999854,
             "total_com": 11921.199999988992,
           "num_vehicle": 3,
           "solver_name": "CPLEX",
                   "tex": "vehicle 1: [0, 13, 17, 22, 20, 11, 9, 1, 6, 0]\nvehicle 2: [0, 5, 3, 25, 24, 21, 19, 16, 23, 0]\nvehicle 3: [0, 12, 2, 7, 8, 15, 14, 10, 4, 18, 0]\n"
}