{
   "max_completion_time": {
                             "2": 906.6000000000022,
                             "3": 858.3999999999978,
                             "1": 822
                          },
                  "name": "C104-25",
            "solve_time": 3607.145000219345,
          "relative_gap": 0.5296234008551037,
                 "route": {
                             "2": [
                                    0,
                                    5,
                                    3,
                                    25,
                                    21,
                                    15,
                                    16,
                                    19,
                                    18,
                                    10,
                                    0
                                  ],
                             "3": [
                                    0,
                                    13,
                                    7,
                                    8,
                                    17,
                                    14,
                                    12,
                                    2,
                                    4,
                                    0
                                  ],
                             "1": [
                                    0,
                                    24,
                                    20,
                                    22,
                                    1,
                                    6,
                                    11,
                                    9,
                                    23,
                                    0
                                  ]
                          },
          "obj_function": 169.20000000000437,
             "total_com": 11951.69999999999,
           "num_vehicle": 3,
           "solver_name": "CPLEX",
                   "tex": "vehicle 1: [0, 24, 20, 22, 1, 6, 11, 9, 23, 0]\nvehicle 2: [0, 5, 3, 25, 21, 15, 16, 19, 18, 10, 0]\nvehicle 3: [0, 13, 7, 8, 17, 14, 12, 2, 4, 0]\n"
}