{
   "max_completion_time": {
                             "5": 874.1000000000049,
                             "4": 975,
                             "2": 919.9999999999983,
                             "3": 1067.3999412169064,
                             "1": 1084.9999823975977
                          },
                  "name": "C105-50",
            "solve_time": 600.0123767852783,
          "relative_gap": 0.06562925582043634,
                 "route": {
                             "5": [
                                    0,
                                    32,
                                    33,
                                    31,
                                    35,
                                    37,
                                    38,
                                    39,
                                    36,
                                    34,
                                    0
                                  ],
                             "4": [
                                    0,
                                    20,
                                    24,
                                    25,
                                    27,
                                    29,
                                    30,
                                    28,
                                    26,
                                    23,
                                    1,
                                    0
                                  ],
                             "2": [
                                    0,
                                    13,
                                    17,
                                    18,
                                    19,
                                    15,
                                    16,
                                    14,
                                    12,
                                    50,
                                    0
                                  ],
                             "3": [
                                    0,
                                    5,
                                    3,
                                    7,
                                    8,
                                    10,
                                    11,
                                    9,
                                    6,
                                    4,
                                    2,
                                    49,
                                    0
                                  ],
                             "1": [
                                    0,
                                    43,
                                    42,
                                    41,
                                    40,
                                    44,
                                    46,
                                    45,
                                    48,
                                    22,
                                    21,
                                    47,
                                    0
                                  ]
                          },
          "obj_function": 1138.3998120241874,
             "total_com": 26867.099847974307,
           "num_vehicle": 5,
           "solver_name": "Gurobi",
                   "tex": "vehicle 1: [0, 43, 42, 41, 40, 44, 46, 45, 48, 22, 21, 47, 0]\nvehicle 2: [0, 13, 17, 18, 19, 15, 16, 14, 12, 50, 0]\nvehicle 3: [0, 5, 3, 7, 8, 10, 11, 9, 6, 4, 2, 49, 0]\nvehicle 4: [0, 20, 24, 25, 27, 29, 30, 28, 26, 23, 1, 0]\nvehicle 5: [0, 32, 33, 31, 35, 37, 38, 39, 36, 34, 0]\n"
}