{
   "max_completion_time": {
                             "2": 892.0000000000001,
                             "3": 978,
                             "1": 975
                          },
                  "name": "C105-25",
            "solve_time": 267.52899980545044,
          "relative_gap": 7.213966238591293e-5,
                 "route": {
                             "2": [
                                    0,
                                    13,
                                    17,
                                    18,
                                    19,
                                    16,
                                    6,
                                    4,
                                    2,
                                    0
                                  ],
                             "3": [
                                    0,
                                    5,
                                    3,
                                    7,
                                    8,
                                    15,
                                    9,
                                    12,
                                    22,
                                    21,
                                    0
                                  ],
                             "1": [
                                    0,
                                    20,
                                    24,
                                    25,
                                    10,
                                    11,
                                    14,
                                    23,
                                    1,
                                    0
                                  ]
                          },
          "obj_function": 171.99999999999977,
             "total_com": 12475.799999999992,
           "num_vehicle": 3,
           "solver_name": "CPLEX",
                   "tex": "vehicle 1: [0, 20, 24, 25, 10, 11, 14, 23, 1, 0]\nvehicle 2: [0, 13, 17, 18, 19, 16, 6, 4, 2, 0]\nvehicle 3: [0, 5, 3, 7, 8, 15, 9, 12, 22, 21, 0]\n"
}