{
   "max_completion_time": {
                             "2": 980,
                             "3": 906,
                             "1": 1008
                          },
                  "name": "C106-25",
            "solve_time": 13.269999980926514,
          "relative_gap": 3.934498469480066e-5,
                 "route": {
                             "2": [
                                    0,
                                    13,
                                    17,
                                    18,
                                    19,
                                    11,
                                    6,
                                    23,
                                    1,
                                    0
                                  ],
                             "3": [
                                    0,
                                    20,
                                    24,
                                    25,
                                    10,
                                    16,
                                    14,
                                    4,
                                    2,
                                    0
                                  ],
                             "1": [
                                    0,
                                    5,
                                    3,
                                    7,
                                    8,
                                    15,
                                    9,
                                    12,
                                    22,
                                    21,
                                    0
                                  ]
                          },
          "obj_function": 204,
             "total_com": 12708.099999999995,
           "num_vehicle": 3,
           "solver_name": "CPLEX",
                   "tex": "vehicle 1: [0, 5, 3, 7, 8, 15, 9, 12, 22, 21, 0]\nvehicle 2: [0, 13, 17, 18, 19, 11, 6, 23, 1, 0]\nvehicle 3: [0, 20, 24, 25, 10, 16, 14, 4, 2, 0]\n"
}