{
   "max_completion_time": {
                             "2": 940,
                             "3": 755,
                             "1": 940
                          },
                  "name": "C107-25",
            "solve_time": 434.6640000343323,
          "relative_gap": 9.44012451583494e-5,
                 "route": {
                             "2": [
                                    0,
                                    5,
                                    3,
                                    7,
                                    8,
                                    11,
                                    9,
                                    23,
                                    22,
                                    21,
                                    0
                                  ],
                             "3": [
                                    0,
                                    20,
                                    24,
                                    25,
                                    10,
                                    16,
                                    6,
                                    4,
                                    0
                                  ],
                             "1": [
                                    0,
                                    13,
                                    17,
                                    18,
                                    19,
                                    15,
                                    14,
                                    12,
                                    2,
                                    1,
                                    0
                                  ]
                          },
          "obj_function": 370,
             "total_com": 12070.5,
           "num_vehicle": 3,
           "solver_name": "CPLEX",
                   "tex": "vehicle 1: [0, 13, 17, 18, 19, 15, 14, 12, 2, 1, 0]\nvehicle 2: [0, 5, 3, 7, 8, 11, 9, 23, 22, 21, 0]\nvehicle 3: [0, 20, 24, 25, 10, 16, 6, 4, 0]\n"
}