{
   "max_completion_time": {
                             "2": 920,
                             "3": 926,
                             "1": 846.0000000000001
                          },
                  "name": "C108-25",
            "solve_time": 3602.37299990654,
          "relative_gap": 0.07171129683994289,
                 "route": {
                             "2": [
                                    0,
                                    5,
                                    3,
                                    7,
                                    8,
                                    11,
                                    9,
                                    12,
                                    22,
                                    1,
                                    0
                                  ],
                             "3": [
                                    0,
                                    13,
                                    17,
                                    18,
                                    19,
                                    16,
                                    14,
                                    23,
                                    21,
                                    0
                                  ],
                             "1": [
                                    0,
                                    20,
                                    24,
                                    25,
                                    10,
                                    15,
                                    6,
                                    4,
                                    2,
                                    0
                                  ]
                          },
          "obj_function": 159.99999999999977,
             "total_com": 11897.800000000021,
           "num_vehicle": 3,
           "solver_name": "CPLEX",
                   "tex": "vehicle 1: [0, 20, 24, 25, 10, 15, 6, 4, 2, 0]\nvehicle 2: [0, 5, 3, 7, 8, 11, 9, 12, 22, 1, 0]\nvehicle 3: [0, 13, 17, 18, 19, 16, 14, 23, 21, 0]\n"
}