{
   "max_completion_time": {
                             "2": 920,
                             "3": 846,
                             "1": 926
                          },
                  "name": "C108-25",
            "solve_time": 600.0087678432465,
          "relative_gap": 0.058366407973254604,
                 "route": {
                             "2": [
                                    0,
                                    5,
                                    3,
                                    7,
                                    8,
                                    11,
                                    9,
                                    6,
                                    22,
                                    1,
                                    0
                                  ],
                             "3": [
                                    0,
                                    13,
                                    17,
                                    18,
                                    19,
                                    16,
                                    14,
                                    4,
                                    2,
                                    0
                                  ],
                             "1": [
                                    0,
                                    20,
                                    24,
                                    25,
                                    10,
                                    15,
                                    12,
                                    23,
                                    21,
                                    0
                                  ]
                          },
          "obj_function": 160,
             "total_com": 11896.89983722764,
           "num_vehicle": 3,
           "solver_name": "Gurobi",
                   "tex": "vehicle 1: [0, 20, 24, 25, 10, 15, 12, 23, 21, 0]\nvehicle 2: [0, 5, 3, 7, 8, 11, 9, 6, 22, 1, 0]\nvehicle 3: [0, 13, 17, 18, 19, 16, 14, 4, 2, 0]\n"
}