{
   "max_completion_time": {
                             "2": 850,
                             "3": 859.9999999999964,
                             "1": 795.6000000000056
                          },
                  "name": "C109-25",
            "solve_time": 3602.2269999980927,
          "relative_gap": 0.1672422782252137,
                 "route": {
                             "2": [
                                    0,
                                    20,
                                    24,
                                    25,
                                    10,
                                    14,
                                    16,
                                    12,
                                    1,
                                    0
                                  ],
                             "3": [
                                    0,
                                    5,
                                    3,
                                    7,
                                    8,
                                    11,
                                    9,
                                    23,
                                    22,
                                    21,
                                    0
                                  ],
                             "1": [
                                    0,
                                    13,
                                    17,
                                    18,
                                    19,
                                    15,
                                    6,
                                    4,
                                    2,
                                    0
                                  ]
                          },
          "obj_function": 128.79999999998154,
             "total_com": 11587.900000000034,
           "num_vehicle": 3,
           "solver_name": "CPLEX",
                   "tex": "vehicle 1: [0, 13, 17, 18, 19, 15, 6, 4, 2, 0]\nvehicle 2: [0, 20, 24, 25, 10, 14, 16, 12, 1, 0]\nvehicle 3: [0, 5, 3, 7, 8, 11, 9, 23, 22, 21, 0]\n"
}