{
   "max_completion_time": {
                             "5": 990.0000000000073,
                             "4": 1051.5000000000073,
                             "2": 893.1999999999966,
                             "3": 938.9000000000015,
                             "1": 938.4999999999927
                          },
                  "name": "C109-50",
            "solve_time": 600.0167751312256,
          "relative_gap": 0.23865545029847107,
                 "route": {
                             "5": [
                                    0,
                                    24,
                                    32,
                                    33,
                                    31,
                                    35,
                                    37,
                                    38,
                                    39,
                                    36,
                                    47,
                                    0
                                  ],
                             "4": [
                                    0,
                                    43,
                                    42,
                                    41,
                                    40,
                                    44,
                                    45,
                                    46,
                                    48,
                                    50,
                                    49,
                                    34,
                                    0
                                  ],
                             "2": [
                                    0,
                                    13,
                                    17,
                                    18,
                                    19,
                                    15,
                                    16,
                                    14,
                                    12,
                                    1,
                                    0
                                  ],
                             "3": [
                                    0,
                                    20,
                                    25,
                                    27,
                                    29,
                                    30,
                                    28,
                                    26,
                                    23,
                                    22,
                                    21,
                                    0
                                  ],
                             "1": [
                                    0,
                                    5,
                                    3,
                                    7,
                                    8,
                                    10,
                                    11,
                                    9,
                                    6,
                                    4,
                                    2,
                                    0
                                  ]
                          },
          "obj_function": 736.2000000000717,
             "total_com": 26609.40000000006,
           "num_vehicle": 5,
           "solver_name": "Gurobi",
                   "tex": "vehicle 1: [0, 5, 3, 7, 8, 10, 11, 9, 6, 4, 2, 0]\nvehicle 2: [0, 13, 17, 18, 19, 15, 16, 14, 12, 1, 0]\nvehicle 3: [0, 20, 25, 27, 29, 30, 28, 26, 23, 22, 21, 0]\nvehicle 4: [0, 43, 42, 41, 40, 44, 45, 46, 48, 50, 49, 34, 0]\nvehicle 5: [0, 24, 32, 33, 31, 35, 37, 38, 39, 36, 47, 0]\n"
}