{
   "max_completion_time": {
                             "2": 791.699999999995,
                             "3": 850,
                             "1": 859.1999999999997
                          },
                  "name": "C109-25",
            "solve_time": 600.0081388950348,
          "relative_gap": 0.12301394574342453,
                 "route": {
                             "2": [
                                    0,
                                    5,
                                    3,
                                    7,
                                    8,
                                    11,
                                    15,
                                    23,
                                    22,
                                    0
                                  ],
                             "3": [
                                    0,
                                    13,
                                    17,
                                    18,
                                    19,
                                    16,
                                    14,
                                    12,
                                    21,
                                    0
                                  ],
                             "1": [
                                    0,
                                    20,
                                    24,
                                    25,
                                    10,
                                    9,
                                    6,
                                    4,
                                    2,
                                    1,
                                    0
                                  ]
                          },
          "obj_function": 135.00000000000932,
             "total_com": 11530.39999999998,
           "num_vehicle": 3,
           "solver_name": "Gurobi",
                   "tex": "vehicle 1: [0, 20, 24, 25, 10, 9, 6, 4, 2, 1, 0]\nvehicle 2: [0, 5, 3, 7, 8, 11, 15, 23, 22, 0]\nvehicle 3: [0, 13, 17, 18, 19, 16, 14, 12, 21, 0]\n"
}