{
   "max_completion_time": {
                             "2": 804.999999999,
                             "3": 850.5999999999985,
                             "1": 850
                          },
                  "name": "C109-25",
            "solve_time": 3609.8349997997284,
          "relative_gap": 0.15716410073642878,
                 "route": {
                             "2": [
                                    0,
                                    20,
                                    24,
                                    25,
                                    10,
                                    11,
                                    15,
                                    23,
                                    22,
                                    0
                                  ],
                             "3": [
                                    0,
                                    5,
                                    3,
                                    7,
                                    8,
                                    9,
                                    6,
                                    4,
                                    2,
                                    1,
                                    0
                                  ],
                             "1": [
                                    0,
                                    13,
                                    17,
                                    18,
                                    19,
                                    16,
                                    14,
                                    12,
                                    21,
                                    0
                                  ]
                          },
          "obj_function": 91.20000000199707,
             "total_com": 11539.399999994039,
           "num_vehicle": 3,
           "solver_name": "CPLEX",
                   "tex": "vehicle 1: [0, 13, 17, 18, 19, 16, 14, 12, 21, 0]\nvehicle 2: [0, 20, 24, 25, 10, 11, 15, 23, 22, 0]\nvehicle 3: [0, 5, 3, 7, 8, 9, 6, 4, 2, 1, 0]\n"
}