{
   "max_completion_time": {
                             "2": 2977,
                             "3": 3073,
                             "1": 2946
                          },
                  "name": "C201-50",
            "solve_time": 0.682603120803833,
          "relative_gap": 9.881569390706861e-6,
                 "route": {
                             "2": [
                                    0,
                                    20,
                                    2,
                                    6,
                                    37,
                                    38,
                                    39,
                                    36,
                                    34,
                                    28,
                                    26,
                                    40,
                                    46,
                                    45,
                                    17,
                                    13,
                                    25,
                                    42,
                                    41,
                                    8,
                                    0
                                  ],
                             "3": [
                                    0,
                                    5,
                                    1,
                                    32,
                                    33,
                                    31,
                                    35,
                                    7,
                                    4,
                                    23,
                                    44,
                                    12,
                                    50,
                                    47,
                                    43,
                                    11,
                                    10,
                                    21,
                                    0
                                  ],
                             "1": [
                                    0,
                                    22,
                                    24,
                                    27,
                                    30,
                                    29,
                                    49,
                                    3,
                                    18,
                                    19,
                                    16,
                                    14,
                                    15,
                                    9,
                                    48,
                                    0
                                  ]
                          },
          "obj_function": 254,
             "total_com": 80958.79999999999,
           "num_vehicle": 3,
           "solver_name": "Gurobi",
                   "tex": "vehicle 1: [0, 22, 24, 27, 30, 29, 49, 3, 18, 19, 16, 14, 15, 9, 48, 0]\nvehicle 2: [0, 20, 2, 6, 37, 38, 39, 36, 34, 28, 26, 40, 46, 45, 17, 13, 25, 42, 41, 8, 0]\nvehicle 3: [0, 5, 1, 32, 33, 31, 35, 7, 4, 23, 44, 12, 50, 47, 43, 11, 10, 21, 0]\n"
}