{
   "max_completion_time": {
                             "2": 2594,
                             "1": 3073
                          },
                  "name": "C201-25",
            "solve_time": 4.852999925613403,
          "relative_gap": 4.312596134945039e-5,
                 "route": {
                             "2": [
                                    0,
                                    22,
                                    24,
                                    1,
                                    7,
                                    4,
                                    23,
                                    12,
                                    15,
                                    13,
                                    25,
                                    0
                                  ],
                             "1": [
                                    0,
                                    20,
                                    5,
                                    2,
                                    6,
                                    3,
                                    18,
                                    19,
                                    16,
                                    14,
                                    17,
                                    9,
                                    11,
                                    10,
                                    8,
                                    21,
                                    0
                                  ]
                          },
          "obj_function": 479,
             "total_com": 41738.2,
           "num_vehicle": 2,
           "solver_name": "CPLEX",
                   "tex": "vehicle 1: [0, 20, 5, 2, 6, 3, 18, 19, 16, 14, 17, 9, 11, 10, 8, 21, 0]\nvehicle 2: [0, 22, 24, 1, 7, 4, 23, 12, 15, 13, 25, 0]\n"
}