{
   "max_completion_time": {
                             "2": 2946,
                             "3": 2881.0000000000005,
                             "1": 3073
                          },
                  "name": "C201-50",
            "solve_time": 2.945000171661377,
          "relative_gap": 2.5938703139025494e-5,
                 "route": {
                             "2": [
                                    0,
                                    22,
                                    24,
                                    1,
                                    31,
                                    35,
                                    7,
                                    4,
                                    28,
                                    40,
                                    44,
                                    15,
                                    47,
                                    43,
                                    11,
                                    48,
                                    0
                                  ],
                             "3": [
                                    0,
                                    20,
                                    27,
                                    30,
                                    29,
                                    6,
                                    32,
                                    33,
                                    37,
                                    38,
                                    39,
                                    36,
                                    34,
                                    23,
                                    19,
                                    46,
                                    45,
                                    17,
                                    13,
                                    9,
                                    10,
                                    0
                                  ],
                             "1": [
                                    0,
                                    5,
                                    2,
                                    49,
                                    3,
                                    26,
                                    18,
                                    16,
                                    14,
                                    12,
                                    50,
                                    25,
                                    42,
                                    41,
                                    8,
                                    21,
                                    0
                                  ]
                          },
          "obj_function": 383.9999999999991,
             "total_com": 80960.1,
           "num_vehicle": 3,
           "solver_name": "CPLEX",
                   "tex": "vehicle 1: [0, 5, 2, 49, 3, 26, 18, 16, 14, 12, 50, 25, 42, 41, 8, 21, 0]\nvehicle 2: [0, 22, 24, 1, 31, 35, 7, 4, 28, 40, 44, 15, 47, 43, 11, 48, 0]\nvehicle 3: [0, 20, 27, 30, 29, 6, 32, 33, 37, 38, 39, 36, 34, 23, 19, 46, 45, 17, 13, 9, 10, 0]\n"
}