{
   "max_completion_time": {
                             "2": 2594,
                             "1": 2977
                          },
                  "name": "C202-25",
            "solve_time": 3603.784999847412,
          "relative_gap": 0.03017808561859206,
                 "route": {
                             "2": [
                                    0,
                                    3,
                                    7,
                                    1,
                                    2,
                                    5,
                                    6,
                                    4,
                                    23,
                                    19,
                                    14,
                                    15,
                                    13,
                                    25,
                                    0
                                  ],
                             "1": [
                                    0,
                                    20,
                                    22,
                                    24,
                                    21,
                                    12,
                                    18,
                                    16,
                                    17,
                                    9,
                                    11,
                                    10,
                                    8,
                                    0
                                  ]
                          },
          "obj_function": 383,
             "total_com": 35596.799999999974,
           "num_vehicle": 2,
           "solver_name": "CPLEX",
                   "tex": "vehicle 1: [0, 20, 22, 24, 21, 12, 18, 16, 17, 9, 11, 10, 8, 0]\nvehicle 2: [0, 3, 7, 1, 2, 5, 6, 4, 23, 19, 14, 15, 13, 25, 0]\n"
}