{
   "max_completion_time": {
                             "2": 2881,
                             "3": 2848,
                             "1": 2977
                          },
                  "name": "C202-50",
            "solve_time": 600.0196199417114,
          "relative_gap": 0.045971746812165364,
                 "route": {
                             "2": [
                                    0,
                                    20,
                                    22,
                                    24,
                                    21,
                                    30,
                                    48,
                                    50,
                                    35,
                                    38,
                                    39,
                                    44,
                                    45,
                                    9,
                                    11,
                                    10,
                                    0
                                  ],
                             "3": [
                                    0,
                                    31,
                                    37,
                                    34,
                                    27,
                                    29,
                                    6,
                                    32,
                                    33,
                                    49,
                                    4,
                                    28,
                                    23,
                                    40,
                                    46,
                                    15,
                                    47,
                                    43,
                                    42,
                                    41,
                                    0
                                  ],
                             "1": [
                                    0,
                                    5,
                                    2,
                                    1,
                                    7,
                                    3,
                                    12,
                                    26,
                                    36,
                                    18,
                                    19,
                                    16,
                                    14,
                                    17,
                                    13,
                                    25,
                                    8,
                                    0
                                  ]
                          },
          "obj_function": 258,
             "total_com": 67449.99999999975,
           "num_vehicle": 3,
           "solver_name": "Gurobi",
                   "tex": "vehicle 1: [0, 5, 2, 1, 7, 3, 12, 26, 36, 18, 19, 16, 14, 17, 13, 25, 8, 0]\nvehicle 2: [0, 20, 22, 24, 21, 30, 48, 50, 35, 38, 39, 44, 45, 9, 11, 10, 0]\nvehicle 3: [0, 31, 37, 34, 27, 29, 6, 32, 33, 49, 4, 28, 23, 40, 46, 15, 47, 43, 42, 41, 0]\n"
}