{
   "max_completion_time": {
                             "2": 3333.5,
                             "3": 3026.300000000003,
                             "1": 3351
                          },
                  "name": "C202-50",
            "solve_time": 60.079999923706055,
          "relative_gap": 0.3314406526261735,
                 "route": {
                             "2": [
                                    0,
                                    20,
                                    22,
                                    31,
                                    29,
                                    33,
                                    49,
                                    28,
                                    18,
                                    19,
                                    46,
                                    14,
                                    17,
                                    13,
                                    47,
                                    9,
                                    10,
                                    1,
                                    21,
                                    7,
                                    2,
                                    0
                                  ],
                             "3": [
                                    0,
                                    3,
                                    24,
                                    6,
                                    32,
                                    35,
                                    38,
                                    48,
                                    4,
                                    5,
                                    44,
                                    15,
                                    43,
                                    37,
                                    41,
                                    8,
                                    0
                                  ],
                             "1": [
                                    0,
                                    27,
                                    30,
                                    39,
                                    36,
                                    23,
                                    40,
                                    16,
                                    45,
                                    34,
                                    26,
                                    25,
                                    11,
                                    42,
                                    50,
                                    12,
                                    0
                                  ]
                          },
          "obj_function": 649.3999999999942,
             "total_com": 94645.30000000002,
           "num_vehicle": 3,
           "solver_name": "CPLEX",
                   "tex": "vehicle 1: [0, 27, 30, 39, 36, 23, 40, 16, 45, 34, 26, 25, 11, 42, 50, 12, 0]\nvehicle 2: [0, 20, 22, 31, 29, 33, 49, 28, 18, 19, 46, 14, 17, 13, 47, 9, 10, 1, 21, 7, 2, 0]\nvehicle 3: [0, 3, 24, 6, 32, 35, 38, 48, 4, 5, 44, 15, 43, 37, 41, 8, 0]\n"
}