{
   "max_completion_time": {
                             "2": 2881,
                             "1": 2977
                          },
                  "name": "C202-25",
            "solve_time": 600.0116541385651,
          "relative_gap": 0.023979811346784077,
                 "route": {
                             "2": [
                                    0,
                                    7,
                                    3,
                                    1,
                                    2,
                                    5,
                                    6,
                                    4,
                                    23,
                                    18,
                                    19,
                                    16,
                                    15,
                                    13,
                                    9,
                                    10,
                                    0
                                  ],
                             "1": [
                                    0,
                                    20,
                                    22,
                                    24,
                                    21,
                                    12,
                                    14,
                                    17,
                                    25,
                                    11,
                                    8,
                                    0
                                  ]
                          },
          "obj_function": 96,
             "total_com": 35611.99999999997,
           "num_vehicle": 2,
           "solver_name": "Gurobi",
                   "tex": "vehicle 1: [0, 20, 22, 24, 21, 12, 14, 17, 25, 11, 8, 0]\nvehicle 2: [0, 7, 3, 1, 2, 5, 6, 4, 23, 18, 19, 16, 15, 13, 9, 10, 0]\n"
}