{
   "max_completion_time": {
                             "2": 2788,
                             "3": 2848,
                             "1": 2977
                          },
                  "name": "C202-50",
            "solve_time": 3623.890000104904,
          "relative_gap": 0.06881739102272365,
                 "route": {
                             "2": [
                                    0,
                                    50,
                                    22,
                                    24,
                                    34,
                                    1,
                                    2,
                                    32,
                                    49,
                                    4,
                                    19,
                                    16,
                                    14,
                                    15,
                                    9,
                                    11,
                                    0
                                  ],
                             "3": [
                                    0,
                                    3,
                                    7,
                                    21,
                                    30,
                                    29,
                                    6,
                                    37,
                                    33,
                                    35,
                                    38,
                                    23,
                                    40,
                                    45,
                                    17,
                                    47,
                                    43,
                                    41,
                                    0
                                  ],
                             "1": [
                                    0,
                                    31,
                                    20,
                                    27,
                                    48,
                                    5,
                                    26,
                                    12,
                                    39,
                                    36,
                                    28,
                                    18,
                                    44,
                                    46,
                                    13,
                                    25,
                                    42,
                                    10,
                                    8,
                                    0
                                  ]
                          },
          "obj_function": 378,
             "total_com": 67952.29999999295,
           "num_vehicle": 3,
           "solver_name": "CPLEX",
                   "tex": "vehicle 1: [0, 31, 20, 27, 48, 5, 26, 12, 39, 36, 28, 18, 44, 46, 13, 25, 42, 10, 8, 0]\nvehicle 2: [0, 50, 22, 24, 34, 1, 2, 32, 49, 4, 19, 16, 14, 15, 9, 11, 0]\nvehicle 3: [0, 3, 7, 21, 30, 29, 6, 37, 33, 35, 38, 23, 40, 45, 17, 47, 43, 41, 0]\n"
}