{
   "max_completion_time": {
                             "2": 2977,
                             "1": 2594
                          },
                  "name": "C203-25",
            "solve_time": 3603.755000114441,
          "relative_gap": 0.13501225032046474,
                 "route": {
                             "2": [
                                    0,
                                    24,
                                    22,
                                    21,
                                    18,
                                    19,
                                    16,
                                    14,
                                    12,
                                    15,
                                    9,
                                    11,
                                    10,
                                    8,
                                    0
                                  ],
                             "1": [
                                    0,
                                    7,
                                    3,
                                    1,
                                    2,
                                    5,
                                    20,
                                    6,
                                    4,
                                    23,
                                    17,
                                    13,
                                    25,
                                    0
                                  ]
                          },
          "obj_function": 383,
             "total_com": 30386.499999999978,
           "num_vehicle": 2,
           "solver_name": "CPLEX",
                   "tex": "vehicle 1: [0, 7, 3, 1, 2, 5, 20, 6, 4, 23, 17, 13, 25, 0]\nvehicle 2: [0, 24, 22, 21, 18, 19, 16, 14, 12, 15, 9, 11, 10, 8, 0]\n"
}