{
   "max_completion_time": {
                             "2": 2881,
                             "3": 2977,
                             "1": 2788
                          },
                  "name": "C203-50",
            "solve_time": 600.0265681743622,
          "relative_gap": 0.16533294317053265,
                 "route": {
                             "2": [
                                    0,
                                    12,
                                    14,
                                    16,
                                    19,
                                    18,
                                    5,
                                    2,
                                    1,
                                    7,
                                    3,
                                    49,
                                    17,
                                    9,
                                    10,
                                    0
                                  ],
                             "3": [
                                    0,
                                    26,
                                    29,
                                    24,
                                    27,
                                    30,
                                    6,
                                    50,
                                    47,
                                    43,
                                    48,
                                    46,
                                    39,
                                    36,
                                    23,
                                    40,
                                    15,
                                    13,
                                    42,
                                    41,
                                    8,
                                    0
                                  ],
                             "1": [
                                    0,
                                    21,
                                    22,
                                    20,
                                    32,
                                    31,
                                    37,
                                    34,
                                    28,
                                    33,
                                    35,
                                    38,
                                    4,
                                    44,
                                    45,
                                    25,
                                    11,
                                    0
                                  ]
                          },
          "obj_function": 378,
             "total_com": 57854.89999999994,
           "num_vehicle": 3,
           "solver_name": "Gurobi",
                   "tex": "vehicle 1: [0, 21, 22, 20, 32, 31, 37, 34, 28, 33, 35, 38, 4, 44, 45, 25, 11, 0]\nvehicle 2: [0, 12, 14, 16, 19, 18, 5, 2, 1, 7, 3, 49, 17, 9, 10, 0]\nvehicle 3: [0, 26, 29, 24, 27, 30, 6, 50, 47, 43, 48, 46, 39, 36, 23, 40, 15, 13, 42, 41, 8, 0]\n"
}