{
   "max_completion_time": {
                             "2": 2881,
                             "1": 2977
                          },
                  "name": "C203-25",
            "solve_time": 600.0125861167908,
          "relative_gap": 0.09877373772631735,
                 "route": {
                             "2": [
                                    0,
                                    12,
                                    14,
                                    16,
                                    19,
                                    18,
                                    24,
                                    6,
                                    4,
                                    17,
                                    13,
                                    9,
                                    10,
                                    0
                                  ],
                             "1": [
                                    0,
                                    20,
                                    22,
                                    21,
                                    5,
                                    2,
                                    1,
                                    7,
                                    3,
                                    23,
                                    15,
                                    25,
                                    11,
                                    8,
                                    0
                                  ]
                          },
          "obj_function": 96,
             "total_com": 30303.499999999935,
           "num_vehicle": 2,
           "solver_name": "Gurobi",
                   "tex": "vehicle 1: [0, 20, 22, 21, 5, 2, 1, 7, 3, 23, 15, 25, 11, 8, 0]\nvehicle 2: [0, 12, 14, 16, 19, 18, 24, 6, 4, 17, 13, 9, 10, 0]\n"
}