{
   "max_completion_time": {
                             "2": 3256.199999999997,
                             "1": 2795.099999999006
                          },
                  "name": "C204-50",
            "solve_time": 3614.029000043869,
          "relative_gap": 0.6561149326508615,
                 "route": {
                             "2": [
                                    0,
                                    34,
                                    27,
                                    12,
                                    19,
                                    28,
                                    24,
                                    36,
                                    2,
                                    31,
                                    6,
                                    38,
                                    18,
                                    4,
                                    23,
                                    10,
                                    44,
                                    15,
                                    13,
                                    25,
                                    9,
                                    11,
                                    8,
                                    40,
                                    3,
                                    0
                                  ],
                             "1": [
                                    0,
                                    37,
                                    32,
                                    50,
                                    47,
                                    41,
                                    21,
                                    48,
                                    20,
                                    42,
                                    46,
                                    45,
                                    22,
                                    33,
                                    35,
                                    30,
                                    29,
                                    49,
                                    39,
                                    26,
                                    16,
                                    17,
                                    14,
                                    7,
                                    1,
                                    5,
                                    43,
                                    0
                                  ]
                          },
          "obj_function": 461.10000000099126,
             "total_com": 74708.09999992407,
           "num_vehicle": 2,
           "solver_name": "CPLEX",
                   "tex": "vehicle 1: [0, 37, 32, 50, 47, 41, 21, 48, 20, 42, 46, 45, 22, 33, 35, 30, 29, 49, 39, 26, 16, 17, 14, 7, 1, 5, 43, 0]\nvehicle 2: [0, 34, 27, 12, 19, 28, 24, 36, 2, 31, 6, 38, 18, 4, 23, 10, 44, 15, 13, 25, 9, 11, 8, 40, 3, 0]\n"
}