{
   "max_completion_time": {
                             "2": 2691,
                             "1": 2977
                          },
                  "name": "C204-50",
            "solve_time": 600.0134170055389,
          "relative_gap": 0.552506161827305,
                 "route": {
                             "2": [
                                    0,
                                    32,
                                    33,
                                    31,
                                    35,
                                    37,
                                    39,
                                    36,
                                    34,
                                    30,
                                    27,
                                    24,
                                    22,
                                    20,
                                    21,
                                    10,
                                    5,
                                    2,
                                    1,
                                    7,
                                    3,
                                    16,
                                    14,
                                    12,
                                    15,
                                    9,
                                    0
                                  ],
                             "1": [
                                    0,
                                    49,
                                    40,
                                    46,
                                    45,
                                    42,
                                    41,
                                    48,
                                    43,
                                    47,
                                    50,
                                    6,
                                    38,
                                    29,
                                    4,
                                    28,
                                    26,
                                    18,
                                    23,
                                    19,
                                    44,
                                    17,
                                    13,
                                    25,
                                    11,
                                    8,
                                    0
                                  ]
                          },
          "obj_function": 286,
             "total_com": 65533.000000000044,
           "num_vehicle": 2,
           "solver_name": "Gurobi",
                   "tex": "vehicle 1: [0, 49, 40, 46, 45, 42, 41, 48, 43, 47, 50, 6, 38, 29, 4, 28, 26, 18, 23, 19, 44, 17, 13, 25, 11, 8, 0]\nvehicle 2: [0, 32, 33, 31, 35, 37, 39, 36, 34, 30, 27, 24, 22, 20, 21, 10, 5, 2, 1, 7, 3, 16, 14, 12, 15, 9, 0]\n"
}