{
   "max_completion_time": {
                             "2": 2691,
                             "1": 2977
                          },
                  "name": "C204-25",
            "solve_time": 3603.4919998645782,
          "relative_gap": 0.22703795960371126,
                 "route": {
                             "2": [
                                    0,
                                    12,
                                    14,
                                    16,
                                    18,
                                    17,
                                    19,
                                    7,
                                    6,
                                    9,
                                    0
                                  ],
                             "1": [
                                    0,
                                    20,
                                    24,
                                    22,
                                    21,
                                    10,
                                    5,
                                    2,
                                    3,
                                    1,
                                    4,
                                    23,
                                    15,
                                    13,
                                    25,
                                    11,
                                    8,
                                    0
                                  ]
                          },
          "obj_function": 286,
             "total_com": 26719.600000000013,
           "num_vehicle": 2,
           "solver_name": "CPLEX",
                   "tex": "vehicle 1: [0, 20, 24, 22, 21, 10, 5, 2, 3, 1, 4, 23, 15, 13, 25, 11, 8, 0]\nvehicle 2: [0, 12, 14, 16, 18, 17, 19, 7, 6, 9, 0]\n"
}