{
   "max_completion_time": {
                             "2": 2977,
                             "1": 2594
                          },
                  "name": "C204-25",
            "solve_time": 600.0106568336487,
          "relative_gap": 0.1760969773149724,
                 "route": {
                             "2": [
                                    0,
                                    3,
                                    7,
                                    1,
                                    2,
                                    5,
                                    10,
                                    21,
                                    22,
                                    20,
                                    4,
                                    23,
                                    15,
                                    9,
                                    11,
                                    8,
                                    0
                                  ],
                             "1": [
                                    0,
                                    12,
                                    14,
                                    16,
                                    19,
                                    18,
                                    17,
                                    24,
                                    6,
                                    13,
                                    25,
                                    0
                                  ]
                          },
          "obj_function": 383,
             "total_com": 26626.699999999866,
           "num_vehicle": 2,
           "solver_name": "Gurobi",
                   "tex": "vehicle 1: [0, 12, 14, 16, 19, 18, 17, 24, 6, 13, 25, 0]\nvehicle 2: [0, 3, 7, 1, 2, 5, 10, 21, 22, 20, 4, 23, 15, 9, 11, 8, 0]\n"
}