{
   "max_completion_time": {
                             "2": 2801,
                             "1": 2993
                          },
                  "name": "C205-25",
            "solve_time": 0.5338010787963867,
          "relative_gap": 0,
                 "route": {
                             "2": [
                                    0,
                                    20,
                                    22,
                                    24,
                                    6,
                                    3,
                                    19,
                                    16,
                                    14,
                                    17,
                                    9,
                                    10,
                                    0
                                  ],
                             "1": [
                                    0,
                                    5,
                                    2,
                                    1,
                                    7,
                                    4,
                                    23,
                                    18,
                                    12,
                                    15,
                                    13,
                                    25,
                                    11,
                                    8,
                                    21,
                                    0
                                  ]
                          },
          "obj_function": 192,
             "total_com": 40113.79999999999,
           "num_vehicle": 2,
           "solver_name": "Gurobi",
                   "tex": "vehicle 1: [0, 5, 2, 1, 7, 4, 23, 18, 12, 15, 13, 25, 11, 8, 21, 0]\nvehicle 2: [0, 20, 22, 24, 6, 3, 19, 16, 14, 17, 9, 10, 0]\n"
}