{
   "max_completion_time": {
                             "2": 2866,
                             "3": 2993,
                             "1": 2897
                          },
                  "name": "C205-50",
            "solve_time": 22.217000007629395,
          "relative_gap": 3.106820246424206e-5,
                 "route": {
                             "2": [
                                    0,
                                    20,
                                    27,
                                    6,
                                    35,
                                    7,
                                    3,
                                    4,
                                    23,
                                    19,
                                    15,
                                    17,
                                    9,
                                    48,
                                    0
                                  ],
                             "3": [
                                    0,
                                    22,
                                    24,
                                    30,
                                    29,
                                    37,
                                    38,
                                    39,
                                    36,
                                    18,
                                    16,
                                    14,
                                    12,
                                    13,
                                    25,
                                    42,
                                    41,
                                    21,
                                    0
                                  ],
                             "1": [
                                    0,
                                    5,
                                    2,
                                    1,
                                    32,
                                    33,
                                    31,
                                    49,
                                    34,
                                    28,
                                    26,
                                    40,
                                    44,
                                    46,
                                    45,
                                    50,
                                    47,
                                    43,
                                    11,
                                    10,
                                    8,
                                    0
                                  ]
                          },
          "obj_function": 254,
             "total_com": 77249.39999999944,
           "num_vehicle": 3,
           "solver_name": "CPLEX",
                   "tex": "vehicle 1: [0, 5, 2, 1, 32, 33, 31, 49, 34, 28, 26, 40, 44, 46, 45, 50, 47, 43, 11, 10, 8, 0]\nvehicle 2: [0, 20, 27, 6, 35, 7, 3, 4, 23, 19, 15, 17, 9, 48, 0]\nvehicle 3: [0, 22, 24, 30, 29, 37, 38, 39, 36, 18, 16, 14, 12, 13, 25, 42, 41, 21, 0]\n"
}