{
   "max_completion_time": {
                             "2": 2993,
                             "3": 2676,
                             "1": 2897
                          },
                  "name": "C205-50",
            "solve_time": 2.8905961513519287,
          "relative_gap": 2.5890302787091096e-5,
                 "route": {
                             "2": [
                                    0,
                                    5,
                                    27,
                                    30,
                                    29,
                                    31,
                                    35,
                                    7,
                                    34,
                                    40,
                                    45,
                                    50,
                                    47,
                                    43,
                                    41,
                                    48,
                                    21,
                                    0
                                  ],
                             "3": [
                                    0,
                                    20,
                                    24,
                                    1,
                                    6,
                                    32,
                                    33,
                                    49,
                                    3,
                                    4,
                                    28,
                                    23,
                                    44,
                                    46,
                                    13,
                                    25,
                                    42,
                                    0
                                  ],
                             "1": [
                                    0,
                                    22,
                                    2,
                                    37,
                                    38,
                                    39,
                                    36,
                                    26,
                                    18,
                                    19,
                                    16,
                                    14,
                                    12,
                                    15,
                                    17,
                                    9,
                                    11,
                                    10,
                                    8,
                                    0
                                  ]
                          },
          "obj_function": 634,
             "total_com": 77249,
           "num_vehicle": 3,
           "solver_name": "Gurobi",
                   "tex": "vehicle 1: [0, 22, 2, 37, 38, 39, 36, 26, 18, 19, 16, 14, 12, 15, 17, 9, 11, 10, 8, 0]\nvehicle 2: [0, 5, 27, 30, 29, 31, 35, 7, 34, 40, 45, 50, 47, 43, 41, 48, 21, 0]\nvehicle 3: [0, 20, 24, 1, 6, 32, 33, 49, 3, 4, 28, 23, 44, 46, 13, 25, 42, 0]\n"
}