{
   "max_completion_time": {
                             "2": 2708.0000000000005,
                             "1": 2993
                          },
                  "name": "C205-25",
            "solve_time": 104.76399993896484,
          "relative_gap": 0,
                 "route": {
                             "2": [
                                    0,
                                    20,
                                    22,
                                    24,
                                    6,
                                    7,
                                    23,
                                    18,
                                    16,
                                    17,
                                    13,
                                    25,
                                    11,
                                    0
                                  ],
                             "1": [
                                    0,
                                    5,
                                    2,
                                    1,
                                    3,
                                    4,
                                    19,
                                    14,
                                    12,
                                    15,
                                    9,
                                    10,
                                    8,
                                    21,
                                    0
                                  ]
                          },
          "obj_function": 284.99999999999955,
             "total_com": 40113.799999999996,
           "num_vehicle": 2,
           "solver_name": "CPLEX",
                   "tex": "vehicle 1: [0, 5, 2, 1, 3, 4, 19, 14, 12, 15, 9, 10, 8, 21, 0]\nvehicle 2: [0, 20, 22, 24, 6, 7, 23, 18, 16, 17, 13, 25, 11, 0]\n"
}