{
   "max_completion_time": {
                             "2": 2805,
                             "3": 2838.5999999999985,
                             "1": 2786
                          },
                  "name": "C206-50",
            "solve_time": 60.66000008583069,
          "relative_gap": 0.005075284020630473,
                 "route": {
                             "2": [
                                    0,
                                    22,
                                    27,
                                    29,
                                    33,
                                    37,
                                    38,
                                    36,
                                    34,
                                    26,
                                    40,
                                    44,
                                    46,
                                    50,
                                    47,
                                    43,
                                    41,
                                    48,
                                    0
                                  ],
                             "3": [
                                    0,
                                    20,
                                    24,
                                    30,
                                    6,
                                    32,
                                    31,
                                    49,
                                    39,
                                    28,
                                    23,
                                    19,
                                    14,
                                    12,
                                    17,
                                    9,
                                    42,
                                    8,
                                    21,
                                    0
                                  ],
                             "1": [
                                    0,
                                    5,
                                    2,
                                    1,
                                    35,
                                    7,
                                    3,
                                    4,
                                    18,
                                    16,
                                    45,
                                    15,
                                    13,
                                    25,
                                    11,
                                    10,
                                    0
                                  ]
                          },
          "obj_function": 105.19999999999709,
             "total_com": 73788.1,
           "num_vehicle": 3,
           "solver_name": "CPLEX",
                   "tex": "vehicle 1: [0, 5, 2, 1, 35, 7, 3, 4, 18, 16, 45, 15, 13, 25, 11, 10, 0]\nvehicle 2: [0, 22, 27, 29, 33, 37, 38, 36, 34, 26, 40, 44, 46, 50, 47, 43, 41, 48, 0]\nvehicle 3: [0, 20, 24, 30, 6, 32, 31, 49, 39, 28, 23, 19, 14, 12, 17, 9, 42, 8, 21, 0]\n"
}