{
   "max_completion_time": {
                             "2": 2809,
                             "3": 2796.9000000000015,
                             "1": 2814
                          },
                  "name": "C206-50",
            "solve_time": 11.204602003097534,
          "relative_gap": 0,
                 "route": {
                             "2": [
                                    0,
                                    5,
                                    2,
                                    1,
                                    32,
                                    31,
                                    49,
                                    36,
                                    34,
                                    23,
                                    16,
                                    45,
                                    15,
                                    25,
                                    42,
                                    41,
                                    48,
                                    0
                                  ],
                             "3": [
                                    0,
                                    22,
                                    27,
                                    30,
                                    6,
                                    38,
                                    39,
                                    28,
                                    40,
                                    44,
                                    46,
                                    50,
                                    47,
                                    43,
                                    11,
                                    21,
                                    0
                                  ],
                             "1": [
                                    0,
                                    20,
                                    24,
                                    29,
                                    33,
                                    35,
                                    37,
                                    7,
                                    3,
                                    4,
                                    26,
                                    18,
                                    19,
                                    14,
                                    12,
                                    17,
                                    13,
                                    9,
                                    10,
                                    8,
                                    0
                                  ]
                          },
          "obj_function": 34.19999999999709,
             "total_com": 73767.8,
           "num_vehicle": 3,
           "solver_name": "Gurobi",
                   "tex": "vehicle 1: [0, 20, 24, 29, 33, 35, 37, 7, 3, 4, 26, 18, 19, 14, 12, 17, 13, 9, 10, 8, 0]\nvehicle 2: [0, 5, 2, 1, 32, 31, 49, 36, 34, 23, 16, 45, 15, 25, 42, 41, 48, 0]\nvehicle 3: [0, 22, 27, 30, 6, 38, 39, 28, 40, 44, 46, 50, 47, 43, 11, 21, 0]\n"
}