{
   "max_completion_time": {
                             "2": 2814.0000000000005,
                             "1": 2796.900000000002
                          },
                  "name": "C206-25",
            "solve_time": 219.9340000152588,
          "relative_gap": 8.646263458096456e-5,
                 "route": {
                             "2": [
                                    0,
                                    5,
                                    2,
                                    1,
                                    3,
                                    18,
                                    16,
                                    15,
                                    13,
                                    9,
                                    10,
                                    8,
                                    0
                                  ],
                             "1": [
                                    0,
                                    20,
                                    22,
                                    24,
                                    6,
                                    7,
                                    4,
                                    23,
                                    19,
                                    14,
                                    12,
                                    17,
                                    25,
                                    11,
                                    21,
                                    0
                                  ]
                          },
          "obj_function": 17.099999999998545,
             "total_com": 38719.7,
           "num_vehicle": 2,
           "solver_name": "CPLEX",
                   "tex": "vehicle 1: [0, 20, 22, 24, 6, 7, 4, 23, 19, 14, 12, 17, 25, 11, 21, 0]\nvehicle 2: [0, 5, 2, 1, 3, 18, 16, 15, 13, 9, 10, 8, 0]\n"
}