{
   "max_completion_time": {
                             "2": 2518,
                             "1": 2401
                          },
                  "name": "C207-25",
            "solve_time": 1.6354498863220215,
          "relative_gap": 0,
                 "route": {
                             "2": [
                                    0,
                                    22,
                                    24,
                                    6,
                                    7,
                                    18,
                                    19,
                                    14,
                                    15,
                                    8,
                                    9,
                                    25,
                                    11,
                                    0
                                  ],
                             "1": [
                                    0,
                                    20,
                                    5,
                                    2,
                                    1,
                                    3,
                                    4,
                                    23,
                                    16,
                                    12,
                                    17,
                                    21,
                                    13,
                                    10,
                                    0
                                  ]
                          },
          "obj_function": 117,
             "total_com": 34823.399999999994,
           "num_vehicle": 2,
           "solver_name": "Gurobi",
                   "tex": "vehicle 1: [0, 20, 5, 2, 1, 3, 4, 23, 16, 12, 17, 21, 13, 10, 0]\nvehicle 2: [0, 22, 24, 6, 7, 18, 19, 14, 15, 8, 9, 25, 11, 0]\n"
}