{
   "max_completion_time": {
                             "2": 2730.5,
                             "3": 2760.5,
                             "1": 3018.300000000003
                          },
                  "name": "C207-50",
            "solve_time": 60.56100010871887,
          "relative_gap": 0.11456451520889213,
                 "route": {
                             "2": [
                                    0,
                                    27,
                                    30,
                                    6,
                                    32,
                                    49,
                                    28,
                                    3,
                                    4,
                                    18,
                                    46,
                                    15,
                                    17,
                                    44,
                                    8,
                                    10,
                                    43,
                                    25,
                                    0
                                  ],
                             "3": [
                                    0,
                                    5,
                                    2,
                                    31,
                                    35,
                                    36,
                                    39,
                                    34,
                                    26,
                                    40,
                                    45,
                                    14,
                                    23,
                                    41,
                                    42,
                                    48,
                                    0
                                  ],
                             "1": [
                                    0,
                                    24,
                                    20,
                                    29,
                                    22,
                                    1,
                                    33,
                                    37,
                                    38,
                                    7,
                                    19,
                                    16,
                                    47,
                                    13,
                                    12,
                                    11,
                                    50,
                                    21,
                                    9,
                                    0
                                  ]
                          },
          "obj_function": 575.6000000000058,
             "total_com": 73621.39999999994,
           "num_vehicle": 3,
           "solver_name": "CPLEX",
                   "tex": "vehicle 1: [0, 24, 20, 29, 22, 1, 33, 37, 38, 7, 19, 16, 47, 13, 12, 11, 50, 21, 9, 0]\nvehicle 2: [0, 27, 30, 6, 32, 49, 28, 3, 4, 18, 46, 15, 17, 44, 8, 10, 43, 25, 0]\nvehicle 3: [0, 5, 2, 31, 35, 36, 39, 34, 26, 40, 45, 14, 23, 41, 42, 48, 0]\n"
}