{
   "max_completion_time": {
                             "2": 2511,
                             "3": 2570,
                             "1": 2695
                          },
                  "name": "C207-50",
            "solve_time": 600.0188109874725,
          "relative_gap": 0.0038381172315242683,
                 "route": {
                             "2": [
                                    0,
                                    20,
                                    5,
                                    2,
                                    1,
                                    37,
                                    39,
                                    34,
                                    26,
                                    4,
                                    19,
                                    14,
                                    46,
                                    17,
                                    9,
                                    47,
                                    42,
                                    0
                                  ],
                             "3": [
                                    0,
                                    24,
                                    29,
                                    6,
                                    31,
                                    35,
                                    49,
                                    7,
                                    3,
                                    23,
                                    40,
                                    44,
                                    45,
                                    50,
                                    21,
                                    25,
                                    43,
                                    41,
                                    0
                                  ],
                             "1": [
                                    0,
                                    22,
                                    27,
                                    30,
                                    33,
                                    32,
                                    38,
                                    36,
                                    28,
                                    18,
                                    16,
                                    12,
                                    15,
                                    8,
                                    13,
                                    10,
                                    11,
                                    48,
                                    0
                                  ]
                          },
          "obj_function": 368,
             "total_com": 65995.89999999997,
           "num_vehicle": 3,
           "solver_name": "Gurobi",
                   "tex": "vehicle 1: [0, 22, 27, 30, 33, 32, 38, 36, 28, 18, 16, 12, 15, 8, 13, 10, 11, 48, 0]\nvehicle 2: [0, 20, 5, 2, 1, 37, 39, 34, 26, 4, 19, 14, 46, 17, 9, 47, 42, 0]\nvehicle 3: [0, 24, 29, 6, 31, 35, 49, 7, 3, 23, 40, 44, 45, 50, 21, 25, 43, 41, 0]\n"
}