{
   "max_completion_time": {
                             "2": 2323.7999999999993,
                             "1": 2518
                          },
                  "name": "C207-25",
            "solve_time": 175.2299997806549,
          "relative_gap": 9.79391782533312e-5,
                 "route": {
                             "2": [
                                    0,
                                    20,
                                    5,
                                    2,
                                    1,
                                    7,
                                    18,
                                    19,
                                    14,
                                    15,
                                    8,
                                    9,
                                    25,
                                    0
                                  ],
                             "1": [
                                    0,
                                    22,
                                    24,
                                    6,
                                    3,
                                    4,
                                    23,
                                    16,
                                    12,
                                    17,
                                    21,
                                    13,
                                    10,
                                    11,
                                    0
                                  ]
                          },
          "obj_function": 194.20000000000073,
             "total_com": 34823.399999999994,
           "num_vehicle": 2,
           "solver_name": "CPLEX",
                   "tex": "vehicle 1: [0, 22, 24, 6, 3, 4, 23, 16, 12, 17, 21, 13, 10, 11, 0]\nvehicle 2: [0, 20, 5, 2, 1, 7, 18, 19, 14, 15, 8, 9, 25, 0]\n"
}