{
   "max_completion_time": {
                             "2": 2813,
                             "1": 2737.5
                          },
                  "name": "C208-50",
            "solve_time": 60.995999813079834,
          "relative_gap": 0.02531796793728505,
                 "route": {
                             "2": [
                                    0,
                                    20,
                                    22,
                                    27,
                                    30,
                                    6,
                                    32,
                                    31,
                                    49,
                                    7,
                                    3,
                                    4,
                                    28,
                                    26,
                                    40,
                                    44,
                                    46,
                                    45,
                                    50,
                                    47,
                                    43,
                                    42,
                                    41,
                                    48,
                                    21,
                                    0
                                  ],
                             "1": [
                                    0,
                                    2,
                                    1,
                                    5,
                                    29,
                                    24,
                                    33,
                                    35,
                                    37,
                                    38,
                                    39,
                                    36,
                                    34,
                                    23,
                                    18,
                                    19,
                                    16,
                                    14,
                                    12,
                                    15,
                                    17,
                                    13,
                                    25,
                                    9,
                                    11,
                                    10,
                                    8,
                                    0
                                  ]
                          },
          "obj_function": 75.5,
             "total_com": 71785.9,
           "num_vehicle": 2,
           "solver_name": "CPLEX",
                   "tex": "vehicle 1: [0, 2, 1, 5, 29, 24, 33, 35, 37, 38, 39, 36, 34, 23, 18, 19, 16, 14, 12, 15, 17, 13, 25, 9, 11, 10, 8, 0]\nvehicle 2: [0, 20, 22, 27, 30, 6, 32, 31, 49, 7, 3, 4, 28, 26, 40, 44, 46, 45, 50, 47, 43, 42, 41, 48, 21, 0]\n"
}