{
   "max_completion_time": {
                              "5": 163,
                             "12": 152.99999999999994,
                              "8": 136.00000000005826,
                              "1": 154.1999999999971,
                              "6": 175,
                             "11": 182,
                              "9": 127,
                              "3": 167,
                              "7": 169,
                              "4": 142,
                              "2": 171,
                             "10": 142
                          },
                  "name": "R101-50",
            "solve_time": 98.10800004005432,
          "relative_gap": 6.017735605008922e-5,
                 "route": {
                              "5": [
                                     0,
                                     33,
                                     29,
                                     3,
                                     24,
                                     0
                                   ],
                             "12": [
                                     0,
                                     27,
                                     30,
                                     9,
                                     34,
                                     35,
                                     0
                                   ],
                              "8": [
                                     0,
                                     36,
                                     11,
                                     20,
                                     0
                                   ],
                              "1": [
                                     0,
                                     2,
                                     18,
                                     10,
                                     32,
                                     0
                                   ],
                              "6": [
                                     0,
                                     31,
                                     7,
                                     8,
                                     48,
                                     0
                                   ],
                             "11": [
                                     0,
                                     28,
                                     12,
                                     6,
                                     4,
                                     25,
                                     0
                                   ],
                              "9": [
                                     0,
                                     5,
                                     16,
                                     46,
                                     0
                                   ],
                              "3": [
                                     0,
                                     47,
                                     19,
                                     49,
                                     17,
                                     0
                                   ],
                              "7": [
                                     0,
                                     45,
                                     44,
                                     38,
                                     37,
                                     13,
                                     0
                                   ],
                              "4": [
                                     0,
                                     39,
                                     23,
                                     41,
                                     26,
                                     0
                                   ],
                              "2": [
                                     0,
                                     42,
                                     21,
                                     40,
                                     50,
                                     1,
                                     0
                                   ],
                             "10": [
                                     0,
                                     14,
                                     15,
                                     22,
                                     43,
                                     0
                                   ]
                          },
          "obj_function": 1344.7999999994786,
             "total_com": 5127.700000000055,
           "num_vehicle": 12,
           "solver_name": "CPLEX",
                   "tex": "vehicle 1: [0, 2, 18, 10, 32, 0]\nvehicle 2: [0, 42, 21, 40, 50, 1, 0]\nvehicle 3: [0, 47, 19, 49, 17, 0]\nvehicle 4: [0, 39, 23, 41, 26, 0]\nvehicle 5: [0, 33, 29, 3, 24, 0]\nvehicle 6: [0, 31, 7, 8, 48, 0]\nvehicle 7: [0, 45, 44, 38, 37, 13, 0]\nvehicle 8: [0, 36, 11, 20, 0]\nvehicle 9: [0, 5, 16, 46, 0]\nvehicle 10: [0, 14, 15, 22, 43, 0]\nvehicle 11: [0, 28, 12, 6, 4, 25, 0]\nvehicle 12: [0, 27, 30, 9, 34, 35, 0]\n"
}