{
   "max_completion_time": {
                              "5": 169,
                             "16": 150,
                             "20": 163,
                             "12": 189,
                              "8": 186,
                             "17": 167,
                              "1": 153,
                             "19": 175,
                              "6": 192,
                             "11": 134,
                              "9": 198,
                             "14": 192,
                              "3": 172,
                              "7": 195,
                              "4": 154.1999999999971,
                             "13": 152,
                             "15": 159,
                              "2": 210.00000000000006,
                             "10": 182,
                             "18": 171
                          },
                  "name": "R101-100",
            "solve_time": 3601.414999961853,
          "relative_gap": 0.005543592522589679,
                 "route": {
                              "5": [
                                     0,
                                     45,
                                     82,
                                     84,
                                     97,
                                     13,
                                     0
                                   ],
                             "16": [
                                     0,
                                     2,
                                     40,
                                     53,
                                     54,
                                     0
                                   ],
                             "20": [
                                     0,
                                     42,
                                     75,
                                     41,
                                     24,
                                     0
                                   ],
                             "12": [
                                     0,
                                     39,
                                     23,
                                     67,
                                     55,
                                     77,
                                     0
                                   ],
                              "8": [
                                     0,
                                     14,
                                     15,
                                     87,
                                     57,
                                     89,
                                     0
                                   ],
                             "17": [
                                     0,
                                     47,
                                     7,
                                     8,
                                     17,
                                     0
                                   ],
                              "1": [
                                     0,
                                     28,
                                     12,
                                     78,
                                     34,
                                     35,
                                     0
                                   ],
                             "19": [
                                     0,
                                     11,
                                     19,
                                     49,
                                     48,
                                     0
                                   ],
                              "6": [
                                     0,
                                     36,
                                     64,
                                     90,
                                     66,
                                     80,
                                     0
                                   ],
                             "11": [
                                     0,
                                     65,
                                     71,
                                     9,
                                     50,
                                     0
                                   ],
                              "9": [
                                     0,
                                     83,
                                     16,
                                     86,
                                     43,
                                     93,
                                     0
                                   ],
                             "14": [
                                     0,
                                     92,
                                     95,
                                     98,
                                     61,
                                     85,
                                     26,
                                     70,
                                     0
                                   ],
                              "3": [
                                     0,
                                     63,
                                     62,
                                     18,
                                     46,
                                     60,
                                     0
                                   ],
                              "7": [
                                     0,
                                     59,
                                     52,
                                     88,
                                     6,
                                     37,
                                     91,
                                     100,
                                     0
                                   ],
                              "4": [
                                     0,
                                     33,
                                     29,
                                     51,
                                     10,
                                     32,
                                     0
                                   ],
                             "13": [
                                     0,
                                     69,
                                     76,
                                     79,
                                     3,
                                     68,
                                     0
                                   ],
                             "15": [
                                     0,
                                     5,
                                     44,
                                     38,
                                     74,
                                     0
                                   ],
                              "2": [
                                     0,
                                     27,
                                     99,
                                     94,
                                     96,
                                     58,
                                     0
                                   ],
                             "10": [
                                     0,
                                     72,
                                     21,
                                     73,
                                     22,
                                     56,
                                     4,
                                     25,
                                     0
                                   ],