{
   "max_completion_time": {
                             "5": 108.40000000000146,
                             "4": 163,
                             "6": 134,
                             "7": 169,
                             "2": 167,
                             "8": 171,
                             "3": 182,
                             "1": 159
                          },
                  "name": "R101-25",
            "solve_time": 34.412999868392944,
          "relative_gap": 6.840112373284886e-5,
                 "route": {
                             "5": [
                                    0,
                                    12,
                                    9,
                                    0
                                  ],
                             "4": [
                                    0,
                                    21,
                                    3,
                                    24,
                                    0
                                  ],
                             "6": [
                                    0,
                                    2,
                                    18,
                                    10,
                                    0
                                  ],
                             "7": [
                                    0,
                                    5,
                                    7,
                                    8,
                                    13,
                                    0
                                  ],
                             "2": [
                                    0,
                                    15,
                                    6,
                                    17,
                                    0
                                  ],
                             "8": [
                                    0,
                                    11,
                                    19,
                                    20,
                                    1,
                                    0
                                  ],
                             "3": [
                                    0,
                                    23,
                                    22,
                                    25,
                                    0
                                  ],
                             "1": [
                                    0,
                                    14,
                                    16,
                                    4,
                                    0
                                  ]
                          },
          "obj_function": 734.1999999999898,
             "total_com": 2729.0000000000036,
           "num_vehicle": 8,
           "solver_name": "CPLEX",
                   "tex": "vehicle 1: [0, 14, 16, 4, 0]\nvehicle 2: [0, 15, 6, 17, 0]\nvehicle 3: [0, 23, 22, 25, 0]\nvehicle 4: [0, 21, 3, 24, 0]\nvehicle 5: [0, 12, 9, 0]\nvehicle 6: [0, 2, 18, 10, 0]\nvehicle 7: [0, 5, 7, 8, 13, 0]\nvehicle 8: [0, 11, 19, 20, 1, 0]\n"
}