{
   "max_completion_time": {
                              "5": 154.19999999999706,
                             "12": 159,
                              "8": 163,
                              "1": 171,
                              "6": 153,
                             "11": 134,
                              "9": 142,
                              "3": 167,
                              "7": 175,
                              "4": 182,
                              "2": 169,
                             "10": 113.19999999999932
                          },
                  "name": "R101-50",
            "solve_time": 8.056366205215454,
          "relative_gap": 0,
                 "route": {
                              "5": [
                                     0,
                                     2,
                                     18,
                                     10,
                                     32,
                                     0
                                   ],
                             "12": [
                                     0,
                                     28,
                                     12,
                                     6,
                                     4,
                                     0
                                   ],
                              "8": [
                                     0,
                                     27,
                                     30,
                                     3,
                                     24,
                                     0
                                   ],
                              "1": [
                                     0,
                                     47,
                                     19,
                                     20,
                                     1,
                                     0
                                   ],
                              "6": [
                                     0,
                                     33,
                                     29,
                                     9,
                                     34,
                                     35,
                                     0
                                   ],
                             "11": [
                                     0,
                                     42,
                                     21,
                                     40,
                                     50,
                                     0
                                   ],
                              "9": [
                                     0,
                                     45,
                                     44,
                                     38,
                                     43,
                                     0
                                   ],
                              "3": [
                                     0,
                                     5,
                                     16,
                                     46,
                                     17,
                                     0
                                   ],
                              "7": [
                                     0,
                                     36,
                                     11,
                                     49,
                                     48,
                                     0
                                   ],
                              "4": [
                                     0,
                                     14,
                                     15,
                                     22,
                                     26,
                                     25,
                                     0
                                   ],
                              "2": [
                                     0,
                                     39,
                                     23,
                                     41,
                                     37,
                                     13,
                                     0
                                   ],
                             "10": [
                                     0,
                                     31,
                                     7,
                                     8,
                                     0
                                   ]
                          },
          "obj_function": 1451.2000000000162,
             "total_com": 5127.699999999996,
           "num_vehicle": 12,
           "solver_name": "Gurobi",
                   "tex": "vehicle 1: [0, 47, 19, 20, 1, 0]\nvehicle 2: [0, 39, 23, 41, 37, 13, 0]\nvehicle 3: [0, 5, 16, 46, 17, 0]\nvehicle 4: [0, 14, 15, 22, 26, 25, 0]\nvehicle 5: [0, 2, 18, 10, 32, 0]\nvehicle 6: [0, 33, 29, 9, 34, 35, 0]\nvehicle 7: [0, 36, 11, 49, 48, 0]\nvehicle 8: [0, 27, 30, 3, 24, 0]\nvehicle 9: [0, 45, 44, 38, 43, 0]\nvehicle 10: [0, 31, 7, 8, 0]\nvehicle 11: [0, 42, 21, 40, 50, 0]\nvehicle 12: [0, 28, 12, 6, 4, 0]\n"
}