{
   "max_completion_time": {
                              "5": 153,
                              "8": 142,
                              "1": 169,
                              "6": 163,
                             "11": 127,
                              "9": 134,
                              "3": 182,
                              "7": 136,
                              "4": 151,
                              "2": 167,
                             "10": 111.09999999999856
                          },
                  "name": "R102-50",
            "solve_time": 301.90828108787537,
          "relative_gap": 0,
                 "route": {
                              "5": [
                                     0,
                                     34,
                                     33,
                                     29,
                                     35,
                                     0
                                   ],
                              "8": [
                                     0,
                                     2,
                                     14,
                                     15,
                                     22,
                                     43,
                                     0
                                   ],
                              "1": [
                                     0,
                                     21,
                                     39,
                                     23,
                                     41,
                                     13,
                                     0
                                   ],
                              "6": [
                                     0,
                                     5,
                                     45,
                                     44,
                                     6,
                                     24,
                                     0
                                   ],
                             "11": [
                                     0,
                                     3,
                                     16,
                                     46,
                                     0
                                   ],
                              "9": [
                                     0,
                                     7,
                                     47,
                                     18,
                                     10,
                                     0
                                   ],
                              "3": [
                                     0,
                                     37,
                                     42,
                                     38,
                                     4,
                                     25,
                                     0
                                   ],
                              "7": [
                                     0,
                                     48,
                                     27,
                                     30,
                                     9,
                                     20,
                                     0
                                   ],
                              "4": [
                                     0,
                                     12,
                                     26,
                                     28,
                                     40,
                                     32,
                                     0
                                   ],
                              "2": [
                                     0,
                                     31,
                                     36,
                                     19,
                                     49,
                                     17,
                                     0
                                   ],
                             "10": [
                                     0,
                                     50,
                                     1,
                                     11,
                                     8,
                                     0
                                   ]
                          },
          "obj_function": 1373.0000000000146,
             "total_com": 3855.5999999999985,
           "num_vehicle": 11,
           "solver_name": "Gurobi",
                   "tex": "vehicle 1: [0, 21, 39, 23, 41, 13, 0]\nvehicle 2: [0, 31, 36, 19, 49, 17, 0]\nvehicle 3: [0, 37, 42, 38, 4, 25, 0]\nvehicle 4: [0, 12, 26, 28, 40, 32, 0]\nvehicle 5: [0, 34, 33, 29, 35, 0]\nvehicle 6: [0, 5, 45, 44, 6, 24, 0]\nvehicle 7: [0, 48, 27, 30, 9, 20, 0]\nvehicle 8: [0, 2, 14, 15, 22, 43, 0]\nvehicle 9: [0, 7, 47, 18, 10, 0]\nvehicle 10: [0, 50, 1, 11, 8, 0]\nvehicle 11: [0, 3, 16, 46, 0]\n"
}