{
   "max_completion_time": {
                             "5": 86,
                             "4": 182,
                             "6": 167,
                             "7": 136,
                             "2": 134,
                             "3": 163,
                             "1": 169.00000000000003
                          },
                  "name": "R102-25",
            "solve_time": 20.10199999809265,
          "relative_gap": 3.100630978358843e-5,
                 "route": {
                             "5": [
                                    0,
                                    5,
                                    19,
                                    0
                                  ],
                             "4": [
                                    0,
                                    1,
                                    23,
                                    22,
                                    4,
                                    25,
                                    0
                                  ],
                             "6": [
                                    0,
                                    2,
                                    14,
                                    15,
                                    6,
                                    17,
                                    0
                                  ],
                             "7": [
                                    0,
                                    12,
                                    9,
                                    20,
                                    0
                                  ],
                             "2": [
                                    0,
                                    21,
                                    18,
                                    10,
                                    0
                                  ],
                             "3": [
                                    0,
                                    7,
                                    16,
                                    24,
                                    0
                                  ],
                             "1": [
                                    0,
                                    3,
                                    11,
                                    8,
                                    13,
                                    0
                                  ]
                          },
          "obj_function": 778.0000000000001,
             "total_com": 2150.0999999999985,
           "num_vehicle": 7,
           "solver_name": "CPLEX",
                   "tex": "vehicle 1: [0, 3, 11, 8, 13, 0]\nvehicle 2: [0, 21, 18, 10, 0]\nvehicle 3: [0, 7, 16, 24, 0]\nvehicle 4: [0, 1, 23, 22, 4, 25, 0]\nvehicle 5: [0, 5, 19, 0]\nvehicle 6: [0, 2, 14, 15, 6, 17, 0]\nvehicle 7: [0, 12, 9, 20, 0]\n"
}