{
   "max_completion_time": {
                             "5": 182,
                             "4": 169,
                             "2": 159,
                             "3": 167,
                             "1": 142
                          },
                  "name": "R103-25",
            "solve_time": 3618.6819999217987,
          "relative_gap": 0.1486388478739739,
                 "route": {
                             "5": [
                                    0,
                                    16,
                                    5,
                                    18,
                                    8,
                                    25,
                                    0
                                  ],
                             "4": [
                                    0,
                                    1,
                                    7,
                                    19,
                                    11,
                                    13,
                                    0
                                  ],
                             "2": [
                                    0,
                                    12,
                                    21,
                                    23,
                                    22,
                                    4,
                                    0
                                  ],
                             "3": [
                                    0,
                                    2,
                                    14,
                                    15,
                                    6,
                                    17,
                                    0
                                  ],
                             "1": [
                                    0,
                                    24,
                                    3,
                                    20,
                                    9,
                                    10,
                                    0
                                  ]
                          },
          "obj_function": 180,
             "total_com": 1888.899999997987,
           "num_vehicle": 5,
           "solver_name": "CPLEX",
                   "tex": "vehicle 1: [0, 24, 3, 20, 9, 10, 0]\nvehicle 2: [0, 12, 21, 23, 22, 4, 0]\nvehicle 3: [0, 2, 14, 15, 6, 17, 0]\nvehicle 4: [0, 1, 7, 19, 11, 13, 0]\nvehicle 5: [0, 16, 5, 18, 8, 25, 0]\n"
}