{
   "max_completion_time": {
                             "5": 182,
                             "4": 167,
                             "2": 134,
                             "3": 159,
                             "1": 169.00000000000003
                          },
                  "name": "R103-25",
            "solve_time": 600.0133259296417,
          "relative_gap": 0.036867903927210545,
                 "route": {
                             "5": [
                                    0,
                                    12,
                                    3,
                                    24,
                                    9,
                                    25,
                                    0
                                  ],
                             "4": [
                                    0,
                                    18,
                                    7,
                                    19,
                                    8,
                                    17,
                                    0
                                  ],
                             "2": [
                                    0,
                                    1,
                                    20,
                                    11,
                                    10,
                                    0
                                  ],
                             "3": [
                                    0,
                                    5,
                                    16,
                                    14,
                                    15,
                                    6,
                                    4,
                                    0
                                  ],
                             "1": [
                                    0,
                                    2,
                                    21,
                                    23,
                                    22,
                                    13,
                                    0
                                  ]
                          },
          "obj_function": 212.00000000000006,
             "total_com": 1843.899999999987,
           "num_vehicle": 5,
           "solver_name": "Gurobi",
                   "tex": "vehicle 1: [0, 2, 21, 23, 22, 13, 0]\nvehicle 2: [0, 1, 20, 11, 10, 0]\nvehicle 3: [0, 5, 16, 14, 15, 6, 4, 0]\nvehicle 4: [0, 18, 7, 19, 8, 17, 0]\nvehicle 5: [0, 12, 3, 24, 9, 25, 0]\n"
}