{
   "max_completion_time": {
                             "5": 132,
                             "4": 165,
                             "6": 158.9999999999997,
                             "7": 170.49999999999994,
                             "2": 159,
                             "9": 157,
                             "8": 143,
                             "3": 171,
                             "1": 170.5999999999984
                          },
                  "name": "R105-50",
            "solve_time": 600.0637271404266,
          "relative_gap": 0.024592498714435845,
                 "route": {
                             "5": [
                                    0,
                                    14,
                                    15,
                                    38,
                                    43,
                                    0
                                  ],
                             "4": [
                                    0,
                                    36,
                                    19,
                                    11,
                                    49,
                                    48,
                                    0
                                  ],
                             "6": [
                                    0,
                                    42,
                                    2,
                                    21,
                                    40,
                                    50,
                                    24,
                                    0
                                  ],
                             "7": [
                                    0,
                                    45,
                                    47,
                                    7,
                                    10,
                                    20,
                                    32,
                                    0
                                  ],
                             "2": [
                                    0,
                                    5,
                                    44,
                                    16,
                                    6,
                                    37,
                                    13,
                                    0
                                  ],
                             "9": [
                                    0,
                                    27,
                                    31,
                                    18,
                                    8,
                                    46,
                                    17,
                                    0
                                  ],
                             "8": [
                                    0,
                                    33,
                                    30,
                                    9,
                                    34,
                                    35,
                                    0
                                  ],
                             "3": [
                                    0,
                                    28,
                                    12,
                                    29,
                                    3,
                                    4,
                                    25,
                                    0
                                  ],
                             "1": [
                                    0,
                                    39,
                                    23,
                                    41,
                                    22,
                                    26,
                                    1,
                                    0
                                  ]
                          },
          "obj_function": 543.5999999999908,
             "total_com": 4933.600000000006,
           "num_vehicle": 9,
           "solver_name": "Gurobi",
                   "tex": "vehicle 1: [0, 39, 23, 41, 22, 26, 1, 0]\nvehicle 2: [0, 5, 44, 16, 6, 37, 13, 0]\nvehicle 3: [0, 28, 12, 29, 3, 4, 25, 0]\nvehicle 4: [0, 36, 19, 11, 49, 48, 0]\nvehicle 5: [0, 14, 15, 38, 43, 0]\nvehicle 6: [0, 42, 2, 21, 40, 50, 24, 0]\nvehicle 7: [0, 45, 47, 7, 10, 20, 32, 0]\nvehicle 8: [0, 33, 30, 9, 34, 35, 0]\nvehicle 9: [0, 27, 31, 18, 8, 46, 17, 0]\n"
}