{
   "max_completion_time": {
                             "5": 129.19999999999703,
                             "4": 169,
                             "6": 153,
                             "2": 159,
                             "3": 157,
                             "1": 161
                          },
                  "name": "R105-25",
            "solve_time": 39.86273193359375,
          "relative_gap": 0,
                 "route": {
                             "5": [
                                    0,
                                    11,
                                    19,
                                    7,
                                    10,
                                    0
                                  ],
                             "4": [
                                    0,
                                    5,
                                    16,
                                    6,
                                    4,
                                    25,
                                    0
                                  ],
                             "6": [
                                    0,
                                    14,
                                    15,
                                    3,
                                    24,
                                    0
                                  ],
                             "2": [
                                    0,
                                    21,
                                    23,
                                    22,
                                    13,
                                    0
                                  ],
                             "3": [
                                    0,
                                    2,
                                    18,
                                    8,
                                    17,
                                    0
                                  ],
                             "1": [
                                    0,
                                    12,
                                    9,
                                    20,
                                    1,
                                    0
                                  ]
                          },
          "obj_function": 225.00000000001484,
             "total_com": 2575.6999999999985,
           "num_vehicle": 6,
           "solver_name": "Gurobi",
                   "tex": "vehicle 1: [0, 12, 9, 20, 1, 0]\nvehicle 2: [0, 21, 23, 22, 13, 0]\nvehicle 3: [0, 2, 18, 8, 17, 0]\nvehicle 4: [0, 5, 16, 6, 4, 25, 0]\nvehicle 5: [0, 11, 19, 7, 10, 0]\nvehicle 6: [0, 14, 15, 3, 24, 0]\n"
}