{
   "max_completion_time": {
                             "5": 165.00000000000009,
                             "4": 143.000000000553,
                             "6": 160.99999999993736,
                             "7": 162.60000000020804,
                             "2": 157,
                             "9": 170.5,
                             "8": 159,
                             "3": 169.0000000000001,
                             "1": 136.1999999999971
                          },
                  "name": "R105-50",
            "solve_time": 3601.563999891281,
          "relative_gap": 0.05695869742652814,
                 "route": {
                             "5": [
                                    0,
                                    45,
                                    19,
                                    11,
                                    49,
                                    48,
                                    0
                                  ],
                             "4": [
                                    0,
                                    28,
                                    30,
                                    9,
                                    34,
                                    35,
                                    0
                                  ],
                             "6": [
                                    0,
                                    33,
                                    29,
                                    12,
                                    3,
                                    50,
                                    1,
                                    0
                                  ],
                             "7": [
                                    0,
                                    2,
                                    21,
                                    40,
                                    26,
                                    24,
                                    0
                                  ],
                             "2": [
                                    0,
                                    27,
                                    31,
                                    18,
                                    8,
                                    46,
                                    17,
                                    0
                                  ],
                             "9": [
                                    0,
                                    36,
                                    47,
                                    7,
                                    10,
                                    20,
                                    32,
                                    0
                                  ],
                             "8": [
                                    0,
                                    42,
                                    14,
                                    44,
                                    16,
                                    6,
                                    37,
                                    13,
                                    0
                                  ],
                             "3": [
                                    0,
                                    39,
                                    23,
                                    41,
                                    22,
                                    4,
                                    25,
                                    0
                                  ],
                             "1": [
                                    0,
                                    5,
                                    15,
                                    38,
                                    43,
                                    0
                                  ]
                          },
          "obj_function": 469.5999999971224,
             "total_com": 4933.599999999908,
           "num_vehicle": 9,
           "solver_name": "CPLEX",
                   "tex": "vehicle 1: [0, 5, 15, 38, 43, 0]\nvehicle 2: [0, 27, 31, 18, 8, 46, 17, 0]\nvehicle 3: [0, 39, 23, 41, 22, 4, 25, 0]\nvehicle 4: [0, 28, 30, 9, 34, 35, 0]\nvehicle 5: [0, 45, 19, 11, 49, 48, 0]\nvehicle 6: [0, 33, 29, 12, 3, 50, 1, 0]\nvehicle 7: [0, 2, 21, 40, 26, 24, 0]\nvehicle 8: [0, 42, 14, 44, 16, 6, 37, 13, 0]\nvehicle 9: [0, 36, 47, 7, 10, 20, 32, 0]\n"
}