{
   "max_completion_time": {
                             "5": 152.99999999999994,
                             "4": 159,
                             "6": 161,
                             "2": 169,
                             "3": 125.99999999999999,
                             "1": 157
                          },
                  "name": "R105-25",
            "solve_time": 273.1230001449585,
          "relative_gap": 9.898771473412264e-5,
                 "route": {
                             "5": [
                                    0,
                                    14,
                                    15,
                                    3,
                                    24,
                                    0
                                  ],
                             "4": [
                                    0,
                                    2,
                                    18,
                                    8,
                                    13,
                                    0
                                  ],
                             "6": [
                                    0,
                                    11,
                                    19,
                                    7,
                                    10,
                                    1,
                                    0
                                  ],
                             "2": [
                                    0,
                                    21,
                                    23,
                                    22,
                                    4,
                                    25,
                                    0
                                  ],
                             "3": [
                                    0,
                                    12,
                                    9,
                                    20,
                                    0
                                  ],
                             "1": [
                                    0,
                                    5,
                                    16,
                                    6,
                                    17,
                                    0
                                  ]
                          },
          "obj_function": 241.00000000000023,
             "total_com": 2575.699999999997,
           "num_vehicle": 6,
           "solver_name": "CPLEX",
                   "tex": "vehicle 1: [0, 5, 16, 6, 17, 0]\nvehicle 2: [0, 21, 23, 22, 4, 25, 0]\nvehicle 3: [0, 12, 9, 20, 0]\nvehicle 4: [0, 2, 18, 8, 13, 0]\nvehicle 5: [0, 14, 15, 3, 24, 0]\nvehicle 6: [0, 11, 19, 7, 10, 1, 0]\n"
}