{
   "max_completion_time": {
                              "5": 166,
                             "12": 178,
                              "8": 168.6000000000044,
                              "1": 145.40000000000862,
                              "6": 175,
                             "11": 149,
                              "9": 178,
                             "14": 190,
                              "3": 165,
                              "7": 159.9999855239368,
                              "4": 146,
                             "13": 181,
                             "15": 162,
                              "2": 179,
                             "10": 176
                          },
                  "name": "R105-100",
            "solve_time": 600.0770180225372,
          "relative_gap": 0.026217886613827027,
                 "route": {
                              "5": [
                                     0,
                                     28,
                                     12,
                                     76,
                                     79,
                                     3,
                                     54,
                                     25,
                                     0
                                   ],
                             "12": [
                                     0,
                                     39,
                                     23,
                                     67,
                                     55,
                                     24,
                                     80,
                                     0
                                   ],
                              "8": [
                                     0,
                                     27,
                                     52,
                                     88,
                                     7,
                                     18,
                                     10,
                                     1,
                                     0
                                   ],
                              "1": [
                                     0,
                                     33,
                                     29,
                                     81,
                                     78,
                                     34,
                                     35,
                                     0
                                   ],
                              "6": [
                                     0,
                                     14,
                                     44,
                                     38,
                                     86,
                                     37,
                                     91,
                                     100,
                                     0
                                   ],
                             "11": [
                                     0,
                                     92,
                                     2,
                                     75,
                                     41,
                                     22,
                                     56,
                                     74,
                                     0
                                   ],
                              "9": [
                                     0,
                                     69,
                                     31,
                                     30,
                                     51,
                                     20,
                                     32,
                                     70,
                                     0
                                   ],
                             "14": [
                                     0,
                                     72,
                                     21,
                                     73,
                                     40,
                                     53,
                                     26,
                                     4,
                                     58,
                                     0
                                   ],
                              "3": [
                                     0,
                                     47,
                                     36,
                                     64,
                                     49,
                                     48,
                                     0
                                   ],
                              "7": [
                                     0,
                                     45,
                                     82,
                                     19,
                                     8,
                                     46,
                                     17,
                                     0
                                   ],
                              "4": [
                                     0,
                                     65,
                                     71,
                                     9,
                                     50,
                                     68,
                                     0
                                   ],
                             "13": [
                                     0,
                                     59,
                                     95,
                                     98,
                                     61,
                                     99,
                                     6,
                                     94,
                                     97,
                                     13,
                                     93,
                                     0
                                   ],
                             "15": [
                                     0,
                                     5,
                                     83,
                                     16,
                                     85,
                                     84,
                                     96,
                                     60,
                                     0
                                   ],
                              "2": [
                                     0,
                                     63,
                                     62,
                                     11,
                                     90,
                                     66,
                                     77,
                                     0
                                   ],
                             "10": [
                                     0,
                                     42,
                                     15,
                                     87,
                                     57,
                                     43,
                                     89,
                                     0
                                   ]
                          },
          "obj_function": 1646.400115808385,
             "total_com": 10200.999985523844,
           "num_vehicle": 15,
           "solver_name": "Gurobi",