{
   "max_completion_time": {
                             "4": 169,
                             "2": 157,
                             "3": 138.39980807668474,
                             "1": 159.09999999999826
                          },
                  "name": "R107-25",
            "solve_time": 600.0121030807495,
          "relative_gap": 0.11272420260896884,
                 "route": {
                             "4": [
                                    0,
                                    12,
                                    21,
                                    2,
                                    23,
                                    22,
                                    4,
                                    25,
                                    0
                                  ],
                             "2": [
                                    0,
                                    5,
                                    16,
                                    14,
                                    15,
                                    6,
                                    17,
                                    0
                                  ],
                             "3": [
                                    0,
                                    18,
                                    7,
                                    19,
                                    11,
                                    8,
                                    10,
                                    0
                                  ],
                             "1": [
                                    0,
                                    24,
                                    3,
                                    1,
                                    20,
                                    9,
                                    13,
                                    0
                                  ]
                          },
          "obj_function": 93.90057576994406,
             "total_com": 1914.4992953529827,
           "num_vehicle": 4,
           "solver_name": "Gurobi",
                   "tex": "vehicle 1: [0, 24, 3, 1, 20, 9, 13, 0]\nvehicle 2: [0, 5, 16, 14, 15, 6, 17, 0]\nvehicle 3: [0, 18, 7, 19, 11, 8, 10, 0]\nvehicle 4: [0, 12, 21, 2, 23, 22, 4, 25, 0]\n"
}