{
   "max_completion_time": {
                             "5": 138,
                             "4": 141.0000000000001,
                             "2": 134,
                             "3": 169.19999999900074,
                             "1": 153
                          },
                  "name": "R109-25",
            "solve_time": 3613.609999895096,
          "relative_gap": 0.0962932425465519,
                 "route": {
                             "5": [
                                    0,
                                    15,
                                    14,
                                    8,
                                    17,
                                    0
                                  ],
                             "4": [
                                    0,
                                    5,
                                    16,
                                    6,
                                    18,
                                    13,
                                    0
                                  ],
                             "2": [
                                    0,
                                    12,
                                    9,
                                    3,
                                    24,
                                    0
                                  ],
                             "3": [
                                    0,
                                    11,
                                    19,
                                    7,
                                    10,
                                    20,
                                    1,
                                    0
                                  ],
                             "1": [
                                    0,
                                    2,
                                    21,
                                    23,
                                    22,
                                    4,
                                    25,
                                    0
                                  ]
                          },
          "obj_function": 170.79999999600295,
             "total_com": 2369.3999999979974,
           "num_vehicle": 5,
           "solver_name": "CPLEX",
                   "tex": "vehicle 1: [0, 2, 21, 23, 22, 4, 25, 0]\nvehicle 2: [0, 12, 9, 3, 24, 0]\nvehicle 3: [0, 11, 19, 7, 10, 20, 1, 0]\nvehicle 4: [0, 5, 16, 6, 18, 13, 0]\nvehicle 5: [0, 15, 14, 8, 17, 0]\n"
}