{
   "max_completion_time": {
                             "5": 155.90000000000146,
                             "4": 144.5,
                             "6": 155.89999999999418,
                             "7": 172.99999999999204,
                             "2": 154.29999999999555,
                             "8": 163.29999999999563,
                             "3": 150.3000000000029,
                             "1": 150.59999999999837
                          },
                  "name": "R109-50",
            "solve_time": 600.0507340431213,
          "relative_gap": 0.08218187217258066,
                 "route": {
                             "5": [
                                    0,
                                    47,
                                    19,
                                    36,
                                    49,
                                    46,
                                    48,
                                    0
                                  ],
                             "4": [
                                    0,
                                    42,
                                    15,
                                    14,
                                    44,
                                    38,
                                    43,
                                    0
                                  ],
                             "6": [
                                    0,
                                    33,
                                    30,
                                    9,
                                    20,
                                    32,
                                    10,
                                    0
                                  ],
                             "7": [
                                    0,
                                    39,
                                    23,
                                    41,
                                    22,
                                    26,
                                    4,
                                    25,
                                    0
                                  ],
                             "2": [
                                    0,
                                    2,
                                    21,
                                    40,
                                    50,
                                    3,
                                    24,
                                    0
                                  ],
                             "8": [
                                    0,
                                    27,
                                    28,
                                    12,
                                    29,
                                    34,
                                    35,
                                    1,
                                    0
                                  ],
                             "3": [
                                    0,
                                    31,
                                    11,
                                    7,
                                    18,
                                    8,
                                    17,
                                    0
                                  ],
                             "1": [
                                    0,
                                    5,
                                    45,
                                    16,
                                    6,
                                    37,
                                    13,
                                    0
                                  ]
                          },
          "obj_function": 281.99999999991576,
             "total_com": 4689.799999999936,
           "num_vehicle": 8,
           "solver_name": "Gurobi",
                   "tex": "vehicle 1: [0, 5, 45, 16, 6, 37, 13, 0]\nvehicle 2: [0, 2, 21, 40, 50, 3, 24, 0]\nvehicle 3: [0, 31, 11, 7, 18, 8, 17, 0]\nvehicle 4: [0, 42, 15, 14, 44, 38, 43, 0]\nvehicle 5: [0, 47, 19, 36, 49, 46, 48, 0]\nvehicle 6: [0, 33, 30, 9, 20, 32, 10, 0]\nvehicle 7: [0, 39, 23, 41, 22, 26, 4, 25, 0]\nvehicle 8: [0, 27, 28, 12, 29, 34, 35, 1, 0]\n"
}