{
   "max_completion_time": {
                             "5": 134,
                             "4": 143.40000000000126,
                             "2": 153.00000000000017,
                             "3": 169.2000000000002,
                             "1": 134
                          },
                  "name": "R109-25",
            "solve_time": 600.0182521343231,
          "relative_gap": 0.032683231424196796,
                 "route": {
                             "5": [
                                    0,
                                    12,
                                    9,
                                    3,
                                    24,
                                    0
                                  ],
                             "4": [
                                    0,
                                    5,
                                    16,
                                    8,
                                    18,
                                    13,
                                    0
                                  ],
                             "2": [
                                    0,
                                    2,
                                    21,
                                    23,
                                    22,
                                    4,
                                    25,
                                    0
                                  ],
                             "3": [
                                    0,
                                    11,
                                    19,
                                    7,
                                    10,
                                    20,
                                    1,
                                    0
                                  ],
                             "1": [
                                    0,
                                    14,
                                    15,
                                    6,
                                    17,
                                    0
                                  ]
                          },
          "obj_function": 178.8000000000011,
             "total_com": 2360.2000000000025,
           "num_vehicle": 5,
           "solver_name": "Gurobi",
                   "tex": "vehicle 1: [0, 14, 15, 6, 17, 0]\nvehicle 2: [0, 2, 21, 23, 22, 4, 25, 0]\nvehicle 3: [0, 11, 19, 7, 10, 20, 1, 0]\nvehicle 4: [0, 5, 16, 8, 18, 13, 0]\nvehicle 5: [0, 12, 9, 3, 24, 0]\n"
}