{
   "max_completion_time": {
                             "5": 122.99999999999989,
                             "4": 164.7000000000005,
                             "2": 157.00000000000006,
                             "3": 134.49999999999486,
                             "1": 148.00000000000003
                          },
                  "name": "R111-25",
            "solve_time": 600.0141701698303,
          "relative_gap": 0.05164382215731477,
                 "route": {
                             "5": [
                                    0,
                                    21,
                                    3,
                                    20,
                                    10,
                                    0
                                  ],
                             "4": [
                                    0,
                                    1,
                                    12,
                                    24,
                                    9,
                                    25,
                                    0
                                  ],
                             "2": [
                                    0,
                                    7,
                                    19,
                                    11,
                                    8,
                                    18,
                                    13,
                                    0
                                  ],
                             "3": [
                                    0,
                                    5,
                                    16,
                                    14,
                                    6,
                                    17,
                                    0
                                  ],
                             "1": [
                                    0,
                                    2,
                                    15,
                                    23,
                                    22,
                                    4,
                                    0
                                  ]
                          },
          "obj_function": 211.80000000001286,
             "total_com": 2119.899999999974,
           "num_vehicle": 5,
           "solver_name": "Gurobi",
                   "tex": "vehicle 1: [0, 2, 15, 23, 22, 4, 0]\nvehicle 2: [0, 7, 19, 11, 8, 18, 13, 0]\nvehicle 3: [0, 5, 16, 14, 6, 17, 0]\nvehicle 4: [0, 1, 12, 24, 9, 25, 0]\nvehicle 5: [0, 21, 3, 20, 10, 0]\n"
}