{
   "max_completion_time": {
                             "5": 157.00000000000003,
                             "4": 180.59999999999854,
                             "2": 163,
                             "3": 148,
                             "1": 198.39999999999782
                          },
                  "name": "R111-25",
            "solve_time": 3628.947000026703,
          "relative_gap": 0.2183211248621751,
                 "route": {
                             "5": [
                                    0,
                                    16,
                                    14,
                                    15,
                                    22,
                                    13,
                                    0
                                  ],
                             "4": [
                                    0,
                                    1,
                                    18,
                                    8,
                                    20,
                                    3,
                                    0
                                  ],
                             "2": [
                                    0,
                                    21,
                                    12,
                                    23,
                                    24,
                                    25,
                                    0
                                  ],
                             "3": [
                                    0,
                                    2,
                                    5,
                                    6,
                                    4,
                                    0
                                  ],
                             "1": [
                                    0,
                                    7,
                                    19,
                                    11,
                                    9,
                                    10,
                                    17,
                                    0
                                  ]
                          },
          "obj_function": 248.7999999999883,
             "total_com": 2375.3999999969797,
           "num_vehicle": 5,
           "solver_name": "CPLEX",
                   "tex": "vehicle 1: [0, 7, 19, 11, 9, 10, 17, 0]\nvehicle 2: [0, 21, 12, 23, 24, 25, 0]\nvehicle 3: [0, 2, 5, 6, 4, 0]\nvehicle 4: [0, 1, 18, 8, 20, 3, 0]\nvehicle 5: [0, 16, 14, 15, 22, 13, 0]\n"
}