{
   "max_completion_time": {
                             "4": 142.89999999999782,
                             "2": 175.39999999999736,
                             "3": 139.19999999999712,
                             "1": 164.59999999999852
                          },
                  "name": "R112-25",
            "solve_time": 600.0093538761139,
          "relative_gap": 0.248842865646711,
                 "route": {
                             "4": [
                                    0,
                                    2,
                                    15,
                                    22,
                                    23,
                                    4,
                                    25,
                                    0
                                  ],
                             "2": [
                                    0,
                                    21,
                                    12,
                                    24,
                                    3,
                                    9,
                                    20,
                                    1,
                                    0
                                  ],
                             "3": [
                                    0,
                                    11,
                                    19,
                                    7,
                                    18,
                                    6,
                                    13,
                                    0
                                  ],
                             "1": [
                                    0,
                                    5,
                                    16,
                                    14,
                                    17,
                                    8,
                                    10,
                                    0
                                  ]
                          },
          "obj_function": 130.30000000000143,
             "total_com": 2332.69999999995,
           "num_vehicle": 4,
           "solver_name": "Gurobi",
                   "tex": "vehicle 1: [0, 5, 16, 14, 17, 8, 10, 0]\nvehicle 2: [0, 21, 12, 24, 3, 9, 20, 1, 0]\nvehicle 3: [0, 11, 19, 7, 18, 6, 13, 0]\nvehicle 4: [0, 2, 15, 22, 23, 4, 25, 0]\n"
}