{
   "max_completion_time": {
                             "5": 743,
                             "4": 783,
                             "6": 696,
                             "2": 717,
                             "3": 827,
                             "1": 688.0000000000028
                          },
                  "name": "R201-50",
            "solve_time": 303.91299986839294,
          "relative_gap": 0,
                 "route": {
                             "5": [
                                    0,
                                    36,
                                    47,
                                    31,
                                    44,
                                    16,
                                    40,
                                    22,
                                    32,
                                    17,
                                    0
                                  ],
                             "4": [
                                    0,
                                    5,
                                    21,
                                    38,
                                    41,
                                    46,
                                    43,
                                    13,
                                    48,
                                    0
                                  ],
                             "6": [
                                    0,
                                    45,
                                    23,
                                    8,
                                    34,
                                    26,
                                    35,
                                    0
                                  ],
                             "2": [
                                    0,
                                    39,
                                    28,
                                    11,
                                    19,
                                    18,
                                    6,
                                    49,
                                    37,
                                    1,
                                    0
                                  ],
                             "3": [
                                    0,
                                    42,
                                    14,
                                    2,
                                    15,
                                    30,
                                    9,
                                    3,
                                    50,
                                    20,
                                    24,
                                    25,
                                    0
                                  ],
                             "1": [
                                    0,
                                    33,
                                    27,
                                    29,
                                    12,
                                    7,
                                    10,
                                    4,
                                    0
                                  ]
                          },
          "obj_function": 981.9999999999858,
             "total_com": 19034.2,
           "num_vehicle": 6,
           "solver_name": "CPLEX",
                   "tex": "vehicle 1: [0, 33, 27, 29, 12, 7, 10, 4, 0]\nvehicle 2: [0, 39, 28, 11, 19, 18, 6, 49, 37, 1, 0]\nvehicle 3: [0, 42, 14, 2, 15, 30, 9, 3, 50, 20, 24, 25, 0]\nvehicle 4: [0, 5, 21, 38, 41, 46, 43, 13, 48, 0]\nvehicle 5: [0, 36, 47, 31, 44, 16, 40, 22, 32, 17, 0]\nvehicle 6: [0, 45, 23, 8, 34, 26, 35, 0]\n"
}