{
   "max_completion_time": {
                             "5": 859,
                             "4": 798,
                             "6": 827,
                             "7": 849,
                             "2": 821,
                             "8": 827,
                             "3": 808,
                             "1": 696
                          },
                  "name": "R201-100",
            "solve_time": 600.0490570068359,
          "relative_gap": 0.0001517416709953445,
                 "route": {
                             "5": [
                                    0,
                                    63,
                                    83,
                                    69,
                                    64,
                                    71,
                                    78,
                                    9,
                                    37,
                                    1,
                                    58,
                                    0
                                  ],
                             "4": [
                                    0,
                                    59,
                                    5,
                                    28,
                                    31,
                                    52,
                                    21,
                                    75,
                                    67,
                                    90,
                                    46,
                                    96,
                                    13,
                                    70,
                                    0
                                  ],
                             "6": [
                                    0,
                                    42,
                                    27,
                                    29,
                                    12,
                                    73,
                                    40,
                                    41,
                                    22,
                                    57,
                                    50,
                                    97,
                                    4,
                                    77,
                                    0
                                  ],
                             "7": [
                                    0,
                                    72,
                                    39,
                                    82,
                                    44,
                                    16,
                                    38,
                                    85,
                                    53,
                                    94,
                                    34,
                                    10,
                                    32,
                                    17,
                                    48,
                                    80,
                                    0
                                  ],
                             "2": [
                                    0,
                                    45,
                                    36,
                                    47,
                                    15,
                                    19,
                                    7,
                                    18,
                                    8,
                                    84,
                                    26,
                                    55,
                                    54,
                                    74,
                                    91,
                                    93,
                                    0
                                  ],
                             "8": [
                                    0,
                                    65,
                                    62,
                                    11,
                                    88,
                                    99,
                                    6,
                                    49,
                                    20,
                                    68,
                                    60,
                                    25,
                                    0
                                  ],
                             "3": [
                                    0,
                                    92,
                                    14,
                                    95,
                                    98,
                                    30,
                                    76,
                                    51,
                                    79,
                                    81,
                                    56,
                                    43,
                                    24,
                                    89,
                                    100,
                                    0
                                  ],
                             "1": [
                                    0,
                                    33,
                                    2,
                                    23,
                                    61,
                                    86,
                                    87,
                                    3,
                                    66,
                                    35,
                                    0
                                  ]
                          },
          "obj_function": 1459,
             "total_com": 40199.90000000001,
           "num_vehicle": 8,
           "solver_name": "Gurobi",
                   "tex": "vehicle 1: [0, 33, 2, 23, 61, 86, 87, 3, 66, 35, 0]\nvehicle 2: [0, 45, 36, 47, 15, 19, 7, 18, 8, 84, 26, 55, 54, 74, 91, 93, 0]\nvehicle 3: [0, 92, 14, 95, 98, 30, 76, 51, 79, 81, 56, 43, 24, 89, 100, 0]\nvehicle 4: [0, 59, 5, 28, 31, 52, 21, 75, 67, 90, 46, 96, 13, 70, 0]\nvehicle 5: [0, 63, 83, 69, 64, 71, 78, 9, 37, 1, 58, 0]\nvehicle 6: [0, 42, 27, 29, 12, 73, 40, 41, 22, 57, 50, 97, 4, 77, 0]\nvehicle 7: [0, 72, 39, 82, 44, 16, 38, 85, 53, 94, 34, 10, 32, 17, 48, 80, 0]\nvehicle 8: [0, 65, 62, 11, 88, 99, 6, 49, 20, 68, 60, 25, 0]\n"
}