{
   "max_completion_time": {
                             "5": 696,
                             "4": 716,
                             "6": 783,
                             "2": 753.4000000000015,
                             "3": 827,
                             "1": 743
                          },
                  "name": "R201-50",
            "solve_time": 60.83500003814697,
          "relative_gap": 0.011428185366309997,
                 "route": {
                             "5": [
                                    0,
                                    39,
                                    47,
                                    29,
                                    19,
                                    35,
                                    0
                                  ],
                             "4": [
                                    0,
                                    5,
                                    31,
                                    23,
                                    44,
                                    16,
                                    40,
                                    22,
                                    3,
                                    50,
                                    43,
                                    4,
                                    24,
                                    0
                                  ],
                             "6": [
                                    0,
                                    45,
                                    36,
                                    28,
                                    11,
                                    6,
                                    34,
                                    10,
                                    48,
                                    0
                                  ],
                             "2": [
                                    0,
                                    42,
                                    33,
                                    27,
                                    7,
                                    18,
                                    8,
                                    46,
                                    20,
                                    32,
                                    1,
                                    13,
                                    0
                                  ],
                             "3": [
                                    0,
                                    21,
                                    30,
                                    9,
                                    49,
                                    37,
                                    25,
                                    0
                                  ],
                             "1": [
                                    0,
                                    14,
                                    2,
                                    15,
                                    12,
                                    38,
                                    41,
                                    26,
                                    17,
                                    0
                                  ]
                          },
          "obj_function": 866.4000000000015,
             "total_com": 19241.9,
           "num_vehicle": 6,
           "solver_name": "CPLEX",
                   "tex": "vehicle 1: [0, 14, 2, 15, 12, 38, 41, 26, 17, 0]\nvehicle 2: [0, 42, 33, 27, 7, 18, 8, 46, 20, 32, 1, 13, 0]\nvehicle 3: [0, 21, 30, 9, 49, 37, 25, 0]\nvehicle 4: [0, 5, 31, 23, 44, 16, 40, 22, 3, 50, 43, 4, 24, 0]\nvehicle 5: [0, 39, 47, 29, 19, 35, 0]\nvehicle 6: [0, 45, 36, 28, 11, 6, 34, 10, 48, 0]\n"
}