{
   "max_completion_time": {
                             "5": 714,
                             "4": 743,
                             "2": 827,
                             "3": 688,
                             "1": 696
                          },
                  "name": "R202-50",
            "solve_time": 600.020562171936,
          "relative_gap": 0.023930414950971732,
                 "route": {
                             "5": [
                                    0,
                                    21,
                                    2,
                                    42,
                                    14,
                                    28,
                                    23,
                                    40,
                                    41,
                                    46,
                                    24,
                                    0
                                  ],
                             "4": [
                                    0,
                                    31,
                                    7,
                                    48,
                                    36,
                                    47,
                                    44,
                                    38,
                                    18,
                                    6,
                                    10,
                                    13,
                                    17,
                                    0
                                  ],
                             "2": [
                                    0,
                                    1,
                                    50,
                                    12,
                                    26,
                                    39,
                                    11,
                                    19,
                                    9,
                                    20,
                                    32,
                                    25,
                                    0
                                  ],
                             "3": [
                                    0,
                                    34,
                                    3,
                                    33,
                                    27,
                                    15,
                                    30,
                                    22,
                                    43,
                                    4,
                                    0
                                  ],
                             "1": [
                                    0,
                                    37,
                                    5,
                                    45,
                                    29,
                                    16,
                                    8,
                                    49,
                                    35,
                                    0
                                  ]
                          },
          "obj_function": 650,
             "total_com": 14016.499999999984,
           "num_vehicle": 5,
           "solver_name": "Gurobi",
                   "tex": "vehicle 1: [0, 37, 5, 45, 29, 16, 8, 49, 35, 0]\nvehicle 2: [0, 1, 50, 12, 26, 39, 11, 19, 9, 20, 32, 25, 0]\nvehicle 3: [0, 34, 3, 33, 27, 15, 30, 22, 43, 4, 0]\nvehicle 4: [0, 31, 7, 48, 36, 47, 44, 38, 18, 6, 10, 13, 17, 0]\nvehicle 5: [0, 21, 2, 42, 14, 28, 23, 40, 41, 46, 24, 0]\n"
}