{
   "max_completion_time": {
                             "4": 700,
                             "2": 827,
                             "3": 714,
                             "1": 688
                          },
                  "name": "R202-25",
            "solve_time": 549.9349999427795,
          "relative_gap": 8.88068371715767e-5,
                 "route": {
                             "4": [
                                    0,
                                    1,
                                    7,
                                    15,
                                    19,
                                    9,
                                    13,
                                    0
                                  ],
                             "2": [
                                    0,
                                    2,
                                    21,
                                    16,
                                    18,
                                    8,
                                    10,
                                    17,
                                    25,
                                    0
                                  ],
                             "3": [
                                    0,
                                    5,
                                    14,
                                    23,
                                    22,
                                    20,
                                    24,
                                    0
                                  ],
                             "1": [
                                    0,
                                    3,
                                    12,
                                    11,
                                    6,
                                    4,
                                    0
                                  ]
                          },
          "obj_function": 431,
             "total_com": 8267.5,
           "num_vehicle": 4,
           "solver_name": "CPLEX",
                   "tex": "vehicle 1: [0, 3, 12, 11, 6, 4, 0]\nvehicle 2: [0, 2, 21, 16, 18, 8, 10, 17, 25, 0]\nvehicle 3: [0, 5, 14, 23, 22, 20, 24, 0]\nvehicle 4: [0, 1, 7, 15, 19, 9, 13, 0]\n"
}