{
   "max_completion_time": {
                             "4": 688,
                             "2": 700,
                             "3": 743,
                             "1": 827
                          },
                  "name": "R202-25",
            "solve_time": 2.584745168685913,
          "relative_gap": 4.838221953449715e-5,
                 "route": {
                             "4": [
                                    0,
                                    5,
                                    14,
                                    23,
                                    9,
                                    10,
                                    4,
                                    0
                                  ],
                             "2": [
                                    0,
                                    7,
                                    1,
                                    16,
                                    8,
                                    13,
                                    0
                                  ],
                             "3": [
                                    0,
                                    21,
                                    2,
                                    11,
                                    19,
                                    18,
                                    6,
                                    20,
                                    17,
                                    0
                                  ],
                             "1": [
                                    0,
                                    12,
                                    3,
                                    15,
                                    22,
                                    24,
                                    25,
                                    0
                                  ]
                          },
          "obj_function": 460,
             "total_com": 8267.5,
           "num_vehicle": 4,
           "solver_name": "Gurobi",
                   "tex": "vehicle 1: [0, 12, 3, 15, 22, 24, 25, 0]\nvehicle 2: [0, 7, 1, 16, 8, 13, 0]\nvehicle 3: [0, 21, 2, 11, 19, 18, 6, 20, 17, 0]\nvehicle 4: [0, 5, 14, 23, 9, 10, 4, 0]\n"
}