{
   "max_completion_time": {
                             "5": 743,
                             "4": 688,
                             "2": 827,
                             "3": 670,
                             "1": 714
                          },
                  "name": "R202-50",
            "solve_time": 3600.6409997940063,
          "relative_gap": 0.04149336780535225,
                 "route": {
                             "5": [
                                    0,
                                    7,
                                    48,
                                    31,
                                    47,
                                    36,
                                    11,
                                    38,
                                    9,
                                    49,
                                    10,
                                    13,
                                    17,
                                    0
                                  ],
                             "4": [
                                    0,
                                    12,
                                    50,
                                    45,
                                    28,
                                    29,
                                    19,
                                    40,
                                    41,
                                    20,
                                    4,
                                    0
                                  ],
                             "2": [
                                    0,
                                    1,
                                    26,
                                    14,
                                    5,
                                    30,
                                    22,
                                    35,
                                    25,
                                    0
                                  ],
                             "3": [
                                    0,
                                    3,
                                    34,
                                    33,
                                    39,
                                    44,
                                    16,
                                    18,
                                    6,
                                    46,
                                    32,
                                    0
                                  ],
                             "1": [
                                    0,
                                    2,
                                    21,
                                    42,
                                    37,
                                    27,
                                    15,
                                    23,
                                    8,
                                    43,
                                    24,
                                    0
                                  ]
                          },
          "obj_function": 738,
             "total_com": 14233.599999994061,
           "num_vehicle": 5,
           "solver_name": "CPLEX",
                   "tex": "vehicle 1: [0, 2, 21, 42, 37, 27, 15, 23, 8, 43, 24, 0]\nvehicle 2: [0, 1, 26, 14, 5, 30, 22, 35, 25, 0]\nvehicle 3: [0, 3, 34, 33, 39, 44, 16, 18, 6, 46, 32, 0]\nvehicle 4: [0, 12, 50, 45, 28, 29, 19, 40, 41, 20, 4, 0]\nvehicle 5: [0, 7, 48, 31, 47, 36, 11, 38, 9, 49, 10, 13, 17, 0]\n"
}