{
   "max_completion_time": {
                             "2": 743,
                             "3": 827,
                             "1": 688
                          },
                  "name": "R203-25",
            "solve_time": 3606.9069998264313,
          "relative_gap": 0.06752655696461653,
                 "route": {
                             "2": [
                                    0,
                                    19,
                                    7,
                                    1,
                                    20,
                                    23,
                                    22,
                                    13,
                                    17,
                                    0
                                  ],
                             "3": [
                                    0,
                                    2,
                                    21,
                                    12,
                                    3,
                                    24,
                                    11,
                                    8,
                                    6,
                                    10,
                                    25,
                                    0
                                  ],
                             "1": [
                                    0,
                                    14,
                                    16,
                                    5,
                                    18,
                                    15,
                                    9,
                                    4,
                                    0
                                  ]
                          },
          "obj_function": 278,
             "total_com": 6482.399999999987,
           "num_vehicle": 3,
           "solver_name": "CPLEX",
                   "tex": "vehicle 1: [0, 14, 16, 5, 18, 15, 9, 4, 0]\nvehicle 2: [0, 19, 7, 1, 20, 23, 22, 13, 17, 0]\nvehicle 3: [0, 2, 21, 12, 3, 24, 11, 8, 6, 10, 25, 0]\n"
}