{
   "max_completion_time": {
                             "5": 696,
                             "4": 700,
                             "2": 688,
                             "3": 743,
                             "1": 827
                          },
                  "name": "R203-50",
            "solve_time": 600.0223648548126,
          "relative_gap": 0.09496944526058296,
                 "route": {
                             "5": [
                                    0,
                                    21,
                                    2,
                                    42,
                                    43,
                                    14,
                                    37,
                                    16,
                                    44,
                                    38,
                                    41,
                                    35,
                                    0
                                  ],
                             "4": [
                                    0,
                                    5,
                                    18,
                                    46,
                                    45,
                                    36,
                                    23,
                                    22,
                                    13,
                                    0
                                  ],
                             "2": [
                                    0,
                                    28,
                                    26,
                                    12,
                                    29,
                                    24,
                                    39,
                                    15,
                                    40,
                                    6,
                                    4,
                                    0
                                  ],
                             "3": [
                                    0,
                                    1,
                                    50,
                                    3,
                                    33,
                                    34,
                                    20,
                                    32,
                                    8,
                                    49,
                                    17,
                                    0
                                  ],
                             "1": [
                                    0,
                                    19,
                                    47,
                                    48,
                                    7,
                                    31,
                                    27,
                                    11,
                                    30,
                                    9,
                                    10,
                                    25,
                                    0
                                  ]
                          },
          "obj_function": 650,
             "total_com": 10619.09999999989,
           "num_vehicle": 5,
           "solver_name": "Gurobi",
                   "tex": "vehicle 1: [0, 19, 47, 48, 7, 31, 27, 11, 30, 9, 10, 25, 0]\nvehicle 2: [0, 28, 26, 12, 29, 24, 39, 15, 40, 6, 4, 0]\nvehicle 3: [0, 1, 50, 3, 33, 34, 20, 32, 8, 49, 17, 0]\nvehicle 4: [0, 5, 18, 46, 45, 36, 23, 22, 13, 0]\nvehicle 5: [0, 21, 2, 42, 43, 14, 37, 16, 44, 38, 41, 35, 0]\n"
}