{
   "max_completion_time": {
                             "5": 696,
                             "4": 827,
                             "2": 700,
                             "3": 743,
                             "1": 419
                          },
                  "name": "R203-50",
            "solve_time": 3606.3259999752045,
          "relative_gap": 0.19913870945092074,
                 "route": {
                             "5": [
                                    0,
                                    20,
                                    32,
                                    19,
                                    47,
                                    45,
                                    7,
                                    1,
                                    15,
                                    30,
                                    40,
                                    8,
                                    35,
                                    0
                                  ],
                             "4": [
                                    0,
                                    43,
                                    2,
                                    12,
                                    28,
                                    3,
                                    42,
                                    11,
                                    9,
                                    4,
                                    25,
                                    0
                                  ],
                             "2": [
                                    0,
                                    31,
                                    18,
                                    36,
                                    46,
                                    48,
                                    24,
                                    38,
                                    41,
                                    6,
                                    49,
                                    10,
                                    13,
                                    0
                                  ],
                             "3": [
                                    0,
                                    50,
                                    21,
                                    26,
                                    39,
                                    16,
                                    5,
                                    37,
                                    17,
                                    0
                                  ],
                             "1": [
                                    0,
                                    29,
                                    34,
                                    33,
                                    27,
                                    14,
                                    23,
                                    44,
                                    22,
                                    0
                                  ]
                          },
          "obj_function": 1726,
             "total_com": 11517.599999964968,
           "num_vehicle": 5,
           "solver_name": "CPLEX",
                   "tex": "vehicle 1: [0, 29, 34, 33, 27, 14, 23, 44, 22, 0]\nvehicle 2: [0, 31, 18, 36, 46, 48, 24, 38, 41, 6, 49, 10, 13, 0]\nvehicle 3: [0, 50, 21, 26, 39, 16, 5, 37, 17, 0]\nvehicle 4: [0, 43, 2, 12, 28, 3, 42, 11, 9, 4, 25, 0]\nvehicle 5: [0, 20, 32, 19, 47, 45, 7, 1, 15, 30, 40, 8, 35, 0]\n"
}