{
   "max_completion_time": {
                             "2": 587,
                             "3": 688,
                             "1": 827
                          },
                  "name": "R203-25",
            "solve_time": 600.0249180793762,
          "relative_gap": 0.03549200978886421,
                 "route": {
                             "2": [
                                    0,
                                    19,
                                    7,
                                    1,
                                    20,
                                    23,
                                    8,
                                    6,
                                    10,
                                    0
                                  ],
                             "3": [
                                    0,
                                    2,
                                    21,
                                    12,
                                    3,
                                    24,
                                    11,
                                    22,
                                    4,
                                    0
                                  ],
                             "1": [
                                    0,
                                    14,
                                    16,
                                    5,
                                    18,
                                    15,
                                    9,
                                    13,
                                    17,
                                    25,
                                    0
                                  ]
                          },
          "obj_function": 480,
             "total_com": 6482.399999999968,
           "num_vehicle": 3,
           "solver_name": "Gurobi",
                   "tex": "vehicle 1: [0, 14, 16, 5, 18, 15, 9, 13, 17, 25, 0]\nvehicle 2: [0, 19, 7, 1, 20, 23, 8, 6, 10, 0]\nvehicle 3: [0, 2, 21, 12, 3, 24, 11, 22, 4, 0]\n"
}