{
   "max_completion_time": {
                             "2": 827,
                             "1": 700
                          },
                  "name": "R204-25",
            "solve_time": 3608.0309998989105,
          "relative_gap": 0.2687409260475542,
                 "route": {
                             "2": [
                                    0,
                                    19,
                                    7,
                                    18,
                                    5,
                                    17,
                                    16,
                                    14,
                                    6,
                                    10,
                                    11,
                                    8,
                                    4,
                                    25,
                                    0
                                  ],
                             "1": [
                                    0,
                                    20,
                                    1,
                                    3,
                                    24,
                                    12,
                                    21,
                                    22,
                                    2,
                                    15,
                                    23,
                                    9,
                                    13,
                                    0
                                  ]
                          },
          "obj_function": 127,
             "total_com": 5354.199999940965,
           "num_vehicle": 2,
           "solver_name": "CPLEX",
                   "tex": "vehicle 1: [0, 20, 1, 3, 24, 12, 21, 22, 2, 15, 23, 9, 13, 0]\nvehicle 2: [0, 19, 7, 18, 5, 17, 16, 14, 6, 10, 11, 8, 4, 25, 0]\n"
}