{
   "max_completion_time": {
                             "2": 827,
                             "1": 688
                          },
                  "name": "R204-25",
            "solve_time": 600.0210769176483,
          "relative_gap": 0.20559420177891136,
                 "route": {
                             "2": [
                                    0,
                                    16,
                                    17,
                                    5,
                                    6,
                                    18,
                                    7,
                                    19,
                                    10,
                                    1,
                                    20,
                                    11,
                                    9,
                                    13,
                                    25,
                                    0
                                  ],
                             "1": [
                                    0,
                                    24,
                                    3,
                                    12,
                                    21,
                                    22,
                                    2,
                                    14,
                                    15,
                                    23,
                                    8,
                                    4,
                                    0
                                  ]
                          },
          "obj_function": 139,
             "total_com": 5301.299663781223,
           "num_vehicle": 2,
           "solver_name": "Gurobi",
                   "tex": "vehicle 1: [0, 24, 3, 12, 21, 22, 2, 14, 15, 23, 8, 4, 0]\nvehicle 2: [0, 16, 17, 5, 6, 18, 7, 19, 10, 1, 20, 11, 9, 13, 25, 0]\n"
}