{
   "max_completion_time": {
                             "2": 726,
                             "3": 668,
                             "1": 692
                          },
                  "name": "R205-25",
            "solve_time": 59.39199995994568,
          "relative_gap": 9.043181468905346e-5,
                 "route": {
                             "2": [
                                    0,
                                    14,
                                    11,
                                    19,
                                    18,
                                    8,
                                    6,
                                    20,
                                    4,
                                    24,
                                    25,
                                    0
                                  ],
                             "3": [
                                    0,
                                    2,
                                    23,
                                    16,
                                    7,
                                    22,
                                    10,
                                    1,
                                    0
                                  ],
                             "1": [
                                    0,
                                    5,
                                    15,
                                    21,
                                    12,
                                    9,
                                    3,
                                    13,
                                    17,
                                    0
                                  ]
                          },
          "obj_function": 116,
             "total_com": 8814,
           "num_vehicle": 3,
           "solver_name": "CPLEX",
                   "tex": "vehicle 1: [0, 5, 15, 21, 12, 9, 3, 13, 17, 0]\nvehicle 2: [0, 14, 11, 19, 18, 8, 6, 20, 4, 24, 25, 0]\nvehicle 3: [0, 2, 23, 16, 7, 22, 10, 1, 0]\n"
}