{
   "max_completion_time": {
                             "5": 751.3999999999942,
                             "4": 726,
                             "2": 751,
                             "3": 764.3000000000029,
                             "1": 754.6999999999971
                          },
                  "name": "R205-100",
            "solve_time": 600.0310318470001,
          "relative_gap": 0.015036082610100933,
                 "route": {
                             "5": [
                                    0,
                                    59,
                                    92,
                                    95,
                                    27,
                                    31,
                                    69,
                                    29,
                                    12,
                                    71,
                                    51,
                                    79,
                                    78,
                                    81,
                                    9,
                                    90,
                                    50,
                                    26,
                                    55,
                                    13,
                                    91,
                                    89,
                                    58,
                                    0
                                  ],
                             "4": [
                                    0,
                                    72,
                                    39,
                                    28,
                                    82,
                                    64,
                                    19,
                                    88,
                                    7,
                                    18,
                                    8,
                                    84,
                                    10,
                                    96,
                                    68,
                                    35,
                                    1,
                                    25,
                                    0
                                  ],
                             "2": [
                                    0,
                                    42,
                                    14,
                                    83,
                                    2,
                                    15,
                                    21,
                                    75,
                                    23,
                                    67,
                                    40,
                                    87,
                                    53,
                                    94,
                                    34,
                                    56,
                                    54,
                                    4,
                                    24,
                                    100,
                                    93,
                                    0
                                  ],
                             "3": [
                                    0,
                                    33,
                                    65,
                                    52,
                                    98,
                                    44,
                                    16,
                                    61,
                                    38,
                                    99,
                                    85,
                                    41,
                                    22,
                                    57,
                                    3,
                                    20,
                                    66,
                                    32,
                                    17,
                                    48,
                                    70,
                                    0
                                  ],
                             "1": [
                                    0,
                                    5,
                                    45,
                                    47,
                                    36,
                                    62,
                                    63,
                                    11,
                                    30,
                                    76,
                                    73,
                                    86,
                                    6,
                                    49,
                                    46,
                                    97,
                                    37,
                                    43,
                                    74,
                                    60,
                                    80,
                                    77,
                                    0
                                  ]
                          },
          "obj_function": 160.60000000000582,
             "total_com": 34991.700000000055,
           "num_vehicle": 5,
           "solver_name": "Gurobi",
                   "tex": "vehicle 1: [0, 5, 45, 47, 36, 62, 63, 11, 30, 76, 73, 86, 6, 49, 46, 97, 37, 43, 74, 60, 80, 77, 0]\nvehicle 2: [0, 42, 14, 83, 2, 15, 21, 75, 23, 67, 40, 87, 53, 94, 34, 56, 54, 4, 24, 100, 93, 0]\nvehicle 3: [0, 33, 65, 52, 98, 44, 16, 61, 38, 99, 85, 41, 22, 57, 3, 20, 66, 32, 17, 48, 70, 0]\nvehicle 4: [0, 72, 39, 28, 82, 64, 19, 88, 7, 18, 8, 84, 10, 96, 68, 35, 1, 25, 0]\nvehicle 5: [0, 59, 92, 95, 27, 31, 69, 29, 12, 71, 51, 79, 78, 81, 9, 90, 50, 26, 55, 13, 91, 89, 58, 0]\n"
}