{
   "max_completion_time": {
                             "4": 730.6999999999972,
                             "2": 726,
                             "3": 692,
                             "1": 685.4000000000015
                          },
                  "name": "R205-50",
            "solve_time": 3609.393000125885,
          "relative_gap": 0.028172498476426916,
                 "route": {
                             "4": [
                                    0,
                                    36,
                                    47,
                                    2,
                                    21,
                                    23,
                                    38,
                                    9,
                                    3,
                                    34,
                                    50,
                                    43,
                                    4,
                                    24,
                                    48,
                                    0
                                  ],
                             "2": [
                                    0,
                                    39,
                                    42,
                                    31,
                                    11,
                                    19,
                                    7,
                                    18,
                                    22,
                                    41,
                                    46,
                                    20,
                                    32,
                                    35,
                                    25,
                                    0
                                  ],
                             "3": [
                                    0,
                                    45,
                                    27,
                                    28,
                                    29,
                                    12,
                                    30,
                                    40,
                                    6,
                                    49,
                                    10,
                                    26,
                                    17,
                                    0
                                  ],
                             "1": [
                                    0,
                                    33,
                                    5,
                                    14,
                                    15,
                                    44,
                                    16,
                                    8,
                                    37,
                                    13,
                                    1,
                                    0
                                  ]
                          },
          "obj_function": 169.89999999998724,
             "total_com": 16572.89999999998,
           "num_vehicle": 4,
           "solver_name": "CPLEX",
                   "tex": "vehicle 1: [0, 33, 5, 14, 15, 44, 16, 8, 37, 13, 1, 0]\nvehicle 2: [0, 39, 42, 31, 11, 19, 7, 18, 22, 41, 46, 20, 32, 35, 25, 0]\nvehicle 3: [0, 45, 27, 28, 29, 12, 30, 40, 6, 49, 10, 26, 17, 0]\nvehicle 4: [0, 36, 47, 2, 21, 23, 38, 9, 3, 34, 50, 43, 4, 24, 48, 0]\n"
}