{
   "max_completion_time": {
                             "4": 630,
                             "2": 692,
                             "3": 726,
                             "1": 666
                          },
                  "name": "R206-50",
            "solve_time": 600.1169090270996,
          "relative_gap": 0.040949781186917625,
                 "route": {
                             "4": [
                                    0,
                                    5,
                                    37,
                                    14,
                                    42,
                                    27,
                                    29,
                                    30,
                                    40,
                                    9,
                                    49,
                                    10,
                                    4,
                                    0
                                  ],
                             "2": [
                                    0,
                                    2,
                                    21,
                                    26,
                                    12,
                                    39,
                                    15,
                                    44,
                                    16,
                                    41,
                                    46,
                                    13,
                                    17,
                                    0
                                  ],
                             "3": [
                                    0,
                                    1,
                                    50,
                                    3,
                                    33,
                                    34,
                                    28,
                                    23,
                                    38,
                                    22,
                                    43,
                                    35,
                                    25,
                                    0
                                  ],
                             "1": [
                                    0,
                                    31,
                                    7,
                                    48,
                                    45,
                                    47,
                                    36,
                                    11,
                                    19,
                                    18,
                                    8,
                                    6,
                                    20,
                                    32,
                                    24,
                                    0
                                  ]
                          },
          "obj_function": 314,
             "total_com": 12287.99999999994,
           "num_vehicle": 4,
           "solver_name": "Gurobi",
                   "tex": "vehicle 1: [0, 31, 7, 48, 45, 47, 36, 11, 19, 18, 8, 6, 20, 32, 24, 0]\nvehicle 2: [0, 2, 21, 26, 12, 39, 15, 44, 16, 41, 46, 13, 17, 0]\nvehicle 3: [0, 1, 50, 3, 33, 34, 28, 23, 38, 22, 43, 35, 25, 0]\nvehicle 4: [0, 5, 37, 14, 42, 27, 29, 30, 40, 9, 49, 10, 4, 0]\n"
}