{
   "max_completion_time": {
                             "4": 640,
                             "2": 692,
                             "3": 630,
                             "1": 726
                          },
                  "name": "R206-50",
            "solve_time": 3604.9079999923706,
          "relative_gap": 0.07940885757050647,
                 "route": {
                             "4": [
                                    0,
                                    5,
                                    37,
                                    14,
                                    42,
                                    48,
                                    45,
                                    11,
                                    19,
                                    41,
                                    22,
                                    20,
                                    35,
                                    0
                                  ],
                             "2": [
                                    0,
                                    21,
                                    2,
                                    26,
                                    12,
                                    27,
                                    28,
                                    39,
                                    23,
                                    38,
                                    9,
                                    10,
                                    13,
                                    17,
                                    0
                                  ],
                             "3": [
                                    0,
                                    34,
                                    3,
                                    33,
                                    50,
                                    15,
                                    44,
                                    16,
                                    18,
                                    6,
                                    49,
                                    46,
                                    43,
                                    4,
                                    0
                                  ],
                             "1": [
                                    0,
                                    31,
                                    36,
                                    47,
                                    7,
                                    1,
                                    29,
                                    30,
                                    40,
                                    8,
                                    32,
                                    24,
                                    25,
                                    0
                                  ]
                          },
          "obj_function": 340,
             "total_com": 12545.199999992983,
           "num_vehicle": 4,
           "solver_name": "CPLEX",
                   "tex": "vehicle 1: [0, 31, 36, 47, 7, 1, 29, 30, 40, 8, 32, 24, 25, 0]\nvehicle 2: [0, 21, 2, 26, 12, 27, 28, 39, 23, 38, 9, 10, 13, 17, 0]\nvehicle 3: [0, 34, 3, 33, 50, 15, 44, 16, 18, 6, 49, 46, 43, 4, 0]\nvehicle 4: [0, 5, 37, 14, 42, 48, 45, 11, 19, 41, 22, 20, 35, 0]\n"
}