{
   "max_completion_time": {
                             "2": 649,
                             "3": 726,
                             "1": 692
                          },
                  "name": "R206-25",
            "solve_time": 11.15983510017395,
          "relative_gap": 6.542039554564868e-5,
                 "route": {
                             "2": [
                                    0,
                                    12,
                                    3,
                                    1,
                                    15,
                                    16,
                                    22,
                                    20,
                                    13,
                                    0
                                  ],
                             "3": [
                                    0,
                                    7,
                                    5,
                                    11,
                                    19,
                                    9,
                                    10,
                                    4,
                                    24,
                                    25,
                                    0
                                  ],
                             "1": [
                                    0,
                                    21,
                                    2,
                                    14,
                                    23,
                                    18,
                                    8,
                                    6,
                                    17,
                                    0
                                  ]
                          },
          "obj_function": 154,
             "total_com": 7160.999999999984,
           "num_vehicle": 3,
           "solver_name": "Gurobi",
                   "tex": "vehicle 1: [0, 21, 2, 14, 23, 18, 8, 6, 17, 0]\nvehicle 2: [0, 12, 3, 1, 15, 16, 22, 20, 13, 0]\nvehicle 3: [0, 7, 5, 11, 19, 9, 10, 4, 24, 25, 0]\n"
}