{
   "max_completion_time": {
                             "2": 726,
                             "3": 649,
                             "1": 692
                          },
                  "name": "R207-25",
            "solve_time": 600.017557144165,
          "relative_gap": 0.04470129603829725,
                 "route": {
                             "2": [
                                    0,
                                    1,
                                    3,
                                    12,
                                    24,
                                    23,
                                    8,
                                    6,
                                    10,
                                    25,
                                    0
                                  ],
                             "3": [
                                    0,
                                    21,
                                    2,
                                    14,
                                    16,
                                    15,
                                    22,
                                    13,
                                    0
                                  ],
                             "1": [
                                    0,
                                    5,
                                    18,
                                    7,
                                    19,
                                    20,
                                    11,
                                    9,
                                    4,
                                    17,
                                    0
                                  ]
                          },
          "obj_function": 154,
             "total_com": 5650.999997072013,
           "num_vehicle": 3,
           "solver_name": "Gurobi",
                   "tex": "vehicle 1: [0, 5, 18, 7, 19, 20, 11, 9, 4, 17, 0]\nvehicle 2: [0, 1, 3, 12, 24, 23, 8, 6, 10, 25, 0]\nvehicle 3: [0, 21, 2, 14, 16, 15, 22, 13, 0]\n"
}