{
   "max_completion_time": {
                             "2": 342.00000000000006,
                             "3": 692,
                             "1": 725.9999999999999
                          },
                  "name": "R207-25",
            "solve_time": 3602.5280001163483,
          "relative_gap": 0.08332359038415178,
                 "route": {
                             "2": [
                                    0,
                                    18,
                                    5,
                                    16,
                                    14,
                                    23,
                                    22,
                                    0
                                  ],
                             "3": [
                                    0,
                                    19,
                                    7,
                                    1,
                                    20,
                                    11,
                                    8,
                                    6,
                                    13,
                                    17,
                                    0
                                  ],
                             "1": [
                                    0,
                                    24,
                                    3,
                                    12,
                                    21,
                                    2,
                                    15,
                                    9,
                                    10,
                                    4,
                                    25,
                                    0
                                  ]
                          },
          "obj_function": 767.9999999999997,
             "total_com": 5648.799999999976,
           "num_vehicle": 3,
           "solver_name": "CPLEX",
                   "tex": "vehicle 1: [0, 24, 3, 12, 21, 2, 15, 9, 10, 4, 25, 0]\nvehicle 2: [0, 18, 5, 16, 14, 23, 22, 0]\nvehicle 3: [0, 19, 7, 1, 20, 11, 8, 6, 13, 17, 0]\n"
}