{
   "max_completion_time": {
                             "2": 726,
                             "1": 649
                          },
                  "name": "R208-50",
            "solve_time": 600.0370421409607,
          "relative_gap": 0.6618208381242142,
                 "route": {
                             "2": [
                                    0,
                                    10,
                                    32,
                                    20,
                                    30,
                                    1,
                                    31,
                                    7,
                                    48,
                                    36,
                                    49,
                                    19,
                                    11,
                                    47,
                                    5,
                                    2,
                                    15,
                                    43,
                                    14,
                                    42,
                                    41,
                                    22,
                                    40,
                                    18,
                                    4,
                                    25,
                                    0
                                  ],
                             "1": [
                                    0,
                                    35,
                                    34,
                                    33,
                                    50,
                                    3,
                                    29,
                                    24,
                                    23,
                                    39,
                                    21,
                                    12,
                                    26,
                                    28,
                                    27,
                                    6,
                                    37,
                                    38,
                                    16,
                                    44,
                                    17,
                                    45,
                                    46,
                                    8,
                                    9,
                                    13,
                                    0
                                  ]
                          },
          "obj_function": 77,
             "total_com": 13998.699999999464,
           "num_vehicle": 2,
           "solver_name": "Gurobi",
                   "tex": "vehicle 1: [0, 35, 34, 33, 50, 3, 29, 24, 23, 39, 21, 12, 26, 28, 27, 6, 37, 38, 16, 44, 17, 45, 46, 8, 9, 13, 0]\nvehicle 2: [0, 10, 32, 20, 30, 1, 31, 7, 48, 36, 49, 19, 11, 47, 5, 2, 15, 43, 14, 42, 41, 22, 40, 18, 4, 25, 0]\n"
}