{
   "max_completion_time": {
                             "2": 726,
                             "1": 630
                          },
                  "name": "R208-25",
            "solve_time": 600.0268380641937,
          "relative_gap": 0.24523888599623392,
                 "route": {
                             "2": [
                                    0,
                                    1,
                                    3,
                                    12,
                                    21,
                                    2,
                                    15,
                                    22,
                                    23,
                                    24,
                                    9,
                                    13,
                                    25,
                                    0
                                  ],
                             "1": [
                                    0,
                                    14,
                                    16,
                                    17,
                                    5,
                                    6,
                                    18,
                                    7,
                                    19,
                                    11,
                                    10,
                                    20,
                                    8,
                                    4,
                                    0
                                  ]
                          },
          "obj_function": 96,
             "total_com": 4874.399999999911,
           "num_vehicle": 2,
           "solver_name": "Gurobi",
                   "tex": "vehicle 1: [0, 14, 16, 17, 5, 6, 18, 7, 19, 11, 10, 20, 8, 4, 0]\nvehicle 2: [0, 1, 3, 12, 21, 2, 15, 22, 23, 24, 9, 13, 25, 0]\n"
}