{
   "max_completion_time": {
                             "2": 726,
                             "1": 649
                          },
                  "name": "R208-25",
            "solve_time": 3604.308000087738,
          "relative_gap": 0.3267029567520291,
                 "route": {
                             "2": [
                                    0,
                                    20,
                                    10,
                                    1,
                                    3,
                                    12,
                                    21,
                                    22,
                                    23,
                                    24,
                                    8,
                                    4,
                                    25,
                                    0
                                  ],
                             "1": [
                                    0,
                                    19,
                                    7,
                                    18,
                                    6,
                                    5,
                                    17,
                                    16,
                                    14,
                                    15,
                                    2,
                                    11,
                                    9,
                                    13,
                                    0
                                  ]
                          },
          "obj_function": 77,
             "total_com": 4954.699999999553,
           "num_vehicle": 2,
           "solver_name": "CPLEX",
                   "tex": "vehicle 1: [0, 19, 7, 18, 6, 5, 17, 16, 14, 15, 2, 11, 9, 13, 0]\nvehicle 2: [0, 20, 10, 1, 3, 12, 21, 22, 23, 24, 8, 4, 25, 0]\n"
}