{
   "max_completion_time": {
                             "5": 659,
                             "4": 704,
                             "2": 685,
                             "3": 646,
                             "1": 643
                          },
                  "name": "R209-100",
            "solve_time": 600.0560390949249,
          "relative_gap": 0.03297245642072091,
                 "route": {
                             "5": [
                                    0,
                                    62,
                                    11,
                                    63,
                                    64,
                                    31,
                                    52,
                                    21,
                                    75,
                                    41,
                                    40,
                                    73,
                                    22,
                                    93,
                                    25,
                                    56,
                                    55,
                                    4,
                                    3,
                                    20,
                                    32,
                                    89,
                                    0
                                  ],
                             "4": [
                                    0,
                                    59,
                                    92,
                                    95,
                                    42,
                                    15,
                                    14,
                                    44,
                                    98,
                                    38,
                                    99,
                                    16,
                                    61,
                                    8,
                                    7,
                                    18,
                                    87,
                                    94,
                                    13,
                                    58,
                                    74,
                                    43,
                                    60,
                                    48,
                                    0
                                  ],
                             "2": [
                                    0,
                                    39,
                                    23,
                                    72,
                                    28,
                                    2,
                                    67,
                                    78,
                                    9,
                                    79,
                                    51,
                                    90,
                                    81,
                                    77,
                                    80,
                                    68,
                                    50,
                                    37,
                                    97,
                                    91,
                                    0
                                  ],
                             "3": [
                                    0,
                                    5,
                                    83,
                                    45,
                                    47,
                                    36,
                                    82,
                                    88,
                                    30,
                                    19,
                                    6,
                                    100,
                                    84,
                                    86,
                                    66,
                                    35,
                                    34,
                                    26,
                                    54,
                                    1,
                                    0
                                  ],
                             "1": [
                                    0,
                                    27,
                                    69,
                                    33,
                                    65,
                                    29,
                                    76,
                                    12,
                                    71,
                                    70,
                                    53,
                                    85,
                                    57,
                                    17,
                                    46,
                                    49,
                                    10,
                                    96,
                                    24,
                                    0
                                  ]
                          },
          "obj_function": 322,
             "total_com": 30458.000000000236,
           "num_vehicle": 5,
           "solver_name": "Gurobi",
                   "tex": "vehicle 1: [0, 27, 69, 33, 65, 29, 76, 12, 71, 70, 53, 85, 57, 17, 46, 49, 10, 96, 24, 0]\nvehicle 2: [0, 39, 23, 72, 28, 2, 67, 78, 9, 79, 51, 90, 81, 77, 80, 68, 50, 37, 97, 91, 0]\nvehicle 3: [0, 5, 83, 45, 47, 36, 82, 88, 30, 19, 6, 100, 84, 86, 66, 35, 34, 26, 54, 1, 0]\nvehicle 4: [0, 59, 92, 95, 42, 15, 14, 44, 98, 38, 99, 16, 61, 8, 7, 18, 87, 94, 13, 58, 74, 43, 60, 48, 0]\nvehicle 5: [0, 62, 11, 63, 64, 31, 52, 21, 75, 41, 40, 73, 22, 93, 25, 56, 55, 4, 3, 20, 32, 89, 0]\n"
}