{
   "max_completion_time": {
                             "4": 643,
                             "2": 611.9999999999999,
                             "3": 704,
                             "1": 588.0000000000001
                          },
                  "name": "R209-50",
            "solve_time": 3615.1870000362396,
          "relative_gap": 0.0552742560235457,
                 "route": {
                             "4": [
                                    0,
                                    5,
                                    14,
                                    11,
                                    45,
                                    38,
                                    16,
                                    6,
                                    22,
                                    18,
                                    13,
                                    4,
                                    3,
                                    20,
                                    24,
                                    0
                                  ],
                             "2": [
                                    0,
                                    39,
                                    23,
                                    30,
                                    29,
                                    12,
                                    9,
                                    49,
                                    10,
                                    26,
                                    32,
                                    0
                                  ],
                             "3": [
                                    0,
                                    27,
                                    33,
                                    28,
                                    15,
                                    42,
                                    2,
                                    21,
                                    41,
                                    40,
                                    8,
                                    17,
                                    46,
                                    50,
                                    37,
                                    1,
                                    48,
                                    0
                                  ],
                             "1": [
                                    0,
                                    36,
                                    47,
                                    31,
                                    44,
                                    19,
                                    7,
                                    25,
                                    35,
                                    34,
                                    43,
                                    0
                                  ]
                          },
          "obj_function": 378.9999999999998,
             "total_com": 15128.199999973973,
           "num_vehicle": 4,
           "solver_name": "CPLEX",
                   "tex": "vehicle 1: [0, 36, 47, 31, 44, 19, 7, 25, 35, 34, 43, 0]\nvehicle 2: [0, 39, 23, 30, 29, 12, 9, 49, 10, 26, 32, 0]\nvehicle 3: [0, 27, 33, 28, 15, 42, 2, 21, 41, 40, 8, 17, 46, 50, 37, 1, 48, 0]\nvehicle 4: [0, 5, 14, 11, 45, 38, 16, 6, 22, 18, 13, 4, 3, 20, 24, 0]\n"
}