{
   "max_completion_time": {
                             "2": 646,
                             "1": 643
                          },
                  "name": "R209-25",
            "solve_time": 2.3400299549102783,
          "relative_gap": 0,
                 "route": {
                             "2": [
                                    0,
                                    14,
                                    15,
                                    2,
                                    23,
                                    21,
                                    19,
                                    9,
                                    22,
                                    25,
                                    4,
                                    3,
                                    20,
                                    1,
                                    0
                                  ],
                             "1": [
                                    0,
                                    5,
                                    11,
                                    12,
                                    16,
                                    6,
                                    8,
                                    7,
                                    18,
                                    17,
                                    13,
                                    10,
                                    24,
                                    0
                                  ]
                          },
          "obj_function": 3,
             "total_com": 7737.799999999998,
           "num_vehicle": 2,
           "solver_name": "Gurobi",
                   "tex": "vehicle 1: [0, 5, 11, 12, 16, 6, 8, 7, 18, 17, 13, 10, 24, 0]\nvehicle 2: [0, 14, 15, 2, 23, 21, 19, 9, 22, 25, 4, 3, 20, 1, 0]\n"
}