{
   "max_completion_time": {
                             "4": 573,
                             "2": 704,
                             "3": 643,
                             "1": 646
                          },
                  "name": "R209-50",
            "solve_time": 600.0246870517731,
          "relative_gap": 0.01013121340159933,
                 "route": {
                             "4": [
                                    0,
                                    39,
                                    23,
                                    2,
                                    29,
                                    12,
                                    9,
                                    25,
                                    35,
                                    34,
                                    37,
                                    0
                                  ],
                             "2": [
                                    0,
                                    5,
                                    45,
                                    47,
                                    36,
                                    11,
                                    16,
                                    8,
                                    13,
                                    4,
                                    3,
                                    43,
                                    48,
                                    0
                                  ],
                             "3": [
                                    0,
                                    42,
                                    15,
                                    14,
                                    44,
                                    38,
                                    19,
                                    6,
                                    7,
                                    49,
                                    50,
                                    26,
                                    24,
                                    0
                                  ],
                             "1": [
                                    0,
                                    27,
                                    33,
                                    28,
                                    31,
                                    30,
                                    21,
                                    41,
                                    40,
                                    22,
                                    18,
                                    17,
                                    46,
                                    10,
                                    20,
                                    32,
                                    1,
                                    0
                                  ]
                          },
          "obj_function": 396,
             "total_com": 14655.899999999956,
           "num_vehicle": 4,
           "solver_name": "Gurobi",
                   "tex": "vehicle 1: [0, 27, 33, 28, 31, 30, 21, 41, 40, 22, 18, 17, 46, 10, 20, 32, 1, 0]\nvehicle 2: [0, 5, 45, 47, 36, 11, 16, 8, 13, 4, 3, 43, 48, 0]\nvehicle 3: [0, 42, 15, 14, 44, 38, 19, 6, 7, 49, 50, 26, 24, 0]\nvehicle 4: [0, 39, 23, 2, 29, 12, 9, 25, 35, 34, 37, 0]\n"
}