{
   "max_completion_time": {
                             "2": 689,
                             "3": 683,
                             "1": 836
                          },
                  "name": "R210-25",
            "solve_time": 1.5574779510498047,
          "relative_gap": 6.745436510650701e-5,
                 "route": {
                             "2": [
                                    0,
                                    2,
                                    21,
                                    16,
                                    11,
                                    3,
                                    9,
                                    20,
                                    4,
                                    0
                                  ],
                             "3": [
                                    0,
                                    12,
                                    7,
                                    19,
                                    15,
                                    23,
                                    22,
                                    24,
                                    17,
                                    0
                                  ],
                             "1": [
                                    0,
                                    5,
                                    14,
                                    1,
                                    18,
                                    6,
                                    8,
                                    10,
                                    13,
                                    25,
                                    0
                                  ]
                          },
          "obj_function": 306,
             "total_com": 7694.4000000000015,
           "num_vehicle": 3,
           "solver_name": "Gurobi",
                   "tex": "vehicle 1: [0, 5, 14, 1, 18, 6, 8, 10, 13, 25, 0]\nvehicle 2: [0, 2, 21, 16, 11, 3, 9, 20, 4, 0]\nvehicle 3: [0, 12, 7, 19, 15, 23, 22, 24, 17, 0]\n"
}