{
   "max_completion_time": {
                             "4": 704,
                             "2": 836,
                             "3": 444.99999999999994,
                             "1": 683
                          },
                  "name": "R210-50",
            "solve_time": 3631.7050001621246,
          "relative_gap": 0.07586973898922736,
                 "route": {
                             "4": [
                                    0,
                                    5,
                                    31,
                                    27,
                                    14,
                                    42,
                                    48,
                                    23,
                                    40,
                                    26,
                                    41,
                                    49,
                                    10,
                                    35,
                                    13,
                                    0
                                  ],
                             "2": [
                                    0,
                                    12,
                                    33,
                                    7,
                                    19,
                                    45,
                                    11,
                                    1,
                                    38,
                                    37,
                                    6,
                                    8,
                                    43,
                                    4,
                                    25,
                                    0
                                  ],
                             "3": [
                                    0,
                                    29,
                                    39,
                                    21,
                                    16,
                                    30,
                                    18,
                                    44,
                                    46,
                                    24,
                                    0
                                  ],
                             "1": [
                                    0,
                                    28,
                                    2,
                                    47,
                                    36,
                                    15,
                                    34,
                                    50,
                                    3,
                                    22,
                                    9,
                                    20,
                                    32,
                                    17,
                                    0
                                  ]
                          },
          "obj_function": 1194.0000000000002,
             "total_com": 14386.499999965943,
           "num_vehicle": 4,
           "solver_name": "CPLEX",
                   "tex": "vehicle 1: [0, 28, 2, 47, 36, 15, 34, 50, 3, 22, 9, 20, 32, 17, 0]\nvehicle 2: [0, 12, 33, 7, 19, 45, 11, 1, 38, 37, 6, 8, 43, 4, 25, 0]\nvehicle 3: [0, 29, 39, 21, 16, 30, 18, 44, 46, 24, 0]\nvehicle 4: [0, 5, 31, 27, 14, 42, 48, 23, 40, 26, 41, 49, 10, 35, 13, 0]\n"
}