{
   "max_completion_time": {
                             "4": 836,
                             "2": 704,
                             "3": 689,
                             "1": 445
                          },
                  "name": "R210-50",
            "solve_time": 600.037791967392,
          "relative_gap": 0.012991892482392946,
                 "route": {
                             "4": [
                                    0,
                                    31,
                                    27,
                                    7,
                                    19,
                                    15,
                                    23,
                                    50,
                                    46,
                                    43,
                                    17,
                                    25,
                                    0
                                  ],
                             "2": [
                                    0,
                                    28,
                                    12,
                                    33,
                                    29,
                                    39,
                                    1,
                                    30,
                                    34,
                                    3,
                                    26,
                                    9,
                                    20,
                                    32,
                                    35,
                                    13,
                                    0
                                  ],
                             "3": [
                                    0,
                                    21,
                                    2,
                                    42,
                                    14,
                                    16,
                                    11,
                                    18,
                                    38,
                                    37,
                                    6,
                                    8,
                                    49,
                                    10,
                                    4,
                                    0
                                  ],
                             "1": [
                                    0,
                                    5,
                                    45,
                                    47,
                                    36,
                                    48,
                                    44,
                                    40,
                                    41,
                                    22,
                                    24,
                                    0
                                  ]
                          },
          "obj_function": 1188,
             "total_com": 13718.399998536812,
           "num_vehicle": 4,
           "solver_name": "Gurobi",
                   "tex": "vehicle 1: [0, 5, 45, 47, 36, 48, 44, 40, 41, 22, 24, 0]\nvehicle 2: [0, 28, 12, 33, 29, 39, 1, 30, 34, 3, 26, 9, 20, 32, 35, 13, 0]\nvehicle 3: [0, 21, 2, 42, 14, 16, 11, 18, 38, 37, 6, 8, 49, 10, 4, 0]\nvehicle 4: [0, 31, 27, 7, 19, 15, 23, 50, 46, 43, 17, 25, 0]\n"
}