{
   "max_completion_time": {
                             "2": 558.4000000000012,
                             "3": 543.9000000000008,
                             "1": 536.4000000000003
                          },
                  "name": "R211-50",
            "solve_time": 600.0277769565582,
          "relative_gap": 0.09485391863378416,
                 "route": {
                             "2": [
                                    0,
                                    2,
                                    21,
                                    39,
                                    23,
                                    15,
                                    42,
                                    14,
                                    44,
                                    16,
                                    38,
                                    9,
                                    50,
                                    24,
                                    25,
                                    4,
                                    13,
                                    43,
                                    0
                                  ],
                             "3": [
                                    0,
                                    28,
                                    27,
                                    12,
                                    29,
                                    33,
                                    31,
                                    30,
                                    40,
                                    41,
                                    22,
                                    46,
                                    49,
                                    20,
                                    10,
                                    48,
                                    17,
                                    37,
                                    0
                                  ],
                             "1": [
                                    0,
                                    5,
                                    45,
                                    47,
                                    36,
                                    11,
                                    19,
                                    7,
                                    18,
                                    8,
                                    6,
                                    34,
                                    3,
                                    26,
                                    1,
                                    32,
                                    35,
                                    0
                                  ]
                          },
          "obj_function": 44.00000000000182,
             "total_com": 13167.999999999965,
           "num_vehicle": 3,
           "solver_name": "Gurobi",
                   "tex": "vehicle 1: [0, 5, 45, 47, 36, 11, 19, 7, 18, 8, 6, 34, 3, 26, 1, 32, 35, 0]\nvehicle 2: [0, 2, 21, 39, 23, 15, 42, 14, 44, 16, 38, 9, 50, 24, 25, 4, 13, 43, 0]\nvehicle 3: [0, 28, 27, 12, 29, 33, 31, 30, 40, 41, 22, 46, 49, 20, 10, 48, 17, 37, 0]\n"
}