{
   "max_completion_time": {
                             "2": 643.3999999999942,
                             "3": 672.0000000000073,
                             "1": 665.4000000000015
                          },
                  "name": "R211-50",
            "solve_time": 3605.888000011444,
          "relative_gap": 0.30865760294063993,
                 "route": {
                             "2": [
                                    0,
                                    28,
                                    29,
                                    23,
                                    21,
                                    12,
                                    39,
                                    41,
                                    22,
                                    18,
                                    34,
                                    9,
                                    3,
                                    20,
                                    43,
                                    49,
                                    10,
                                    0
                                  ],
                             "3": [
                                    0,
                                    33,
                                    15,
                                    44,
                                    42,
                                    16,
                                    38,
                                    27,
                                    7,
                                    11,
                                    47,
                                    8,
                                    24,
                                    26,
                                    35,
                                    50,
                                    48,
                                    17,
                                    13,
                                    0
                                  ],
                             "1": [
                                    0,
                                    45,
                                    5,
                                    14,
                                    31,
                                    36,
                                    30,
                                    40,
                                    2,
                                    6,
                                    19,
                                    46,
                                    4,
                                    37,
                                    25,
                                    1,
                                    32,
                                    0
                                  ]
                          },
          "obj_function": 57.20000000002619,
             "total_com": 16431.800000000054,
           "num_vehicle": 3,
           "solver_name": "CPLEX",
                   "tex": "vehicle 1: [0, 45, 5, 14, 31, 36, 30, 40, 2, 6, 19, 46, 4, 37, 25, 1, 32, 0]\nvehicle 2: [0, 28, 29, 23, 21, 12, 39, 41, 22, 18, 34, 9, 3, 20, 43, 49, 10, 0]\nvehicle 3: [0, 33, 15, 44, 42, 16, 38, 27, 7, 11, 47, 8, 24, 26, 35, 50, 48, 17, 13, 0]\n"
}