{
   "max_completion_time": {
                             "2": 525.3995327971895,
                             "1": 529.9997318209798
                          },
                  "name": "R211-25",
            "solve_time": 600.0067219734192,
          "relative_gap": 0.028327532379272345,
                 "route": {
                             "2": [
                                    0,
                                    5,
                                    14,
                                    15,
                                    23,
                                    16,
                                    18,
                                    8,
                                    6,
                                    24,
                                    25,
                                    4,
                                    13,
                                    0
                                  ],
                             "1": [
                                    0,
                                    2,
                                    21,
                                    12,
                                    11,
                                    19,
                                    7,
                                    9,
                                    22,
                                    3,
                                    20,
                                    10,
                                    1,
                                    17,
                                    0
                                  ]
                          },
          "obj_function": 4.60019902379031,
             "total_com": 6617.598355353434,
           "num_vehicle": 2,
           "solver_name": "Gurobi",
                   "tex": "vehicle 1: [0, 2, 21, 12, 11, 19, 7, 9, 22, 3, 20, 10, 1, 17, 0]\nvehicle 2: [0, 5, 14, 15, 23, 16, 18, 8, 6, 24, 25, 4, 13, 0]\n"
}