{
   "max_completion_time": {
                             "4": 157,
                             "2": 161,
                             "3": 181,
                             "1": 162
                          },
                  "name": "RC105-25",
            "solve_time": 39.52437090873718,
          "relative_gap": 0,
                 "route": {
                             "4": [
                                    0,
                                    12,
                                    14,
                                    16,
                                    15,
                                    10,
                                    17,
                                    0
                                  ],
                             "2": [
                                    0,
                                    7,
                                    5,
                                    3,
                                    1,
                                    8,
                                    6,
                                    4,
                                    0
                                  ],
                             "3": [
                                    0,
                                    21,
                                    19,
                                    23,
                                    18,
                                    22,
                                    20,
                                    24,
                                    25,
                                    0
                                  ],
                             "1": [
                                    0,
                                    2,
                                    11,
                                    9,
                                    13,
                                    0
                                  ]
                          },
          "obj_function": 73,
             "total_com": 2528.999999999989,
           "num_vehicle": 4,
           "solver_name": "Gurobi",
                   "tex": "vehicle 1: [0, 2, 11, 9, 13, 0]\nvehicle 2: [0, 7, 5, 3, 1, 8, 6, 4, 0]\nvehicle 3: [0, 21, 19, 23, 18, 22, 20, 24, 25, 0]\nvehicle 4: [0, 12, 14, 16, 15, 10, 17, 0]\n"
}