{
   "max_completion_time": {
                             "2": 173.09999999999854,
                             "3": 178.40000000000146,
                             "1": 151
                          },
                  "name": "RC102-25",
            "solve_time": 167.19755697250366,
          "relative_gap": 0,
                 "route": {
                             "2": [
                                    0,
                                    12,
                                    14,
                                    11,
                                    15,
                                    16,
                                    9,
                                    10,
                                    13,
                                    17,
                                    0
                                  ],
                             "3": [
                                    0,
                                    21,
                                    23,
                                    19,
                                    18,
                                    22,
                                    20,
                                    24,
                                    25,
                                    0
                                  ],
                             "1": [
                                    0,
                                    5,
                                    3,
                                    1,
                                    2,
                                    7,
                                    8,
                                    6,
                                    4,
                                    0
                                  ]
                          },
          "obj_function": 54.80000000000291,
             "total_com": 2332.2000000000044,
           "num_vehicle": 3,
           "solver_name": "Gurobi",
                   "tex": "vehicle 1: [0, 5, 3, 1, 2, 7, 8, 6, 4, 0]\nvehicle 2: [0, 12, 14, 11, 15, 16, 9, 10, 13, 17, 0]\nvehicle 3: [0, 21, 23, 19, 18, 22, 20, 24, 25, 0]\n"
}