{
   "max_completion_time": {
                             "2": 173.09999999999857,
                             "3": 164,
                             "1": 151
                          },
                  "name": "RC103-25",
            "solve_time": 3603.503000020981,
          "relative_gap": 0.1683864705251535,
                 "route": {
                             "2": [
                                    0,
                                    12,
                                    14,
                                    16,
                                    15,
                                    11,
                                    9,
                                    10,
                                    13,
                                    17,
                                    0
                                  ],
                             "3": [
                                    0,
                                    24,
                                    20,
                                    19,
                                    18,
                                    21,
                                    23,
                                    22,
                                    25,
                                    0
                                  ],
                             "1": [
                                    0,
                                    5,
                                    3,
                                    1,
                                    2,
                                    7,
                                    8,
                                    6,
                                    4,
                                    0
                                  ]
                          },
          "obj_function": 44.19999999999715,
             "total_com": 1885.5999999999985,
           "num_vehicle": 3,
           "solver_name": "CPLEX",
                   "tex": "vehicle 1: [0, 5, 3, 1, 2, 7, 8, 6, 4, 0]\nvehicle 2: [0, 12, 14, 16, 15, 11, 9, 10, 13, 17, 0]\nvehicle 3: [0, 24, 20, 19, 18, 21, 23, 22, 25, 0]\n"
}