{
   "max_completion_time": {
                             "4": 164.00000000000003,
                             "2": 172,
                             "3": 158,
                             "1": 174.59999999999854
                          },
                  "name": "RC101-25",
            "solve_time": 179.28900003433228,
          "relative_gap": 2.8015502544842968e-5,
                 "route": {
                             "4": [
                                    0,
                                    14,
                                    11,
                                    22,
                                    20,
                                    25,
                                    0
                                  ],
                             "2": [
                                    0,
                                    5,
                                    2,
                                    7,
                                    8,
                                    6,
                                    3,
                                    1,
                                    4,
                                    0
                                  ],
                             "3": [
                                    0,
                                    23,
                                    21,
                                    19,
                                    18,
                                    24,
                                    0
                                  ],
                             "1": [
                                    0,
                                    15,
                                    16,
                                    12,
                                    9,
                                    10,
                                    13,
                                    17,
                                    0
                                  ]
                          },
          "obj_function": 57.799999999995606,
             "total_com": 2809.399999999994,
           "num_vehicle": 4,
           "solver_name": "CPLEX",
                   "tex": "vehicle 1: [0, 15, 16, 12, 9, 10, 13, 17, 0]\nvehicle 2: [0, 5, 2, 7, 8, 6, 3, 1, 4, 0]\nvehicle 3: [0, 23, 21, 19, 18, 24, 0]\nvehicle 4: [0, 14, 11, 22, 20, 25, 0]\n"
}