{
   "max_completion_time": {
                             "2": 151.29994198612633,
                             "3": 159.799999999999,
                             "1": 150.69997924603257
                          },
                  "name": "RC107-25",
            "solve_time": 600.0205209255219,
          "relative_gap": 0.1890251214555404,
                 "route": {
                             "2": [
                                    0,
                                    23,
                                    25,
                                    21,
                                    18,
                                    19,
                                    20,
                                    22,
                                    24,
                                    0
                                  ],
                             "3": [
                                    0,
                                    11,
                                    12,
                                    14,
                                    17,
                                    16,
                                    15,
                                    13,
                                    9,
                                    10,
                                    0
                                  ],
                             "1": [
                                    0,
                                    2,
                                    5,
                                    8,
                                    7,
                                    6,
                                    4,
                                    3,
                                    1,
                                    0
                                  ]
                          },
          "obj_function": 18.200041507932838,
             "total_com": 2539.7996611436606,
           "num_vehicle": 3,
           "solver_name": "Gurobi",
                   "tex": "vehicle 1: [0, 2, 5, 8, 7, 6, 4, 3, 1, 0]\nvehicle 2: [0, 23, 25, 21, 18, 19, 20, 22, 24, 0]\nvehicle 3: [0, 11, 12, 14, 17, 16, 15, 13, 9, 10, 0]\n"
}