{
   "max_completion_time": {
                             "2": 185.09999999999854,
                             "3": 199,
                             "1": 152
                          },
                  "name": "RC104-25",
            "solve_time": 3601.1440000534058,
          "relative_gap": 0.4448995513589081,
                 "route": {
                             "2": [
                                    0,
                                    19,
                                    18,
                                    24,
                                    21,
                                    23,
                                    20,
                                    25,
                                    22,
                                    0
                                  ],
                             "3": [
                                    0,
                                    1,
                                    3,
                                    5,
                                    6,
                                    7,
                                    2,
                                    8,
                                    4,
                                    14,
                                    0
                                  ],
                             "1": [
                                    0,
                                    12,
                                    10,
                                    17,
                                    16,
                                    15,
                                    11,
                                    9,
                                    13,
                                    0
                                  ]
                          },
          "obj_function": 94,
             "total_com": 1969.5999999689654,
           "num_vehicle": 3,
           "solver_name": "CPLEX",
                   "tex": "vehicle 1: [0, 12, 10, 17, 16, 15, 11, 9, 13, 0]\nvehicle 2: [0, 19, 18, 24, 21, 23, 20, 25, 22, 0]\nvehicle 3: [0, 1, 3, 5, 6, 7, 2, 8, 4, 14, 0]\n"
}