{
   "max_completion_time": {
                             "2": 163.5999999999949,
                             "3": 169.89999999999725,
                             "1": 163.40000000000146
                          },
                  "name": "RC106-25",
            "solve_time": 600.0278680324554,
          "relative_gap": 0.08101995935562245,
                 "route": {
                             "2": [
                                    0,
                                    2,
                                    5,
                                    7,
                                    6,
                                    8,
                                    3,
                                    1,
                                    4,
                                    0
                                  ],
                             "3": [
                                    0,
                                    14,
                                    12,
                                    15,
                                    16,
                                    11,
                                    10,
                                    9,
                                    13,
                                    17,
                                    0
                                  ],
                             "1": [
                                    0,
                                    23,
                                    21,
                                    18,
                                    19,
                                    22,
                                    20,
                                    24,
                                    25,
                                    0
                                  ]
                          },
          "obj_function": 12.999999999991587,
             "total_com": 2672.8999999999633,
           "num_vehicle": 3,
           "solver_name": "Gurobi",
                   "tex": "vehicle 1: [0, 23, 21, 18, 19, 22, 20, 24, 25, 0]\nvehicle 2: [0, 2, 5, 7, 6, 8, 3, 1, 4, 0]\nvehicle 3: [0, 14, 12, 15, 16, 11, 10, 9, 13, 17, 0]\n"
}