{
   "max_completion_time": {
                             "5": 158.00000000000043,
                             "4": 144,
                             "6": 156,
                             "7": 174.59999999999854,
                             "2": 178,
                             "8": 151,
                             "3": 142.9999999999999,
                             "1": 176.39999999900147
                          },
                  "name": "RC101-50",
            "solve_time": 3629.5209999084473,
          "relative_gap": 0.07266532787721297,
                 "route": {
                             "5": [
                                    0,
                                    14,
                                    11,
                                    22,
                                    49,
                                    24,
                                    0
                                  ],
                             "4": [
                                    0,
                                    33,
                                    28,
                                    30,
                                    34,
                                    50,
                                    0
                                  ],
                             "6": [
                                    0,
                                    36,
                                    44,
                                    40,
                                    3,
                                    1,
                                    0
                                  ],
                             "7": [
                                    0,
                                    47,
                                    15,
                                    16,
                                    12,
                                    9,
                                    10,
                                    13,
                                    17,
                                    0
                                  ],
                             "2": [
                                    0,
                                    23,
                                    21,
                                    19,
                                    18,
                                    20,
                                    48,
                                    25,
                                    0
                                  ],
                             "8": [
                                    0,
                                    45,
                                    5,
                                    2,
                                    7,
                                    6,
                                    8,
                                    46,
                                    4,
                                    0
                                  ],
                             "3": [
                                    0,
                                    31,
                                    29,
                                    27,
                                    26,
                                    32,
                                    0
                                  ],
                             "1": [
                                    0,
                                    42,
                                    39,
                                    38,
                                    41,
                                    37,
                                    43,
                                    35,
                                    0
                                  ]
                          },
          "obj_function": 479.7999999950042,
             "total_com": 5380.999999996038,
           "num_vehicle": 8,
           "solver_name": "CPLEX",
                   "tex": "vehicle 1: [0, 42, 39, 38, 41, 37, 43, 35, 0]\nvehicle 2: [0, 23, 21, 19, 18, 20, 48, 25, 0]\nvehicle 3: [0, 31, 29, 27, 26, 32, 0]\nvehicle 4: [0, 33, 28, 30, 34, 50, 0]\nvehicle 5: [0, 14, 11, 22, 49, 24, 0]\nvehicle 6: [0, 36, 44, 40, 3, 1, 0]\nvehicle 7: [0, 47, 15, 16, 12, 9, 10, 13, 17, 0]\nvehicle 8: [0, 45, 5, 2, 7, 6, 8, 46, 4, 0]\n"
}