{
   "max_completion_time": {
                             "2": 154.99999999999838,
                             "3": 148.69999999999686,
                             "1": 153.39999999999736
                          },
                  "name": "RC108-25",
            "solve_time": 600.015016078949,
          "relative_gap": 0.25535754209852873,
                 "route": {
                             "2": [
                                    0,
                                    12,
                                    14,
                                    17,
                                    16,
                                    15,
                                    11,
                                    10,
                                    9,
                                    13,
                                    0
                                  ],
                             "3": [
                                    0,
                                    2,
                                    5,
                                    8,
                                    7,
                                    6,
                                    4,
                                    3,
                                    1,
                                    0
                                  ],
                             "1": [
                                    0,
                                    19,
                                    21,
                                    23,
                                    25,
                                    18,
                                    20,
                                    22,
                                    24,
                                    0
                                  ]
                          },
          "obj_function": 12.600000000003035,
             "total_com": 2477.5999999999663,
           "num_vehicle": 3,
           "solver_name": "Gurobi",
                   "tex": "vehicle 1: [0, 19, 21, 23, 25, 18, 20, 22, 24, 0]\nvehicle 2: [0, 12, 14, 17, 16, 15, 11, 10, 9, 13, 0]\nvehicle 3: [0, 2, 5, 8, 7, 6, 4, 3, 1, 0]\n"
}