{
   "max_completion_time": {
                             "4": 156.99999999999997,
                             "2": 162,
                             "3": 181,
                             "1": 161
                          },
                  "name": "RC105-25",
            "solve_time": 1476.6749999523163,
          "relative_gap": 9.816406078403777e-5,
                 "route": {
                             "4": [
                                    0,
                                    12,
                                    14,
                                    16,
                                    15,
                                    9,
                                    10,
                                    17,
                                    0
                                  ],
                             "2": [
                                    0,
                                    2,
                                    11,
                                    13,
                                    0
                                  ],
                             "3": [
                                    0,
                                    21,
                                    19,
                                    23,
                                    18,
                                    22,
                                    20,
                                    24,
                                    25,
                                    0
                                  ],
                             "1": [
                                    0,
                                    7,
                                    5,
                                    3,
                                    1,
                                    8,
                                    6,
                                    4,
                                    0
                                  ]
                          },
          "obj_function": 73.00000000000009,
             "total_com": 2528.9999999999927,
           "num_vehicle": 4,
           "solver_name": "CPLEX",
                   "tex": "vehicle 1: [0, 7, 5, 3, 1, 8, 6, 4, 0]\nvehicle 2: [0, 2, 11, 13, 0]\nvehicle 3: [0, 21, 19, 23, 18, 22, 20, 24, 25, 0]\nvehicle 4: [0, 12, 14, 16, 15, 9, 10, 17, 0]\n"
}