{
   "max_completion_time": {
                             "5": 684,
                             "4": 665,
                             "2": 708,
                             "3": 693,
                             "1": 831
                          },
                  "name": "RC205-50",
            "solve_time": 237.58578491210938,
          "relative_gap": 7.241856924598291e-5,
                 "route": {
                             "5": [
                                    0,
                                    42,
                                    39,
                                    36,
                                    15,
                                    34,
                                    26,
                                    48,
                                    49,
                                    20,
                                    32,
                                    4,
                                    0
                                  ],
                             "4": [
                                    0,
                                    31,
                                    33,
                                    28,
                                    27,
                                    30,
                                    50,
                                    22,
                                    9,
                                    43,
                                    35,
                                    0
                                  ],
                             "2": [
                                    0,
                                    14,
                                    47,
                                    12,
                                    16,
                                    11,
                                    3,
                                    40,
                                    37,
                                    17,
                                    0
                                  ],
                             "3": [
                                    0,
                                    21,
                                    29,
                                    19,
                                    23,
                                    18,
                                    6,
                                    8,
                                    46,
                                    13,
                                    0
                                  ],
                             "1": [
                                    0,
                                    2,
                                    45,
                                    5,
                                    7,
                                    44,
                                    38,
                                    41,
                                    1,
                                    10,
                                    24,
                                    25,
                                    0
                                  ]
                          },
          "obj_function": 712,
             "total_com": 15741.799994999994,
           "num_vehicle": 5,
           "solver_name": "Gurobi",
                   "tex": "vehicle 1: [0, 2, 45, 5, 7, 44, 38, 41, 1, 10, 24, 25, 0]\nvehicle 2: [0, 14, 47, 12, 16, 11, 3, 40, 37, 17, 0]\nvehicle 3: [0, 21, 29, 19, 23, 18, 6, 8, 46, 13, 0]\nvehicle 4: [0, 31, 33, 28, 27, 30, 50, 22, 9, 43, 35, 0]\nvehicle 5: [0, 42, 39, 36, 15, 34, 26, 48, 49, 20, 32, 4, 0]\n"
}