{
   "max_completion_time": {
                             "2": 377,
                             "3": 794,
                             "1": 654
                          },
                  "name": "RC204-50",
            "solve_time": 600.0256807804108,
          "relative_gap": 0.44309726630081564,
                 "route": {
                             "2": [
                                    0,
                                    7,
                                    46,
                                    45,
                                    5,
                                    3,
                                    1,
                                    2,
                                    6,
                                    17,
                                    47,
                                    16,
                                    15,
                                    11,
                                    44,
                                    38,
                                    8,
                                    0
                                  ],
                             "3": [
                                    0,
                                    41,
                                    39,
                                    37,
                                    35,
                                    36,
                                    40,
                                    43,
                                    42,
                                    14,
                                    12,
                                    10,
                                    23,
                                    9,
                                    13,
                                    25,
                                    0
                                  ],
                             "1": [
                                    0,
                                    33,
                                    32,
                                    30,
                                    28,
                                    26,
                                    27,
                                    29,
                                    31,
                                    34,
                                    50,
                                    49,
                                    20,
                                    22,
                                    24,
                                    19,
                                    48,
                                    21,
                                    18,
                                    4,
                                    0
                                  ]
                          },
          "obj_function": 834,
             "total_com": 8786.39999999994,
           "num_vehicle": 3,
           "solver_name": "Gurobi",
                   "tex": "vehicle 1: [0, 33, 32, 30, 28, 26, 27, 29, 31, 34, 50, 49, 20, 22, 24, 19, 48, 21, 18, 4, 0]\nvehicle 2: [0, 7, 46, 45, 5, 3, 1, 2, 6, 17, 47, 16, 15, 11, 44, 38, 8, 0]\nvehicle 3: [0, 41, 39, 37, 35, 36, 40, 43, 42, 14, 12, 10, 23, 9, 13, 25, 0]\n"
}