{
   "max_completion_time": {
                             "2": 663,
                             "3": 794,
                             "1": 654
                          },
                  "name": "RC203-25",
            "solve_time": 60.11300015449524,
          "relative_gap": 0.053110417296135234,
                 "route": {
                             "2": [
                                    0,
                                    12,
                                    14,
                                    16,
                                    8,
                                    6,
                                    13,
                                    0
                                  ],
                             "3": [
                                    0,
                                    5,
                                    3,
                                    1,
                                    2,
                                    7,
                                    23,
                                    22,
                                    10,
                                    17,
                                    25,
                                    0
                                  ],
                             "1": [
                                    0,
                                    24,
                                    20,
                                    19,
                                    18,
                                    21,
                                    15,
                                    11,
                                    9,
                                    4,
                                    0
                                  ]
                          },
          "obj_function": 280,
             "total_com": 5957.4000000000015,
           "num_vehicle": 3,
           "solver_name": "CPLEX",
                   "tex": "vehicle 1: [0, 24, 20, 19, 18, 21, 15, 11, 9, 4, 0]\nvehicle 2: [0, 12, 14, 16, 8, 6, 13, 0]\nvehicle 3: [0, 5, 3, 1, 2, 7, 23, 22, 10, 17, 25, 0]\n"
}