{
   "max_completion_time": {
                             "2": 794,
                             "3": 683.0000000000001,
                             "1": 712.9999999999999
                          },
                  "name": "RC201-25",
            "solve_time": 2.8400001525878906,
          "relative_gap": 0,
                 "route": {
                             "2": [
                                    0,
                                    23,
                                    21,
                                    7,
                                    8,
                                    6,
                                    10,
                                    24,
                                    25,
                                    0
                                  ],
                             "3": [
                                    0,
                                    14,
                                    2,
                                    19,
                                    9,
                                    3,
                                    4,
                                    1,
                                    0
                                  ],
                             "1": [
                                    0,
                                    5,
                                    15,
                                    11,
                                    12,
                                    16,
                                    18,
                                    22,
                                    20,
                                    13,
                                    17,
                                    0
                                  ]
                          },
          "obj_function": 221.99999999999977,
             "total_com": 9828,
           "num_vehicle": 3,
           "solver_name": "CPLEX",
                   "tex": "vehicle 1: [0, 5, 15, 11, 12, 16, 18, 22, 20, 13, 17, 0]\nvehicle 2: [0, 23, 21, 7, 8, 6, 10, 24, 25, 0]\nvehicle 3: [0, 14, 2, 19, 9, 3, 4, 1, 0]\n"
}