{
   "max_completion_time": {
                             "2": 794,
                             "3": 654,
                             "1": 377
                          },
                  "name": "RC204-25",
            "solve_time": 3604.428999900818,
          "relative_gap": 0.12795519542167097,
                 "route": {
                             "2": [
                                    0,
                                    5,
                                    3,
                                    1,
                                    2,
                                    6,
                                    7,
                                    9,
                                    13,
                                    25,
                                    0
                                  ],
                             "3": [
                                    0,
                                    24,
                                    22,
                                    20,
                                    19,
                                    18,
                                    21,
                                    23,
                                    4,
                                    0
                                  ],
                             "1": [
                                    0,
                                    10,
                                    12,
                                    14,
                                    17,
                                    16,
                                    15,
                                    11,
                                    8,
                                    0
                                  ]
                          },
          "obj_function": 834,
             "total_com": 4195.999999987773,
           "num_vehicle": 3,
           "solver_name": "CPLEX",
                   "tex": "vehicle 1: [0, 10, 12, 14, 17, 16, 15, 11, 8, 0]\nvehicle 2: [0, 5, 3, 1, 2, 6, 7, 9, 13, 25, 0]\nvehicle 3: [0, 24, 22, 20, 19, 18, 21, 23, 4, 0]\n"
}