{
   "max_completion_time": {
                             "2": 498,
                             "1": 485.2999999999993
                          },
                  "name": "RC208-25",
            "solve_time": 600.0070250034332,
          "relative_gap": 0.05236778179364746,
                 "route": {
                             "2": [
                                    0,
                                    21,
                                    23,
                                    19,
                                    18,
                                    22,
                                    9,
                                    25,
                                    24,
                                    20,
                                    10,
                                    13,
                                    0
                                  ],
                             "1": [
                                    0,
                                    11,
                                    12,
                                    14,
                                    15,
                                    16,
                                    2,
                                    7,
                                    5,
                                    6,
                                    8,
                                    3,
                                    1,
                                    4,
                                    17,
                                    0
                                  ]
                          },
          "obj_function": 12.700000000000728,
             "total_com": 6267.099999999972,
           "num_vehicle": 2,
           "solver_name": "Gurobi",
                   "tex": "vehicle 1: [0, 11, 12, 14, 15, 16, 2, 7, 5, 6, 8, 3, 1, 4, 17, 0]\nvehicle 2: [0, 21, 23, 19, 18, 22, 9, 25, 24, 20, 10, 13, 0]\n"
}