{
   "max_completion_time": {
                             "2": 521,
                             "3": 601,
                             "1": 608
                          },
                  "name": "RC207-25",
            "solve_time": 4.405373811721802,
          "relative_gap": 0,
                 "route": {
                             "2": [
                                    0,
                                    23,
                                    19,
                                    22,
                                    18,
                                    25,
                                    20,
                                    0
                                  ],
                             "3": [
                                    0,
                                    5,
                                    2,
                                    21,
                                    6,
                                    8,
                                    13,
                                    10,
                                    1,
                                    0
                                  ],
                             "1": [
                                    0,
                                    11,
                                    14,
                                    15,
                                    12,
                                    16,
                                    9,
                                    7,
                                    17,
                                    4,
                                    3,
                                    24,
                                    0
                                  ]
                          },
          "obj_function": 174,
             "total_com": 7077.699998579,
           "num_vehicle": 3,
           "solver_name": "Gurobi",
                   "tex": "vehicle 1: [0, 11, 14, 15, 12, 16, 9, 7, 17, 4, 3, 24, 0]\nvehicle 2: [0, 23, 19, 22, 18, 25, 20, 0]\nvehicle 3: [0, 5, 2, 21, 6, 8, 13, 10, 1, 0]\n"
}