{
   "max_completion_time": {
                             "2": 794,
                             "3": 654,
                             "1": 713.0000000000001
                          },
                  "name": "RC202-25",
            "solve_time": 17.301000118255615,
          "relative_gap": 9.809320083598606e-5,
                 "route": {
                             "2": [
                                    0,
                                    12,
                                    21,
                                    15,
                                    9,
                                    10,
                                    24,
                                    25,
                                    0
                                  ],
                             "3": [
                                    0,
                                    5,
                                    3,
                                    1,
                                    23,
                                    19,
                                    8,
                                    6,
                                    4,
                                    0
                                  ],
                             "1": [
                                    0,
                                    2,
                                    7,
                                    14,
                                    11,
                                    16,
                                    18,
                                    22,
                                    20,
                                    13,
                                    17,
                                    0
                                  ]
                          },
          "obj_function": 280,
             "total_com": 7859.799999999998,
           "num_vehicle": 3,
           "solver_name": "CPLEX",
                   "tex": "vehicle 1: [0, 2, 7, 14, 11, 16, 18, 22, 20, 13, 17, 0]\nvehicle 2: [0, 12, 21, 15, 9, 10, 24, 25, 0]\nvehicle 3: [0, 5, 3, 1, 23, 19, 8, 6, 4, 0]\n"
}