{
   "max_completion_time": {
                             "2": 794,
                             "3": 663,
                             "1": 654
                          },
                  "name": "RC204-25",
            "solve_time": 600.0153222084045,
          "relative_gap": 0.08163878913808295,
                 "route": {
                             "2": [
                                    0,
                                    5,
                                    3,
                                    1,
                                    2,
                                    6,
                                    7,
                                    25,
                                    0
                                  ],
                             "3": [
                                    0,
                                    10,
                                    12,
                                    14,
                                    17,
                                    16,
                                    15,
                                    11,
                                    9,
                                    13,
                                    0
                                  ],
                             "1": [
                                    0,
                                    24,
                                    22,
                                    20,
                                    19,
                                    21,
                                    18,
                                    23,
                                    8,
                                    4,
                                    0
                                  ]
                          },
          "obj_function": 280,
             "total_com": 4195.9999999999345,
           "num_vehicle": 3,
           "solver_name": "Gurobi",
                   "tex": "vehicle 1: [0, 24, 22, 20, 19, 21, 18, 23, 8, 4, 0]\nvehicle 2: [0, 5, 3, 1, 2, 6, 7, 25, 0]\nvehicle 3: [0, 10, 12, 14, 17, 16, 15, 11, 9, 13, 0]\n"
}