{
   "max_completion_time": {
                             "5": 693,
                             "4": 665,
                             "2": 572,
                             "3": 708,
                             "1": 831
                          },
                  "name": "RC205-50",
            "solve_time": 3604.4840002059937,
          "relative_gap": 0.013266054581532962,
                 "route": {
                             "5": [
                                    0,
                                    2,
                                    45,
                                    5,
                                    7,
                                    19,
                                    34,
                                    26,
                                    1,
                                    13,
                                    0
                                  ],
                             "4": [
                                    0,
                                    42,
                                    39,
                                    36,
                                    27,
                                    23,
                                    18,
                                    6,
                                    8,
                                    46,
                                    10,
                                    35,
                                    0
                                  ],
                             "2": [
                                    0,
                                    47,
                                    29,
                                    30,
                                    50,
                                    9,
                                    20,
                                    32,
                                    0
                                  ],
                             "3": [
                                    0,
                                    14,
                                    12,
                                    21,
                                    44,
                                    3,
                                    22,
                                    48,
                                    49,
                                    24,
                                    17,
                                    0
                                  ],
                             "1": [
                                    0,
                                    31,
                                    33,
                                    28,
                                    16,
                                    15,
                                    11,
                                    38,
                                    40,
                                    37,
                                    41,
                                    43,
                                    4,
                                    25,
                                    0
                                  ]
                          },
          "obj_function": 1122,
             "total_com": 15814.799999995994,
           "num_vehicle": 5,
           "solver_name": "CPLEX",
                   "tex": "vehicle 1: [0, 31, 33, 28, 16, 15, 11, 38, 40, 37, 41, 43, 4, 25, 0]\nvehicle 2: [0, 47, 29, 30, 50, 9, 20, 32, 0]\nvehicle 3: [0, 14, 12, 21, 44, 3, 22, 48, 49, 24, 17, 0]\nvehicle 4: [0, 42, 39, 36, 27, 23, 18, 6, 8, 46, 10, 35, 0]\nvehicle 5: [0, 2, 45, 5, 7, 19, 34, 26, 1, 13, 0]\n"
}