{
   "max_completion_time": {
                             "2": 794,
                             "3": 691,
                             "1": 713
                          },
                  "name": "RC202-25",
            "solve_time": 17.868885040283203,
          "relative_gap": 0,
                 "route": {
                             "2": [
                                    0,
                                    12,
                                    21,
                                    11,
                                    16,
                                    8,
                                    6,
                                    13,
                                    25,
                                    0
                                  ],
                             "3": [
                                    0,
                                    2,
                                    7,
                                    14,
                                    15,
                                    9,
                                    10,
                                    24,
                                    0
                                  ],
                             "1": [
                                    0,
                                    5,
                                    3,
                                    1,
                                    23,
                                    19,
                                    18,
                                    22,
                                    20,
                                    4,
                                    17,
                                    0
                                  ]
                          },
          "obj_function": 206,
             "total_com": 7859.799999999999,
           "num_vehicle": 3,
           "solver_name": "Gurobi",
                   "tex": "vehicle 1: [0, 5, 3, 1, 23, 19, 18, 22, 20, 4, 17, 0]\nvehicle 2: [0, 12, 21, 11, 16, 8, 6, 13, 25, 0]\nvehicle 3: [0, 2, 7, 14, 15, 9, 10, 24, 0]\n"
}