{
   "max_completion_time": {
                             "2": 663,
                             "3": 794,
                             "1": 654
                          },
                  "name": "RC204-25",
            "solve_time": 60.121999979019165,
          "relative_gap": 0.1388823390709698,
                 "route": {
                             "2": [
                                    0,
                                    5,
                                    3,
                                    2,
                                    7,
                                    6,
                                    1,
                                    15,
                                    8,
                                    13,
                                    0
                                  ],
                             "3": [
                                    0,
                                    24,
                                    20,
                                    22,
                                    19,
                                    21,
                                    18,
                                    23,
                                    9,
                                    25,
                                    0
                                  ],
                             "1": [
                                    0,
                                    16,
                                    17,
                                    14,
                                    10,
                                    12,
                                    11,
                                    4,
                                    0
                                  ]
                          },
          "obj_function": 280,
             "total_com": 4240.999999999996,
           "num_vehicle": 3,
           "solver_name": "CPLEX",
                   "tex": "vehicle 1: [0, 16, 17, 14, 10, 12, 11, 4, 0]\nvehicle 2: [0, 5, 3, 2, 7, 6, 1, 15, 8, 13, 0]\nvehicle 3: [0, 24, 20, 22, 19, 21, 18, 23, 9, 25, 0]\n"
}