{
   "max_completion_time": {
                             "5": 691,
                             "4": 663,
                             "2": 713,
                             "3": 667,
                             "1": 794
                          },
                  "name": "RC202-50",
            "solve_time": 600.0295910835266,
          "relative_gap": 0.010238035885605245,
                 "route": {
                             "5": [
                                    0,
                                    26,
                                    31,
                                    34,
                                    50,
                                    27,
                                    30,
                                    18,
                                    49,
                                    43,
                                    24,
                                    0
                                  ],
                             "4": [
                                    0,
                                    2,
                                    7,
                                    12,
                                    14,
                                    47,
                                    23,
                                    19,
                                    22,
                                    46,
                                    13,
                                    0
                                  ],
                             "2": [
                                    0,
                                    48,
                                    21,
                                    33,
                                    44,
                                    9,
                                    4,
                                    17,
                                    0
                                  ],
                             "3": [
                                    0,
                                    1,
                                    3,
                                    5,
                                    45,
                                    15,
                                    11,
                                    16,
                                    8,
                                    6,
                                    20,
                                    35,
                                    0
                                  ],
                             "1": [
                                    0,
                                    37,
                                    42,
                                    36,
                                    39,
                                    28,
                                    29,
                                    38,
                                    40,
                                    41,
                                    10,
                                    32,
                                    25,
                                    0
                                  ]
                          },
          "obj_function": 616,
             "total_com": 13333.599999999988,
           "num_vehicle": 5,
           "solver_name": "Gurobi",
                   "tex": "vehicle 1: [0, 37, 42, 36, 39, 28, 29, 38, 40, 41, 10, 32, 25, 0]\nvehicle 2: [0, 48, 21, 33, 44, 9, 4, 17, 0]\nvehicle 3: [0, 1, 3, 5, 45, 15, 11, 16, 8, 6, 20, 35, 0]\nvehicle 4: [0, 2, 7, 12, 14, 47, 23, 19, 22, 46, 13, 0]\nvehicle 5: [0, 26, 31, 34, 50, 27, 30, 18, 49, 43, 24, 0]\n"
}