{
   "max_completion_time": {
                             "4": 608,
                             "2": 574,
                             "3": 601,
                             "1": 646
                          },
                  "name": "RC207-50",
            "solve_time": 600.0932750701904,
          "relative_gap": 0.007972574378124871,
                 "route": {
                             "4": [
                                    0,
                                    42,
                                    39,
                                    44,
                                    36,
                                    12,
                                    16,
                                    9,
                                    7,
                                    17,
                                    49,
                                    50,
                                    20,
                                    24,
                                    0
                                  ],
                             "2": [
                                    0,
                                    33,
                                    28,
                                    27,
                                    31,
                                    30,
                                    29,
                                    41,
                                    40,
                                    35,
                                    34,
                                    26,
                                    32,
                                    0
                                  ],
                             "3": [
                                    0,
                                    11,
                                    14,
                                    47,
                                    15,
                                    23,
                                    21,
                                    19,
                                    22,
                                    18,
                                    25,
                                    10,
                                    43,
                                    1,
                                    0
                                  ],
                             "1": [
                                    0,
                                    45,
                                    5,
                                    2,
                                    38,
                                    6,
                                    8,
                                    13,
                                    4,
                                    46,
                                    3,
                                    37,
                                    48,
                                    0
                                  ]
                          },
          "obj_function": 223,
             "total_com": 13879.200000000023,
           "num_vehicle": 4,
           "solver_name": "Gurobi",
                   "tex": "vehicle 1: [0, 45, 5, 2, 38, 6, 8, 13, 4, 46, 3, 37, 48, 0]\nvehicle 2: [0, 33, 28, 27, 31, 30, 29, 41, 40, 35, 34, 26, 32, 0]\nvehicle 3: [0, 11, 14, 47, 15, 23, 21, 19, 22, 18, 25, 10, 43, 1, 0]\nvehicle 4: [0, 42, 39, 44, 36, 12, 16, 9, 7, 17, 49, 50, 20, 24, 0]\n"
}