{
   "max_completion_time": {
                             "2": 831,
                             "3": 693,
                             "1": 684
                          },
                  "name": "RC205-25",
            "solve_time": 0.5058610439300537,
          "relative_gap": 1.096950315223381e-5,
                 "route": {
                             "2": [
                                    0,
                                    14,
                                    12,
                                    15,
                                    3,
                                    22,
                                    20,
                                    17,
                                    25,
                                    0
                                  ],
                             "3": [
                                    0,
                                    2,
                                    5,
                                    7,
                                    16,
                                    11,
                                    6,
                                    8,
                                    1,
                                    24,
                                    13,
                                    0
                                  ],
                             "1": [
                                    0,
                                    21,
                                    19,
                                    23,
                                    18,
                                    9,
                                    10,
                                    4,
                                    0
                                  ]
                          },
          "obj_function": 294,
             "total_com": 8768.899999999996,
           "num_vehicle": 3,
           "solver_name": "Gurobi",
                   "tex": "vehicle 1: [0, 21, 19, 23, 18, 9, 10, 4, 0]\nvehicle 2: [0, 14, 12, 15, 3, 22, 20, 17, 25, 0]\nvehicle 3: [0, 2, 5, 7, 16, 11, 6, 8, 1, 24, 13, 0]\n"
}