{
   "max_completion_time": {
                             "2": 503.2000000000007,
                             "1": 491.99999999999926
                          },
                  "name": "RC208-25",
            "solve_time": 60.09999990463257,
          "relative_gap": 0.10476293170776764,
                 "route": {
                             "2": [
                                    0,
                                    2,
                                    5,
                                    16,
                                    7,
                                    9,
                                    6,
                                    8,
                                    3,
                                    1,
                                    4,
                                    10,
                                    13,
                                    0
                                  ],
                             "1": [
                                    0,
                                    11,
                                    15,
                                    14,
                                    12,
                                    23,
                                    21,
                                    19,
                                    18,
                                    22,
                                    25,
                                    24,
                                    20,
                                    17,
                                    0
                                  ]
                          },
          "obj_function": 11.200000000001467,
             "total_com": 6320.799999998996,
           "num_vehicle": 2,
           "solver_name": "CPLEX",
                   "tex": "vehicle 1: [0, 11, 15, 14, 12, 23, 21, 19, 18, 22, 25, 24, 20, 17, 0]\nvehicle 2: [0, 2, 5, 16, 7, 9, 6, 8, 3, 1, 4, 10, 13, 0]\n"
}