{
   "max_completion_time": {
                             "5": 630.9999999999999,
                             "4": 741.9999999999999,
                             "2": 794,
                             "3": 667,
                             "1": 683
                          },
                  "name": "RC201-50",
            "solve_time": 245.80700016021729,
          "relative_gap": 0,
                 "route": {
                             "5": [
                                    0,
                                    45,
                                    5,
                                    23,
                                    21,
                                    19,
                                    18,
                                    22,
                                    34,
                                    26,
                                    32,
                                    0
                                  ],
                             "4": [
                                    0,
                                    33,
                                    27,
                                    31,
                                    7,
                                    8,
                                    6,
                                    20,
                                    24,
                                    48,
                                    0
                                  ],
                             "2": [
                                    0,
                                    36,
                                    39,
                                    28,
                                    29,
                                    30,
                                    41,
                                    3,
                                    46,
                                    37,
                                    13,
                                    17,
                                    25,
                                    0
                                  ],
                             "3": [
                                    0,
                                    42,
                                    2,
                                    44,
                                    38,
                                    40,
                                    10,
                                    35,
                                    0
                                  ],
                             "1": [
                                    0,
                                    14,
                                    47,
                                    15,
                                    11,
                                    12,
                                    16,
                                    9,
                                    49,
                                    50,
                                    43,
                                    4,
                                    1,
                                    0
                                  ]
                          },
          "obj_function": 802.0000000000002,
             "total_com": 18133,
           "num_vehicle": 5,
           "solver_name": "CPLEX",
                   "tex": "vehicle 1: [0, 14, 47, 15, 11, 12, 16, 9, 49, 50, 43, 4, 1, 0]\nvehicle 2: [0, 36, 39, 28, 29, 30, 41, 3, 46, 37, 13, 17, 25, 0]\nvehicle 3: [0, 42, 2, 44, 38, 40, 10, 35, 0]\nvehicle 4: [0, 33, 27, 31, 7, 8, 6, 20, 24, 48, 0]\nvehicle 5: [0, 45, 5, 23, 21, 19, 18, 22, 34, 26, 32, 0]\n"
}