{
   "max_completion_time": {
                             "5": 700,
                             "4": 663,
                             "6": 690.6000000000058,
                             "7": 698,
                             "2": 712,
                             "3": 691,
                             "1": 700
                          },
                  "name": "RC206-100",
            "solve_time": 600.0177659988403,
          "relative_gap": 0.003981912461213026,
                 "route": {
                             "5": [
                                    0,
                                    65,
                                    59,
                                    15,
                                    11,
                                    12,
                                    88,
                                    7,
                                    78,
                                    53,
                                    3,
                                    46,
                                    37,
                                    43,
                                    4,
                                    1,
                                    100,
                                    0
                                  ],
                             "4": [
                                    0,
                                    45,
                                    5,
                                    69,
                                    98,
                                    75,
                                    99,
                                    86,
                                    87,
                                    9,
                                    49,
                                    20,
                                    32,
                                    89,
                                    0
                                  ],
                             "6": [
                                    0,
                                    42,
                                    39,
                                    36,
                                    2,
                                    44,
                                    61,
                                    38,
                                    40,
                                    81,
                                    41,
                                    50,
                                    56,
                                    54,
                                    77,
                                    58,
                                    0
                                  ],
                             "7": [
                                    0,
                                    72,
                                    95,
                                    27,
                                    29,
                                    30,
                                    51,
                                    85,
                                    84,
                                    34,
                                    96,
                                    55,
                                    35,
                                    91,
                                    93,
                                    0
                                  ],
                             "2": [
                                    0,
                                    92,
                                    83,
                                    62,
                                    64,
                                    16,
                                    73,
                                    79,
                                    8,
                                    6,
                                    26,
                                    13,
                                    17,
                                    80,
                                    0
                                  ],
                             "3": [
                                    0,
                                    14,
                                    47,
                                    82,
                                    52,
                                    23,
                                    21,
                                    19,
                                    76,
                                    18,
                                    22,
                                    57,
                                    97,
                                    74,
                                    24,
                                    48,
                                    25,
                                    0
                                  ],
                             "1": [
                                    0,
                                    63,
                                    33,
                                    28,
                                    31,
                                    71,
                                    67,
                                    90,
                                    94,
                                    10,
                                    66,
                                    68,
                                    60,
                                    70,
                                    0
                                  ]
                          },
          "obj_function": 349.5999999999767,
             "total_com": 32656.000000000073,
           "num_vehicle": 7,
           "solver_name": "Gurobi",
                   "tex": "vehicle 1: [0, 63, 33, 28, 31, 71, 67, 90, 94, 10, 66, 68, 60, 70, 0]\nvehicle 2: [0, 92, 83, 62, 64, 16, 73, 79, 8, 6, 26, 13, 17, 80, 0]\nvehicle 3: [0, 14, 47, 82, 52, 23, 21, 19, 76, 18, 22, 57, 97, 74, 24, 48, 25, 0]\nvehicle 4: [0, 45, 5, 69, 98, 75, 99, 86, 87, 9, 49, 20, 32, 89, 0]\nvehicle 5: [0, 65, 59, 15, 11, 12, 88, 7, 78, 53, 3, 46, 37, 43, 4, 1, 100, 0]\nvehicle 6: [0, 42, 39, 36, 2, 44, 61, 38, 40, 81, 41, 50, 56, 54, 77, 58, 0]\nvehicle 7: [0, 72, 95, 27, 29, 30, 51, 85, 84, 34, 96, 55, 35, 91, 93, 0]\n"
}