{
   "max_completion_time": {
                             "4": 667,
                             "2": 450,
                             "3": 663,
                             "1": 794
                          },
                  "name": "RC203-50",
            "solve_time": 600.1654860973358,
          "relative_gap": 0.10273205773098998,
                 "route": {
                             "4": [
                                    0,
                                    26,
                                    28,
                                    29,
                                    31,
                                    34,
                                    32,
                                    33,
                                    50,
                                    27,
                                    44,
                                    38,
                                    8,
                                    6,
                                    10,
                                    35,
                                    0
                                  ],
                             "2": [
                                    0,
                                    24,
                                    20,
                                    19,
                                    18,
                                    48,
                                    21,
                                    14,
                                    47,
                                    15,
                                    11,
                                    9,
                                    49,
                                    0
                                  ],
                             "3": [
                                    0,
                                    1,
                                    3,
                                    5,
                                    45,
                                    46,
                                    2,
                                    7,
                                    12,
                                    16,
                                    30,
                                    22,
                                    13,
                                    0
                                  ],
                             "1": [
                                    0,
                                    37,
                                    43,
                                    42,
                                    36,
                                    39,
                                    23,
                                    40,
                                    41,
                                    4,
                                    17,
                                    25,
                                    0
                                  ]
                          },
          "obj_function": 1036,
             "total_com": 10182.498283703337,
           "num_vehicle": 4,
           "solver_name": "Gurobi",
                   "tex": "vehicle 1: [0, 37, 43, 42, 36, 39, 23, 40, 41, 4, 17, 25, 0]\nvehicle 2: [0, 24, 20, 19, 18, 48, 21, 14, 47, 15, 11, 9, 49, 0]\nvehicle 3: [0, 1, 3, 5, 45, 46, 2, 7, 12, 16, 30, 22, 13, 0]\nvehicle 4: [0, 26, 28, 29, 31, 34, 32, 33, 50, 27, 44, 38, 8, 6, 10, 35, 0]\n"
}