{
   "max_completion_time": {
                             "2": 684,
                             "3": 708.0000000000001,
                             "1": 831
                          },
                  "name": "RC205-25",
            "solve_time": 42.57099986076355,
          "relative_gap": 0,
                 "route": {
                             "2": [
                                    0,
                                    21,
                                    19,
                                    23,
                                    18,
                                    22,
                                    10,
                                    4,
                                    0
                                  ],
                             "3": [
                                    0,
                                    2,
                                    5,
                                    16,
                                    11,
                                    9,
                                    20,
                                    24,
                                    17,
                                    0
                                  ],
                             "1": [
                                    0,
                                    14,
                                    12,
                                    7,
                                    15,
                                    3,
                                    6,
                                    8,
                                    1,
                                    13,
                                    25,
                                    0
                                  ]
                          },
          "obj_function": 294,
             "total_com": 8768.899999999998,
           "num_vehicle": 3,
           "solver_name": "CPLEX",
                   "tex": "vehicle 1: [0, 14, 12, 7, 15, 3, 6, 8, 1, 13, 25, 0]\nvehicle 2: [0, 21, 19, 23, 18, 22, 10, 4, 0]\nvehicle 3: [0, 2, 5, 16, 11, 9, 20, 24, 17, 0]\n"
}