{
   "max_completion_time": {
                             "2": 794,
                             "3": 663,
                             "1": 713
                          },
                  "name": "RC203-25",
            "solve_time": 600.0062940120697,
          "relative_gap": 0.026101386808178147,
                 "route": {
                             "2": [
                                    0,
                                    24,
                                    20,
                                    19,
                                    21,
                                    18,
                                    8,
                                    6,
                                    25,
                                    0
                                  ],
                             "3": [
                                    0,
                                    12,
                                    14,
                                    16,
                                    23,
                                    9,
                                    13,
                                    0
                                  ],
                             "1": [
                                    0,
                                    5,
                                    3,
                                    1,
                                    2,
                                    7,
                                    15,
                                    11,
                                    22,
                                    10,
                                    4,
                                    17,
                                    0
                                  ]
                          },
          "obj_function": 262,
             "total_com": 5957.399996699943,
           "num_vehicle": 3,
           "solver_name": "Gurobi",
                   "tex": "vehicle 1: [0, 5, 3, 1, 2, 7, 15, 11, 22, 10, 4, 17, 0]\nvehicle 2: [0, 24, 20, 19, 21, 18, 8, 6, 25, 0]\nvehicle 3: [0, 12, 14, 16, 23, 9, 13, 0]\n"
}