{
   "max_completion_time": {
                             "5": 792,
                             "4": 820,
                             "6": 820,
                             "7": 655,
                             "2": 742,
                             "9": 774,
                             "8": 794,
                             "3": 818,
                             "1": 832
                          },
                  "name": "RC201-100",
            "solve_time": 139.61989903450012,
          "relative_gap": 1.048707078325927e-5,
                 "route": {
                             "5": [
                                    0,
                                    63,
                                    33,
                                    52,
                                    75,
                                    51,
                                    85,
                                    94,
                                    50,
                                    4,
                                    17,
                                    58,
                                    0
                                  ],
                             "4": [
                                    0,
                                    36,
                                    39,
                                    82,
                                    64,
                                    61,
                                    7,
                                    81,
                                    84,
                                    10,
                                    66,
                                    68,
                                    1,
                                    100,
                                    0
                                  ],
                             "6": [
                                    0,
                                    59,
                                    27,
                                    31,
                                    29,
                                    71,
                                    67,
                                    40,
                                    41,
                                    46,
                                    37,
                                    54,
                                    35,
                                    91,
                                    70,
                                    0
                                  ],
                             "7": [
                                    0,
                                    45,
                                    5,
                                    2,
                                    44,
                                    38,
                                    79,
                                    78,
                                    49,
                                    56,
                                    74,
                                    0
                                  ],
                             "2": [
                                    0,
                                    62,
                                    30,
                                    90,
                                    53,
                                    20,
                                    55,
                                    13,
                                    48,
                                    0
                                  ],
                             "9": [
                                    0,
                                    14,
                                    47,
                                    15,
                                    11,
                                    16,
                                    73,
                                    86,
                                    9,
                                    43,
                                    60,
                                    77,
                                    0
                                  ],
                             "8": [
                                    0,
                                    92,
                                    28,
                                    76,
                                    18,
                                    22,
                                    97,
                                    24,
                                    25,
                                    0
                                  ],
                             "3": [
                                    0,
                                    65,
                                    83,
                                    69,
                                    98,
                                    12,
                                    88,
                                    87,
                                    57,
                                    34,
                                    26,
                                    89,
                                    93,
                                    0
                                  ],
                             "1": [
                                    0,
                                    42,
                                    72,
                                    95,
                                    23,
                                    21,
                                    19,
                                    99,
                                    8,
                                    6,
                                    3,
                                    96,
                                    32,
                                    80,
                                    0
                                  ]
                          },
          "obj_function": 2120,
             "total_com": 38142.3,
           "num_vehicle": 9,
           "solver_name": "Gurobi",
                   "tex": "vehicle 1: [0, 42, 72, 95, 23, 21, 19, 99, 8, 6, 3, 96, 32, 80, 0]\nvehicle 2: [0, 62, 30, 90, 53, 20, 55, 13, 48, 0]\nvehicle 3: [0, 65, 83, 69, 98, 12, 88, 87, 57, 34, 26, 89, 93, 0]\nvehicle 4: [0, 36, 39, 82, 64, 61, 7, 81, 84, 10, 66, 68, 1, 100, 0]\nvehicle 5: [0, 63, 33, 52, 75, 51, 85, 94, 50, 4, 17, 58, 0]\nvehicle 6: [0, 59, 27, 31, 29, 71, 67, 40, 41, 46, 37, 54, 35, 91, 70, 0]\nvehicle 7: [0, 45, 5, 2, 44, 38, 79, 78, 49, 56, 74, 0]\nvehicle 8: [0, 92, 28, 76, 18, 22, 97, 24, 25, 0]\nvehicle 9: [0, 14, 47, 15, 11, 16, 73, 86, 9, 43, 60, 77, 0]\n"
}