{
   "max_completion_time": {
                             "5": 804,
                             "4": 852,
                             "6": 545,
                             "7": 880,
                             "2": 790,
                             "3": 831,
                             "1": 693
                          },
                  "name": "RC205-100",
            "solve_time": 600.0258989334106,
          "relative_gap": 0.005828580477077412,
                 "route": {
                             "5": [
                                    0,
                                    98,
                                    12,
                                    14,
                                    47,
                                    15,
                                    11,
                                    38,
                                    40,
                                    41,
                                    37,
                                    1,
                                    32,
                                    35,
                                    77,
                                    0
                                  ],
                             "4": [
                                    0,
                                    92,
                                    95,
                                    63,
                                    33,
                                    27,
                                    71,
                                    94,
                                    88,
                                    3,
                                    78,
                                    79,
                                    53,
                                    91,
                                    20,
                                    24,
                                    17,
                                    58,
                                    0
                                  ],
                             "6": [
                                    0,
                                    72,
                                    31,
                                    28,
                                    29,
                                    19,
                                    86,
                                    99,
                                    87,
                                    9,
                                    10,
                                    0
                                  ],
                             "7": [
                                    0,
                                    42,
                                    39,
                                    36,
                                    7,
                                    16,
                                    73,
                                    90,
                                    81,
                                    6,
                                    8,
                                    46,
                                    56,
                                    89,
                                    93,
                                    80,
                                    100,
                                    0
                                  ],
                             "2": [
                                    0,
                                    65,
                                    83,
                                    21,
                                    69,
                                    61,
                                    44,
                                    34,
                                    26,
                                    48,
                                    49,
                                    97,
                                    66,
                                    60,
                                    74,
                                    70,
                                    0
                                  ],
                             "3": [
                                    0,
                                    82,
                                    52,
                                    59,
                                    75,
                                    62,
                                    30,
                                    67,
                                    50,
                                    96,
                                    84,
                                    43,
                                    55,
                                    4,
                                    25,
                                    0
                                  ],
                             "1": [
                                    0,
                                    2,
                                    45,
                                    5,
                                    85,
                                    64,
                                    23,
                                    51,
                                    76,
                                    18,
                                    57,
                                    22,
                                    54,
                                    68,
                                    13,
                                    0
                                  ]
                          },
          "obj_function": 2728,
             "total_com": 34250.89999999999,
           "num_vehicle": 7,
           "solver_name": "Gurobi",
                   "tex": "vehicle 1: [0, 2, 45, 5, 85, 64, 23, 51, 76, 18, 57, 22, 54, 68, 13, 0]\nvehicle 2: [0, 65, 83, 21, 69, 61, 44, 34, 26, 48, 49, 97, 66, 60, 74, 70, 0]\nvehicle 3: [0, 82, 52, 59, 75, 62, 30, 67, 50, 96, 84, 43, 55, 4, 25, 0]\nvehicle 4: [0, 92, 95, 63, 33, 27, 71, 94, 88, 3, 78, 79, 53, 91, 20, 24, 17, 58, 0]\nvehicle 5: [0, 98, 12, 14, 47, 15, 11, 38, 40, 41, 37, 1, 32, 35, 77, 0]\nvehicle 6: [0, 72, 31, 28, 29, 19, 86, 99, 87, 9, 10, 0]\nvehicle 7: [0, 42, 39, 36, 7, 16, 73, 90, 81, 6, 8, 46, 56, 89, 93, 80, 100, 0]\n"
}