{
   "max_completion_time": {
                             "2": 601,
                             "3": 608,
                             "1": 483
                          },
                  "name": "RC207-25",
            "solve_time": 11.98800015449524,
          "relative_gap": 9.890218573789225e-5,
                 "route": {
                             "2": [
                                    0,
                                    5,
                                    2,
                                    21,
                                    19,
                                    22,
                                    18,
                                    25,
                                    10,
                                    1,
                                    0
                                  ],
                             "3": [
                                    0,
                                    23,
                                    6,
                                    8,
                                    13,
                                    20,
                                    24,
                                    0
                                  ],
                             "1": [
                                    0,
                                    11,
                                    14,
                                    15,
                                    12,
                                    16,
                                    9,
                                    7,
                                    17,
                                    4,
                                    3,
                                    0
                                  ]
                          },
          "obj_function": 250,
             "total_com": 7077.699999999997,
           "num_vehicle": 3,
           "solver_name": "CPLEX",
                   "tex": "vehicle 1: [0, 11, 14, 15, 12, 16, 9, 7, 17, 4, 3, 0]\nvehicle 2: [0, 5, 2, 21, 19, 22, 18, 25, 10, 1, 0]\nvehicle 3: [0, 23, 6, 8, 13, 20, 24, 0]\n"
}