{
   "max_completion_time": {
                             "5": 794,
                             "4": 667.0000000000001,
                             "2": 713,
                             "3": 683,
                             "1": 742
                          },
                  "name": "RC201-50",
            "solve_time": 60.09100008010864,
          "relative_gap": 0.007096470382092246,
                 "route": {
                             "5": [
                                    0,
                                    42,
                                    5,
                                    2,
                                    44,
                                    38,
                                    40,
                                    50,
                                    26,
                                    32,
                                    25,
                                    0
                                  ],
                             "4": [
                                    0,
                                    45,
                                    39,
                                    15,
                                    11,
                                    7,
                                    41,
                                    20,
                                    35,
                                    0
                                  ],
                             "2": [
                                    0,
                                    36,
                                    28,
                                    29,
                                    19,
                                    18,
                                    22,
                                    49,
                                    10,
                                    13,
                                    17,
                                    0
                                  ],
                             "3": [
                                    0,
                                    14,
                                    47,
                                    23,
                                    21,
                                    30,
                                    9,
                                    3,
                                    46,
                                    43,
                                    4,
                                    1,
                                    0
                                  ],
                             "1": [
                                    0,
                                    33,
                                    27,
                                    31,
                                    12,
                                    16,
                                    8,
                                    6,
                                    34,
                                    37,
                                    24,
                                    48,
                                    0
                                  ]
                          },
          "obj_function": 625.9999999999995,
             "total_com": 18262.6,
           "num_vehicle": 5,
           "solver_name": "CPLEX",
                   "tex": "vehicle 1: [0, 33, 27, 31, 12, 16, 8, 6, 34, 37, 24, 48, 0]\nvehicle 2: [0, 36, 28, 29, 19, 18, 22, 49, 10, 13, 17, 0]\nvehicle 3: [0, 14, 47, 23, 21, 30, 9, 3, 46, 43, 4, 1, 0]\nvehicle 4: [0, 45, 39, 15, 11, 7, 41, 20, 35, 0]\nvehicle 5: [0, 42, 5, 2, 44, 38, 40, 50, 26, 32, 25, 0]\n"
}