{
   "max_completion_time": {
                             "4": 601,
                             "2": 646,
                             "3": 608,
                             "1": 574
                          },
                  "name": "RC207-50",
            "solve_time": 3611.0329999923706,
          "relative_gap": 0.06342807924027927,
                 "route": {
                             "4": [
                                    0,
                                    2,
                                    45,
                                    5,
                                    14,
                                    15,
                                    19,
                                    21,
                                    17,
                                    46,
                                    3,
                                    37,
                                    43,
                                    1,
                                    0
                                  ],
                             "2": [
                                    0,
                                    33,
                                    28,
                                    27,
                                    31,
                                    30,
                                    29,
                                    41,
                                    7,
                                    6,
                                    13,
                                    4,
                                    10,
                                    48,
                                    0
                                  ],
                             "3": [
                                    0,
                                    39,
                                    42,
                                    44,
                                    36,
                                    38,
                                    40,
                                    8,
                                    25,
                                    18,
                                    49,
                                    34,
                                    26,
                                    20,
                                    24,
                                    0
                                  ],
                             "1": [
                                    0,
                                    11,
                                    47,
                                    23,
                                    12,
                                    16,
                                    9,
                                    22,
                                    35,
                                    50,
                                    32,
                                    0
                                  ]
                          },
          "obj_function": 223,
             "total_com": 14512.499999972992,
           "num_vehicle": 4,
           "solver_name": "CPLEX",
                   "tex": "vehicle 1: [0, 11, 47, 23, 12, 16, 9, 22, 35, 50, 32, 0]\nvehicle 2: [0, 33, 28, 27, 31, 30, 29, 41, 7, 6, 13, 4, 10, 48, 0]\nvehicle 3: [0, 39, 42, 44, 36, 38, 40, 8, 25, 18, 49, 34, 26, 20, 24, 0]\nvehicle 4: [0, 2, 45, 5, 14, 15, 19, 21, 17, 46, 3, 37, 43, 1, 0]\n"
}