{
   "max_completion_time": {
                             "5": 646,
                             "4": 661,
                             "6": 623,
                             "2": 574,
                             "3": 601,
                             "1": 578
                          },
                  "name": "RC207-100",
            "solve_time": 600.1050050258636,
          "relative_gap": 0.020669830556750403,
                 "route": {
                             "5": [
                                    0,
                                    65,
                                    83,
                                    64,
                                    23,
                                    52,
                                    21,
                                    75,
                                    9,
                                    53,
                                    86,
                                    87,
                                    58,
                                    74,
                                    10,
                                    97,
                                    24,
                                    48,
                                    0
                                  ],
                             "4": [
                                    0,
                                    69,
                                    45,
                                    5,
                                    2,
                                    88,
                                    98,
                                    12,
                                    78,
                                    6,
                                    8,
                                    7,
                                    90,
                                    81,
                                    94,
                                    56,
                                    66,
                                    80,
                                    20,
                                    89,
                                    91,
                                    0
                                  ],
                             "6": [
                                    0,
                                    95,
                                    62,
                                    63,
                                    31,
                                    30,
                                    29,
                                    71,
                                    41,
                                    40,
                                    93,
                                    57,
                                    4,
                                    46,
                                    3,
                                    43,
                                    60,
                                    0
                                  ],
                             "2": [
                                    0,
                                    72,
                                    42,
                                    39,
                                    44,
                                    36,
                                    38,
                                    70,
                                    61,
                                    100,
                                    18,
                                    25,
                                    77,
                                    49,
                                    50,
                                    26,
                                    32,
                                    0
                                  ],
                             "3": [
                                    0,
                                    11,
                                    14,
                                    47,
                                    15,
                                    59,
                                    82,
                                    99,
                                    16,
                                    73,
                                    79,
                                    13,
                                    17,
                                    55,
                                    68,
                                    37,
                                    1,
                                    0
                                  ],
                             "1": [
                                    0,
                                    92,
                                    33,
                                    28,
                                    27,
                                    67,
                                    76,
                                    19,
                                    22,
                                    51,
                                    84,
                                    85,
                                    35,
                                    34,
                                    96,
                                    54,
                                    0
                                  ]
                          },
          "obj_function": 661,
             "total_com": 28249.900000000034,
           "num_vehicle": 6,
           "solver_name": "Gurobi",
                   "tex": "vehicle 1: [0, 92, 33, 28, 27, 67, 76, 19, 22, 51, 84, 85, 35, 34, 96, 54, 0]\nvehicle 2: [0, 72, 42, 39, 44, 36, 38, 70, 61, 100, 18, 25, 77, 49, 50, 26, 32, 0]\nvehicle 3: [0, 11, 14, 47, 15, 59, 82, 99, 16, 73, 79, 13, 17, 55, 68, 37, 1, 0]\nvehicle 4: [0, 69, 45, 5, 2, 88, 98, 12, 78, 6, 8, 7, 90, 81, 94, 56, 66, 80, 20, 89, 91, 0]\nvehicle 5: [0, 65, 83, 64, 23, 52, 21, 75, 9, 53, 86, 87, 58, 74, 10, 97, 24, 48, 0]\nvehicle 6: [0, 95, 62, 63, 31, 30, 29, 71, 41, 40, 93, 57, 4, 46, 3, 43, 60, 0]\n"
}