{
   "max_completion_time": {
                             "2": 485.29999999999916,
                             "1": 497.99999999999926
                          },
                  "name": "RC208-25",
            "solve_time": 3607.9909999370575,
          "relative_gap": 0.0910437100383127,
                 "route": {
                             "2": [
                                    0,
                                    2,
                                    5,
                                    16,
                                    7,
                                    9,
                                    6,
                                    8,
                                    3,
                                    1,
                                    4,
                                    17,
                                    0
                                  ],
                             "1": [
                                    0,
                                    11,
                                    12,
                                    14,
                                    15,
                                    23,
                                    21,
                                    19,
                                    18,
                                    22,
                                    25,
                                    24,
                                    20,
                                    10,
                                    13,
                                    0
                                  ]
                          },
          "obj_function": 12.700000000000102,
             "total_com": 6295.5,
           "num_vehicle": 2,
           "solver_name": "CPLEX",
                   "tex": "vehicle 1: [0, 11, 12, 14, 15, 23, 21, 19, 18, 22, 25, 24, 20, 10, 13, 0]\nvehicle 2: [0, 2, 5, 16, 7, 9, 6, 8, 3, 1, 4, 17, 0]\n"
}