{
   "max_completion_time": {
                             "5": 1091,
                             "4": 1035.699999999997,
                             "2": 1144,
                             "3": 958.9999999999923,
                             "1": 1045.800000000003
                          },
                  "name": "C101-50",
            "solve_time": 225.63299989700317,
          "relative_gap": 0,
                 "route": {
                             "5": [
                                    0,
                                    43,
                                    42,
                                    41,
                                    40,
                                    44,
                                    46,
                                    45,
                                    48,
                                    34,
                                    49,
                                    0
                                  ],
                             "4": [
                                    0,
                                    32,
                                    33,
                                    31,
                                    35,
                                    37,
                                    38,
                                    39,
                                    36,
                                    50,
                                    1,
                                    0
                                  ],
                             "2": [
                                    0,
                                    13,
                                    17,
                                    18,
                                    19,
                                    15,
                                    16,
                                    14,
                                    12,
                                    47,
                                    0
                                  ],
                             "3": [
                                    0,
                                    20,
                                    24,
                                    25,
                                    27,
                                    29,
                                    30,
                                    9,
                                    6,
                                    4,
                                    2,
                                    0
                                  ],
                             "1": [
                                    0,
                                    5,
                                    3,
                                    7,
                                    8,
                                    10,
                                    11,
                                    28,
                                    26,
                                    23,
                                    22,
                                    21,
                                    0
                                  ]
                          },
          "obj_function": 850.6000000000367,
             "total_com": 27272.30000000004,
           "num_vehicle": 5,
           "solver_name": "CPLEX",
                   "tex": "vehicle 1: [0, 5, 3, 7, 8, 10, 11, 28, 26, 23, 22, 21, 0]\nvehicle 2: [0, 13, 17, 18, 19, 15, 16, 14, 12, 47, 0]\nvehicle 3: [0, 20, 24, 25, 27, 29, 30, 9, 6, 4, 2, 0]\nvehicle 4: [0, 32, 33, 31, 35, 37, 38, 39, 36, 50, 1, 0]\nvehicle 5: [0, 43, 42, 41, 40, 44, 46, 45, 48, 34, 49, 0]\n"
}