{
   "max_completion_time": {
                             "2": 979.2999999999993,
                             "3": 979.2999999999993,
                             "1": 979.2999999999993
                          },
                  "name": "C105-25",
            "solve_time": 50.82599997520447,
          "relative_gap": 0,
                 "route": {
                             "2": [
                                    0,
                                    5,
                                    24,
                                    7,
                                    10,
                                    15,
                                    9,
                                    12,
                                    4,
                                    21,
                                    0
                                  ],
                             "3": [
                                    0,
                                    3,
                                    17,
                                    18,
                                    8,
                                    16,
                                    14,
                                    6,
                                    23,
                                    2,
                                    0
                                  ],
                             "1": [
                                    0,
                                    20,
                                    13,
                                    25,
                                    19,
                                    11,
                                    22,
                                    1,
                                    0
                                  ]
                          },
          "obj_function": 0,
             "total_com": 13270.299999999988,
           "num_vehicle": 3,
           "solver_name": "CPLEX",
                   "tex": "vehicle 1: [0, 20, 13, 25, 19, 11, 22, 1, 0]\nvehicle 2: [0, 5, 24, 7, 10, 15, 9, 12, 4, 21, 0]\nvehicle 3: [0, 3, 17, 18, 8, 16, 14, 6, 23, 2, 0]\n"
}