{
   "max_completion_time": {
                             "2": 981.3000000000029,
                             "3": 981.3000000000029,
                             "1": 981.3000000000029
                          },
                  "name": "C108-25",
            "solve_time": 250.17700004577637,
          "relative_gap": 0,
                 "route": {
                             "2": [
                                    0,
                                    5,
                                    20,
                                    7,
                                    18,
                                    10,
                                    16,
                                    14,
                                    6,
                                    21,
                                    0
                                  ],
                             "3": [
                                    0,
                                    25,
                                    17,
                                    3,
                                    11,
                                    23,
                                    2,
                                    22,
                                    0
                                  ],
                             "1": [
                                    0,
                                    24,
                                    13,
                                    19,
                                    8,
                                    15,
                                    9,
                                    4,
                                    12,
                                    1,
                                    0
                                  ]
                          },
          "obj_function": 0,
             "total_com": 13772.700000000004,
           "num_vehicle": 3,
           "solver_name": "CPLEX",
                   "tex": "vehicle 1: [0, 24, 13, 19, 8, 15, 9, 4, 12, 1, 0]\nvehicle 2: [0, 5, 20, 7, 18, 10, 16, 14, 6, 21, 0]\nvehicle 3: [0, 25, 17, 3, 11, 23, 2, 22, 0]\n"
}