{
   "max_completion_time": {
                             "2": 997.2999999979993,
                             "3": 997.200000009997,
                             "1": 997.200000009997
                          },
                  "name": "C109-25",
            "solve_time": 3601.3179998397827,
          "relative_gap": 0.9999999994999998,
                 "route": {
                             "2": [
                                    0,
                                    10,
                                    25,
                                    9,
                                    15,
                                    22,
                                    12,
                                    1,
                                    0
                                  ],
                             "3": [
                                    0,
                                    24,
                                    17,
                                    7,
                                    5,
                                    19,
                                    11,
                                    14,
                                    4,
                                    21,
                                    0
                                  ],
                             "1": [
                                    0,
                                    13,
                                    18,
                                    3,
                                    20,
                                    8,
                                    6,
                                    16,
                                    23,
                                    2,
                                    0
                                  ]
                          },
          "obj_function": 0.19999997500461938,
             "total_com": 14389.799999946006,
           "num_vehicle": 3,
           "solver_name": "CPLEX",
                   "tex": "vehicle 1: [0, 13, 18, 3, 20, 8, 6, 16, 23, 2, 0]\nvehicle 2: [0, 10, 25, 9, 15, 22, 12, 1, 0]\nvehicle 3: [0, 24, 17, 7, 5, 19, 11, 14, 4, 21, 0]\n"
}