{
   "max_completion_time": {
                             "2": 2977.5,
                             "1": 3073
                          },
                  "name": "C201-25",
            "solve_time": 10.385999917984009,
          "relative_gap": 0,
                 "route": {
                             "2": [
                                    0,
                                    22,
                                    5,
                                    24,
                                    6,
                                    3,
                                    23,
                                    18,
                                    19,
                                    15,
                                    17,
                                    13,
                                    25,
                                    9,
                                    11,
                                    10,
                                    8,
                                    0
                                  ],
                             "1": [
                                    0,
                                    20,
                                    2,
                                    1,
                                    7,
                                    4,
                                    16,
                                    14,
                                    12,
                                    21,
                                    0
                                  ]
                          },
          "obj_function": 95.5,
             "total_com": 41879.29999999999,
           "num_vehicle": 2,
           "solver_name": "CPLEX",
                   "tex": "vehicle 1: [0, 20, 2, 1, 7, 4, 16, 14, 12, 21, 0]\nvehicle 2: [0, 22, 5, 24, 6, 3, 23, 18, 19, 15, 17, 13, 25, 9, 11, 10, 8, 0]\n"
}