{
   "max_completion_time": {
                             "2": 3120.5,
                             "1": 3120.5
                          },
                  "name": "C202-25",
            "solve_time": 15.208999872207642,
          "relative_gap": 0,
                 "route": {
                             "2": [
                                    0,
                                    20,
                                    24,
                                    6,
                                    4,
                                    23,
                                    16,
                                    25,
                                    10,
                                    7,
                                    12,
                                    0
                                  ],
                             "1": [
                                    0,
                                    1,
                                    22,
                                    18,
                                    19,
                                    3,
                                    14,
                                    21,
                                    15,
                                    17,
                                    13,
                                    9,
                                    11,
                                    5,
                                    8,
                                    2,
                                    0
                                  ]
                          },
          "obj_function": 0,
             "total_com": 50469.299999999996,
           "num_vehicle": 2,
           "solver_name": "CPLEX",
                   "tex": "vehicle 1: [0, 1, 22, 18, 19, 3, 14, 21, 15, 17, 13, 9, 11, 5, 8, 2, 0]\nvehicle 2: [0, 20, 24, 6, 4, 23, 16, 25, 10, 7, 12, 0]\n"
}