{
   "max_completion_time": {
                             "2": 3191.9000000000015,
                             "3": 3191.5999999999985,
                             "1": 3189.9000000000015
                          },
                  "name": "C202-50",
            "solve_time": 3602.1349999904633,
          "relative_gap": 0.999999999975,
                 "route": {
                             "2": [
                                    0,
                                    24,
                                    27,
                                    30,
                                    29,
                                    34,
                                    38,
                                    39,
                                    3,
                                    18,
                                    16,
                                    45,
                                    25,
                                    43,
                                    2,
                                    5,
                                    37,
                                    50,
                                    0
                                  ],
                             "3": [
                                    0,
                                    20,
                                    22,
                                    32,
                                    35,
                                    40,
                                    19,
                                    14,
                                    1,
                                    12,
                                    13,
                                    42,
                                    10,
                                    8,
                                    21,
                                    31,
                                    0
                                  ],
                             "1": [
                                    0,
                                    6,
                                    33,
                                    48,
                                    49,
                                    4,
                                    36,
                                    28,
                                    23,
                                    44,
                                    46,
                                    15,
                                    17,
                                    47,
                                    9,
                                    11,
                                    41,
                                    26,
                                    7,
                                    0
                                  ]
                          },
          "obj_function": 4,
             "total_com": 94864.89999999902,
           "num_vehicle": 3,
           "solver_name": "CPLEX",
                   "tex": "vehicle 1: [0, 6, 33, 48, 49, 4, 36, 28, 23, 44, 46, 15, 17, 47, 9, 11, 41, 26, 7, 0]\nvehicle 2: [0, 24, 27, 30, 29, 34, 38, 39, 3, 18, 16, 45, 25, 43, 2, 5, 37, 50, 0]\nvehicle 3: [0, 20, 22, 32, 35, 40, 19, 14, 1, 12, 13, 42, 10, 8, 21, 31, 0]\n"
}