{
   "max_completion_time": {
                             "2": 3106.7000000000007,
                             "1": 3106.7000000000007
                          },
                  "name": "C203-25",
            "solve_time": 22.07100009918213,
          "relative_gap": 0,
                 "route": {
                             "2": [
                                    0,
                                    2,
                                    22,
                                    14,
                                    16,
                                    19,
                                    3,
                                    17,
                                    13,
                                    20,
                                    21,
                                    9,
                                    11,
                                    8,
                                    5,
                                    0
                                  ],
                             "1": [
                                    0,
                                    6,
                                    7,
                                    1,
                                    4,
                                    23,
                                    12,
                                    15,
                                    25,
                                    10,
                                    24,
                                    18,
                                    0
                                  ]
                          },
          "obj_function": 0,
             "total_com": 45333.3,
           "num_vehicle": 2,
           "solver_name": "CPLEX",
                   "tex": "vehicle 1: [0, 6, 7, 1, 4, 23, 12, 15, 25, 10, 24, 18, 0]\nvehicle 2: [0, 2, 22, 14, 16, 19, 3, 17, 13, 20, 21, 9, 11, 8, 5, 0]\n"
}