{
   "max_completion_time": {
                             "2": 2977,
                             "1": 2977
                          },
                  "name": "C204-25",
            "solve_time": 219.6579999923706,
          "relative_gap": 0,
                 "route": {
                             "2": [
                                    0,
                                    3,
                                    20,
                                    21,
                                    16,
                                    12,
                                    22,
                                    2,
                                    24,
                                    13,
                                    7,
                                    17,
                                    11,
                                    8,
                                    0
                                  ],
                             "1": [
                                    0,
                                    4,
                                    23,
                                    10,
                                    18,
                                    5,
                                    15,
                                    19,
                                    6,
                                    25,
                                    9,
                                    1,
                                    14,
                                    0
                                  ]
                          },
          "obj_function": 0,
             "total_com": 45002.29999999999,
           "num_vehicle": 2,
           "solver_name": "CPLEX",
                   "tex": "vehicle 1: [0, 4, 23, 10, 18, 5, 15, 19, 6, 25, 9, 1, 14, 0]\nvehicle 2: [0, 3, 20, 21, 16, 12, 22, 2, 24, 13, 7, 17, 11, 8, 0]\n"
}