{
   "max_completion_time": {
                             "2": 2993,
                             "1": 2993
                          },
                  "name": "C205-25",
            "solve_time": 1.1790001392364502,
          "relative_gap": 0,
                 "route": {
                             "2": [
                                    0,
                                    20,
                                    22,
                                    5,
                                    1,
                                    7,
                                    19,
                                    23,
                                    18,
                                    16,
                                    10,
                                    11,
                                    8,
                                    0
                                  ],
                             "1": [
                                    0,
                                    2,
                                    24,
                                    6,
                                    3,
                                    4,
                                    15,
                                    14,
                                    12,
                                    17,
                                    13,
                                    9,
                                    25,
                                    21,
                                    0
                                  ]
                          },
          "obj_function": 0,
             "total_com": 42885.399999999994,
           "num_vehicle": 2,
           "solver_name": "CPLEX",
                   "tex": "vehicle 1: [0, 2, 24, 6, 3, 4, 15, 14, 12, 17, 13, 9, 25, 21, 0]\nvehicle 2: [0, 20, 22, 5, 1, 7, 19, 23, 18, 16, 10, 11, 8, 0]\n"
}