{
   "max_completion_time": {
                             "2": 2909.7000000060043,
                             "3": 2910.6999999970044,
                             "1": 2910.199999991997
                          },
                  "name": "C207-50",
            "solve_time": 3601.946000099182,
          "relative_gap": 0.99999999995,
                 "route": {
                             "2": [
                                    0,
                                    20,
                                    30,
                                    2,
                                    6,
                                    27,
                                    49,
                                    32,
                                    31,
                                    18,
                                    34,
                                    44,
                                    14,
                                    45,
                                    25,
                                    19,
                                    15,
                                    9,
                                    12,
                                    48,
                                    47,
                                    0
                                  ],
                             "3": [
                                    0,
                                    29,
                                    22,
                                    1,
                                    24,
                                    33,
                                    7,
                                    38,
                                    35,
                                    39,
                                    28,
                                    11,
                                    42,
                                    13,
                                    43,
                                    0
                                  ],
                             "1": [
                                    0,
                                    5,
                                    26,
                                    4,
                                    3,
                                    37,
                                    36,
                                    23,
                                    50,
                                    16,
                                    46,
                                    40,
                                    8,
                                    41,
                                    21,
                                    17,
                                    10,
                                    0
                                  ]
                          },
          "obj_function": 1.9999999630008143,
             "total_com": 81977.79999996198,
           "num_vehicle": 3,
           "solver_name": "CPLEX",
                   "tex": "vehicle 1: [0, 5, 26, 4, 3, 37, 36, 23, 50, 16, 46, 40, 8, 41, 21, 17, 10, 0]\nvehicle 2: [0, 20, 30, 2, 6, 27, 49, 32, 31, 18, 34, 44, 14, 45, 25, 19, 15, 9, 12, 48, 47, 0]\nvehicle 3: [0, 29, 22, 1, 24, 33, 7, 38, 35, 39, 28, 11, 42, 13, 43, 0]\n"
}