{
   "max_completion_time": {
                              "5": 163.6999999959971,
                              "7": 171,
                             "12": 167,
                              "8": 159.00000018068772,
                              "1": 175,
                              "4": 159.8000001766834,
                              "6": 151.4000000040014,
                              "2": 162.8000000040029,
                             "10": 150.10000017968628,
                             "11": 182,
                              "9": 145.70000000300433,
                              "3": 169
                          },
                  "name": "R101-50",
            "solve_time": 3605.1019999980927,
          "relative_gap": 0.9999999999998799,
                 "route": {
                              "5": [
                                     0,
                                     28,
                                     29,
                                     9,
                                     34,
                                     24,
                                     0
                                   ],
                             "12": [
                                     0,
                                     14,
                                     44,
                                     16,
                                     46,
                                     17,
                                     0
                                   ],
                              "8": [
                                     0,
                                     15,
                                     22,
                                     4,
                                     0
                                   ],
                              "1": [
                                     0,
                                     45,
                                     7,
                                     49,
                                     48,
                                     0
                                   ],
                              "6": [
                                     0,
                                     31,
                                     30,
                                     43,
                                     0
                                   ],
                             "11": [
                                     0,
                                     11,
                                     19,
                                     50,
                                     25,
                                     0
                                   ],
                              "9": [
                                     0,
                                     42,
                                     2,
                                     18,
                                     20,
                                     0
                                   ],
                              "3": [
                                     0,
                                     39,
                                     23,
                                     41,
                                     37,
                                     13,
                                     0
                                   ],
                              "7": [
                                     0,
                                     36,
                                     47,
                                     8,
                                     10,
                                     1,
                                     0
                                   ],
                              "4": [
                                     0,
                                     33,
                                     12,
                                     6,
                                     32,
                                     0
                                   ],
                              "2": [
                                     0,
                                     27,
                                     21,
                                     40,
                                     3,
                                     35,
                                     0
                                   ],
                             "10": [
                                     0,
                                     5,
                                     38,
                                     26,
                                     0
                                   ]
                          },
          "obj_function": 833.0999990682126,
             "total_com": 5245.1999999939035,
           "num_vehicle": 12,
           "solver_name": "CPLEX",
                   "tex": "vehicle 1: [0, 45, 7, 49, 48, 0]\nvehicle 2: [0, 27, 21, 40, 3, 35, 0]\nvehicle 3: [0, 39, 23, 41, 37, 13, 0]\nvehicle 4: [0, 33, 12, 6, 32, 0]\nvehicle 5: [0, 28, 29, 9, 34, 24, 0]\nvehicle 6: [0, 31, 30, 43, 0]\nvehicle 7: [0, 36, 47, 8, 10, 1, 0]\nvehicle 8: [0, 15, 22, 4, 0]\nvehicle 9: [0, 42, 2, 18, 20, 0]\nvehicle 10: [0, 5, 38, 26, 0]\nvehicle 11: [0, 11, 19, 50, 25, 0]\nvehicle 12: [0, 14, 44, 16, 46, 17, 0]\n"
}