{
   "max_completion_time": {
                             "5": 186.99999999999983,
                             "4": 186.00000000299997,
                             "6": 187.09999999799857,
                             "7": 183.20000000900063,
                             "2": 188.39999999800148,
                             "3": 186.69999999900074,
                             "1": 187.19999999700076
                          },
                  "name": "R102-25",
            "solve_time": 3602.4939999580383,
          "relative_gap": 0.1847826069008826,
                 "route": {
                             "5": [
                                    0,
                                    16,
                                    6,
                                    17,
                                    5,
                                    0
                                  ],
                             "4": [
                                    0,
                                    14,
                                    9,
                                    4,
                                    25,
                                    0
                                  ],
                             "6": [
                                    0,
                                    19,
                                    24,
                                    3,
                                    0
                                  ],
                             "7": [
                                    0,
                                    15,
                                    20,
                                    12,
                                    0
                                  ],
                             "2": [
                                    0,
                                    11,
                                    8,
                                    13,
                                    2,
                                    0
                                  ],
                             "3": [
                                    0,
                                    18,
                                    10,
                                    21,
                                    0
                                  ],
                             "1": [
                                    0,
                                    23,
                                    22,
                                    1,
                                    7,
                                    0
                                  ]
                          },
          "obj_function": 36.79999991900354,
             "total_com": 3386.6999999990007,
           "num_vehicle": 7,
           "solver_name": "CPLEX",
                   "tex": "vehicle 1: [0, 23, 22, 1, 7, 0]\nvehicle 2: [0, 11, 8, 13, 2, 0]\nvehicle 3: [0, 18, 10, 21, 0]\nvehicle 4: [0, 14, 9, 4, 25, 0]\nvehicle 5: [0, 16, 6, 17, 5, 0]\nvehicle 6: [0, 19, 24, 3, 0]\nvehicle 7: [0, 15, 20, 12, 0]\n"
}