{
   "max_completion_time": {
                             "5": 172.09999999699858,
                             "4": 171.39999999800148,
                             "6": 172.0999999959986,
                             "2": 172.2999999969993,
                             "3": 171.7999999969993,
                             "1": 171.59999999600223
                          },
                  "name": "R105-25",
            "solve_time": 3601.4740002155304,
          "relative_gap": 0.999999999984127,
                 "route": {
                             "5": [
                                    0,
                                    7,
                                    19,
                                    10,
                                    13,
                                    0
                                  ],
                             "4": [
                                    0,
                                    14,
                                    16,
                                    3,
                                    4,
                                    0
                                  ],
                             "6": [
                                    0,
                                    5,
                                    11,
                                    9,
                                    20,
                                    1,
                                    0
                                  ],
                             "2": [
                                    0,
                                    12,
                                    21,
                                    6,
                                    25,
                                    0
                                  ],
                             "3": [
                                    0,
                                    15,
                                    23,
                                    22,
                                    17,
                                    0
                                  ],
                             "1": [
                                    0,
                                    2,
                                    8,
                                    18,
                                    24,
                                    0
                                  ]
                          },
          "obj_function": 6.299999897978262,
             "total_com": 2787.899999981043,
           "num_vehicle": 6,
           "solver_name": "CPLEX",
                   "tex": "vehicle 1: [0, 2, 8, 18, 24, 0]\nvehicle 2: [0, 12, 21, 6, 25, 0]\nvehicle 3: [0, 15, 23, 22, 17, 0]\nvehicle 4: [0, 14, 16, 3, 4, 0]\nvehicle 5: [0, 7, 19, 10, 13, 0]\nvehicle 6: [0, 5, 11, 9, 20, 1, 0]\n"
}