{
   "max_completion_time": {
                             "5": 190.40000000299779,
                             "4": 190.30000000299924,
                             "2": 190.1000000129984,
                             "3": 190.59999999999837,
                             "1": 190.20000000399705
                          },
                  "name": "R109-25",
            "solve_time": 3601.7990000247955,
          "relative_gap": 0.9999999999583333,
                 "route": {
                             "5": [
                                    0,
                                    2,
                                    18,
                                    6,
                                    8,
                                    4,
                                    0
                                  ],
                             "4": [
                                    0,
                                    5,
                                    16,
                                    19,
                                    10,
                                    24,
                                    0
                                  ],
                             "2": [
                                    0,
                                    23,
                                    21,
                                    12,
                                    3,
                                    17,
                                    0
                                  ],
                             "3": [
                                    0,
                                    14,
                                    15,
                                    22,
                                    1,
                                    25,
                                    0
                                  ],
                             "1": [
                                    0,
                                    11,
                                    7,
                                    20,
                                    9,
                                    13,
                                    0
                                  ]
                          },
          "obj_function": 2.3999999340013654,
             "total_com": 2732.200000008975,
           "num_vehicle": 5,
           "solver_name": "CPLEX",
                   "tex": "vehicle 1: [0, 11, 7, 20, 9, 13, 0]\nvehicle 2: [0, 23, 21, 12, 3, 17, 0]\nvehicle 3: [0, 14, 15, 22, 1, 25, 0]\nvehicle 4: [0, 5, 16, 19, 10, 24, 0]\nvehicle 5: [0, 2, 18, 6, 8, 4, 0]\n"
}