{
   "max_completion_time": {
                             "5": 188.40000000499776,
                             "4": 188.40000000200143,
                             "2": 188.4000000050014,
                             "3": 188.7999999969993,
                             "1": 188.49999999700003
                          },
                  "name": "R111-25",
            "solve_time": 3601.911999940872,
          "relative_gap": 0.9999999999444444,
                 "route": {
                             "5": [
                                    0,
                                    7,
                                    19,
                                    11,
                                    9,
                                    14,
                                    0
                                  ],
                             "4": [
                                    0,
                                    16,
                                    23,
                                    3,
                                    13,
                                    0
                                  ],
                             "2": [
                                    0,
                                    24,
                                    12,
                                    22,
                                    21,
                                    4,
                                    25,
                                    0
                                  ],
                             "3": [
                                    0,
                                    1,
                                    8,
                                    18,
                                    6,
                                    20,
                                    0
                                  ],
                             "1": [
                                    0,
                                    2,
                                    15,
                                    10,
                                    5,
                                    17,
                                    0
                                  ]
                          },
          "obj_function": 1.7999999369998076,
             "total_com": 2856.700000015004,
           "num_vehicle": 5,
           "solver_name": "CPLEX",
                   "tex": "vehicle 1: [0, 2, 15, 10, 5, 17, 0]\nvehicle 2: [0, 24, 12, 22, 21, 4, 25, 0]\nvehicle 3: [0, 1, 8, 18, 6, 20, 0]\nvehicle 4: [0, 16, 23, 3, 13, 0]\nvehicle 5: [0, 7, 19, 11, 9, 14, 0]\n"
}