{
   "max_completion_time": {
                             "5": 827,
                             "4": 717,
                             "6": 732.9000000000015,
                             "2": 782.9999999999997,
                             "3": 743,
                             "1": 754
                          },
                  "name": "R201-50",
            "solve_time": 3606.253000020981,
          "relative_gap": 0.9999999999998593,
                 "route": {
                             "5": [
                                    0,
                                    42,
                                    14,
                                    21,
                                    20,
                                    25,
                                    0
                                  ],
                             "4": [
                                    0,
                                    36,
                                    19,
                                    41,
                                    22,
                                    43,
                                    1,
                                    0
                                  ],
                             "6": [
                                    0,
                                    11,
                                    47,
                                    29,
                                    40,
                                    7,
                                    18,
                                    8,
                                    26,
                                    32,
                                    4,
                                    0
                                  ],
                             "2": [
                                    0,
                                    27,
                                    15,
                                    39,
                                    6,
                                    37,
                                    13,
                                    48,
                                    0
                                  ],
                             "3": [
                                    0,
                                    45,
                                    31,
                                    44,
                                    12,
                                    16,
                                    38,
                                    9,
                                    49,
                                    3,
                                    10,
                                    17,
                                    0
                                  ],
                             "1": [
                                    0,
                                    5,
                                    33,
                                    2,
                                    28,
                                    23,
                                    30,
                                    46,
                                    50,
                                    34,
                                    24,
                                    35,
                                    0
                                  ]
                          },
          "obj_function": 711.2999999999945,
             "total_com": 20299.09999999999,
           "num_vehicle": 6,
           "solver_name": "CPLEX",
                   "tex": "vehicle 1: [0, 5, 33, 2, 28, 23, 30, 46, 50, 34, 24, 35, 0]\nvehicle 2: [0, 27, 15, 39, 6, 37, 13, 48, 0]\nvehicle 3: [0, 45, 31, 44, 12, 16, 38, 9, 49, 3, 10, 17, 0]\nvehicle 4: [0, 36, 19, 41, 22, 43, 1, 0]\nvehicle 5: [0, 42, 14, 21, 20, 25, 0]\nvehicle 6: [0, 11, 47, 29, 40, 7, 18, 8, 26, 32, 4, 0]\n"
}