{
   "max_completion_time": {
                             "2": 827,
                             "1": 827
                          },
                  "name": "R202-25",
            "solve_time": 321.0349998474121,
          "relative_gap": 0,
                 "route": {
                             "2": [
                                    0,
                                    7,
                                    21,
                                    14,
                                    23,
                                    15,
                                    19,
                                    1,
                                    9,
                                    12,
                                    6,
                                    3,
                                    10,
                                    20,
                                    24,
                                    4,
                                    2,
                                    13,
                                    17,
                                    0
                                  ],
                             "1": [
                                    0,
                                    11,
                                    5,
                                    16,
                                    8,
                                    18,
                                    22,
                                    25,
                                    0
                                  ]
                          },
          "obj_function": 0,
             "total_com": 11200.000000000011,
           "num_vehicle": 2,
           "solver_name": "CPLEX",
                   "tex": "vehicle 1: [0, 11, 5, 16, 8, 18, 22, 25, 0]\nvehicle 2: [0, 7, 21, 14, 23, 15, 19, 1, 9, 12, 6, 3, 10, 20, 24, 4, 2, 13, 17, 0]\n"
}