{
   "max_completion_time": {
                             "2": 951.5,
                             "1": 951.5
                          },
                  "name": "R204-25",
            "solve_time": 157.73600006103516,
          "relative_gap": 0,
                 "route": {
                             "2": [
                                    0,
                                    18,
                                    10,
                                    11,
                                    8,
                                    1,
                                    9,
                                    21,
                                    3,
                                    4,
                                    20,
                                    14,
                                    25,
                                    19,
                                    0
                                  ],
                             "1": [
                                    0,
                                    17,
                                    15,
                                    5,
                                    2,
                                    6,
                                    23,
                                    13,
                                    22,
                                    7,
                                    12,
                                    16,
                                    24,
                                    0
                                  ]
                          },
          "obj_function": 0,
             "total_com": 13048.499999999993,
           "num_vehicle": 2,
           "solver_name": "CPLEX",
                   "tex": "vehicle 1: [0, 17, 15, 5, 2, 6, 23, 13, 22, 7, 12, 16, 24, 0]\nvehicle 2: [0, 18, 10, 11, 8, 1, 9, 21, 3, 4, 20, 14, 25, 19, 0]\n"
}