{
   "max_completion_time": {
                             "2": 807.7000000000044,
                             "1": 807.7000000000044
                          },
                  "name": "R205-25",
            "solve_time": 69.27800011634827,
          "relative_gap": 0,
                 "route": {
                             "2": [
                                    0,
                                    14,
                                    21,
                                    7,
                                    18,
                                    19,
                                    8,
                                    22,
                                    25,
                                    13,
                                    1,
                                    0
                                  ],
                             "1": [
                                    0,
                                    2,
                                    5,
                                    11,
                                    12,
                                    23,
                                    15,
                                    9,
                                    16,
                                    20,
                                    6,
                                    10,
                                    3,
                                    17,
                                    24,
                                    4,
                                    0
                                  ]
                          },
          "obj_function": 0,
             "total_com": 10870.00000000003,
           "num_vehicle": 2,
           "solver_name": "CPLEX",
                   "tex": "vehicle 1: [0, 2, 5, 11, 12, 23, 15, 9, 16, 20, 6, 10, 3, 17, 24, 4, 0]\nvehicle 2: [0, 14, 21, 7, 18, 19, 8, 22, 25, 13, 1, 0]\n"
}