{
   "max_completion_time": {
                             "4": 858.0999999999985,
                             "2": 866.3000000000029,
                             "3": 651.4000000000015,
                             "1": 683.7999999980029
                          },
                  "name": "R206-50",
            "solve_time": 3606.1299998760223,
          "relative_gap": 0.9999999999998779,
                 "route": {
                             "4": [
                                    0,
                                    33,
                                    15,
                                    14,
                                    8,
                                    30,
                                    38,
                                    20,
                                    25,
                                    12,
                                    37,
                                    24,
                                    0
                                  ],
                             "2": [
                                    0,
                                    21,
                                    45,
                                    27,
                                    28,
                                    42,
                                    44,
                                    34,
                                    18,
                                    29,
                                    19,
                                    41,
                                    17,
                                    7,
                                    26,
                                    4,
                                    13,
                                    50,
                                    0
                                  ],
                             "3": [
                                    0,
                                    36,
                                    1,
                                    47,
                                    39,
                                    31,
                                    40,
                                    23,
                                    16,
                                    46,
                                    10,
                                    9,
                                    6,
                                    35,
                                    0
                                  ],
                             "1": [
                                    0,
                                    11,
                                    3,
                                    49,
                                    48,
                                    2,
                                    22,
                                    43,
                                    32,
                                    5,
                                    0
                                  ]
                          },
          "obj_function": 819.000000002,
             "total_com": 21070.59999998299,
           "num_vehicle": 4,
           "solver_name": "CPLEX",
                   "tex": "vehicle 1: [0, 11, 3, 49, 48, 2, 22, 43, 32, 5, 0]\nvehicle 2: [0, 21, 45, 27, 28, 42, 44, 34, 18, 29, 19, 41, 17, 7, 26, 4, 13, 50, 0]\nvehicle 3: [0, 36, 1, 47, 39, 31, 40, 23, 16, 46, 10, 9, 6, 35, 0]\nvehicle 4: [0, 33, 15, 14, 8, 30, 38, 20, 25, 12, 37, 24, 0]\n"
}