{
   "max_completion_time": {
                             "2": 733,
                             "3": 733.2999999970029,
                             "1": 733.0999999979986
                          },
                  "name": "R207-25",
            "solve_time": 3602.281000137329,
          "relative_gap": 0.9999999998333333,
                 "route": {
                             "2": [
                                    0,
                                    23,
                                    20,
                                    12,
                                    6,
                                    3,
                                    9,
                                    24,
                                    14,
                                    13,
                                    1,
                                    25,
                                    0
                                  ],
                             "3": [
                                    0,
                                    15,
                                    22,
                                    8,
                                    4,
                                    2,
                                    21,
                                    10,
                                    0
                                  ],
                             "1": [
                                    0,
                                    11,
                                    18,
                                    19,
                                    7,
                                    17,
                                    5,
                                    16,
                                    0
                                  ]
                          },
          "obj_function": 0.5999999890059265,
             "total_com": 11403.699999993003,
           "num_vehicle": 3,
           "solver_name": "CPLEX",
                   "tex": "vehicle 1: [0, 11, 18, 19, 7, 17, 5, 16, 0]\nvehicle 2: [0, 23, 20, 12, 6, 3, 9, 24, 14, 13, 1, 25, 0]\nvehicle 3: [0, 15, 22, 8, 4, 2, 21, 10, 0]\n"
}