{
   "max_completion_time": {
                             "2": 894.2999999999993,
                             "1": 894.2999999999993
                          },
                  "name": "R208-25",
            "solve_time": 369.12000012397766,
          "relative_gap": 0,
                 "route": {
                             "2": [
                                    0,
                                    11,
                                    13,
                                    12,
                                    10,
                                    17,
                                    14,
                                    16,
                                    22,
                                    2,
                                    0
                                  ],
                             "1": [
                                    0,
                                    15,
                                    20,
                                    23,
                                    6,
                                    24,
                                    21,
                                    8,
                                    9,
                                    18,
                                    4,
                                    5,
                                    25,
                                    1,
                                    19,
                                    7,
                                    3,
                                    0
                                  ]
                          },
          "obj_function": 0,
             "total_com": 15022.199999999975,
           "num_vehicle": 2,
           "solver_name": "CPLEX",
                   "tex": "vehicle 1: [0, 15, 20, 23, 6, 24, 21, 8, 9, 18, 4, 5, 25, 1, 19, 7, 3, 0]\nvehicle 2: [0, 11, 13, 12, 10, 17, 14, 16, 22, 2, 0]\n"
}