{
   "max_completion_time": {
                             "2": 836,
                             "1": 836
                          },
                  "name": "R210-25",
            "solve_time": 23.009999990463257,
          "relative_gap": 0,
                 "route": {
                             "2": [
                                    0,
                                    18,
                                    15,
                                    19,
                                    7,
                                    9,
                                    8,
                                    16,
                                    22,
                                    21,
                                    20,
                                    3,
                                    4,
                                    24,
                                    13,
                                    2,
                                    1,
                                    0
                                  ],
                             "1": [
                                    0,
                                    23,
                                    11,
                                    6,
                                    12,
                                    5,
                                    14,
                                    10,
                                    17,
                                    25,
                                    0
                                  ]
                          },
          "obj_function": 0,
             "total_com": 13177.199999999997,
           "num_vehicle": 2,
           "solver_name": "CPLEX",
                   "tex": "vehicle 1: [0, 23, 11, 6, 12, 5, 14, 10, 17, 25, 0]\nvehicle 2: [0, 18, 15, 19, 7, 9, 8, 16, 22, 21, 20, 3, 4, 24, 13, 2, 1, 0]\n"
}