{
   "max_completion_time": {
                             "4": 703.1000000119984,
                             "2": 864.1999999959971,
                             "3": 860.999999999,
                             "1": 713.6999999989971
                          },
                  "name": "R210-50",
            "solve_time": 3604.7149999141693,
          "relative_gap": 0.9999999999998413,
                 "route": {
                             "4": [
                                    0,
                                    16,
                                    42,
                                    36,
                                    27,
                                    29,
                                    3,
                                    39,
                                    8,
                                    34,
                                    9,
                                    41,
                                    48,
                                    37,
                                    2,
                                    0
                                  ],
                             "2": [
                                    0,
                                    15,
                                    33,
                                    11,
                                    31,
                                    43,
                                    22,
                                    12,
                                    35,
                                    17,
                                    4,
                                    13,
                                    32,
                                    0
                                  ],
                             "3": [
                                    0,
                                    21,
                                    45,
                                    23,
                                    44,
                                    38,
                                    7,
                                    14,
                                    6,
                                    28,
                                    50,
                                    46,
                                    49,
                                    25,
                                    24,
                                    0
                                  ],
                             "1": [
                                    0,
                                    19,
                                    47,
                                    40,
                                    18,
                                    30,
                                    10,
                                    26,
                                    20,
                                    5,
                                    1,
                                    0
                                  ]
                          },
          "obj_function": 630.599999951999,
             "total_com": 22302.39999996109,
           "num_vehicle": 4,
           "solver_name": "CPLEX",
                   "tex": "vehicle 1: [0, 19, 47, 40, 18, 30, 10, 26, 20, 5, 1, 0]\nvehicle 2: [0, 15, 33, 11, 31, 43, 22, 12, 35, 17, 4, 13, 32, 0]\nvehicle 3: [0, 21, 45, 23, 44, 38, 7, 14, 6, 28, 50, 46, 49, 25, 24, 0]\nvehicle 4: [0, 16, 42, 36, 27, 29, 3, 39, 8, 34, 9, 41, 48, 37, 2, 0]\n"
}