{
   "max_completion_time": {
                             "4": 182.2999999979993,
                             "2": 181.9000000019978,
                             "3": 182.00000000199992,
                             "1": 183.09999999899856
                          },
                  "name": "RC105-25",
            "solve_time": 3601.934000015259,
          "relative_gap": 0.999999999974359,
                 "route": {
                             "4": [
                                    0,
                                    14,
                                    15,
                                    9,
                                    4,
                                    3,
                                    0
                                  ],
                             "2": [
                                    0,
                                    5,
                                    8,
                                    6,
                                    2,
                                    7,
                                    1,
                                    0
                                  ],
                             "3": [
                                    0,
                                    21,
                                    19,
                                    23,
                                    22,
                                    18,
                                    20,
                                    24,
                                    25,
                                    0
                                  ],
                             "1": [
                                    0,
                                    11,
                                    16,
                                    12,
                                    10,
                                    13,
                                    17,
                                    0
                                  ]
                          },
          "obj_function": 3.8999999820016917,
             "total_com": 3060.2000000069897,
           "num_vehicle": 4,
           "solver_name": "CPLEX",
                   "tex": "vehicle 1: [0, 11, 16, 12, 10, 13, 17, 0]\nvehicle 2: [0, 5, 8, 6, 2, 7, 1, 0]\nvehicle 3: [0, 21, 19, 23, 22, 18, 20, 24, 25, 0]\nvehicle 4: [0, 14, 15, 9, 4, 3, 0]\n"
}