{
   "max_completion_time": {
                             "2": 732.3000000000029,
                             "1": 732.3000000000029
                          },
                  "name": "RC208-25",
            "solve_time": 77.07399988174438,
          "relative_gap": 0,
                 "route": {
                             "2": [
                                    0,
                                    14,
                                    2,
                                    12,
                                    16,
                                    5,
                                    6,
                                    15,
                                    17,
                                    25,
                                    21,
                                    10,
                                    9,
                                    24,
                                    4,
                                    13,
                                    0
                                  ],
                             "1": [
                                    0,
                                    19,
                                    8,
                                    22,
                                    23,
                                    11,
                                    7,
                                    1,
                                    18,
                                    3,
                                    20,
                                    0
                                  ]
                          },
          "obj_function": 0,
             "total_com": 9832.499999999975,
           "num_vehicle": 2,
           "solver_name": "CPLEX",
                   "tex": "vehicle 1: [0, 19, 8, 22, 23, 11, 7, 1, 18, 3, 20, 0]\nvehicle 2: [0, 14, 2, 12, 16, 5, 6, 15, 17, 25, 21, 10, 9, 24, 4, 13, 0]\n"
}