{
   "max_completion_time": {
                             "2": 659.2999999999993,
                             "1": 659.2999999999993
                          },
                  "name": "RC207-25",
            "solve_time": 4.95199990272522,
          "relative_gap": 0,
                 "route": {
                             "2": [
                                    0,
                                    16,
                                    11,
                                    2,
                                    8,
                                    5,
                                    12,
                                    18,
                                    23,
                                    15,
                                    10,
                                    17,
                                    9,
                                    1,
                                    4,
                                    0
                                  ],
                             "1": [
                                    0,
                                    21,
                                    19,
                                    7,
                                    25,
                                    14,
                                    3,
                                    6,
                                    20,
                                    22,
                                    24,
                                    13,
                                    0
                                  ]
                          },
          "obj_function": 0,
             "total_com": 11106.699999999968,
           "num_vehicle": 2,
           "solver_name": "CPLEX",
                   "tex": "vehicle 1: [0, 21, 19, 7, 25, 14, 3, 6, 20, 22, 24, 13, 0]\nvehicle 2: [0, 16, 11, 2, 8, 5, 12, 18, 23, 15, 10, 17, 9, 1, 4, 0]\n"
}