{
   "max_completion_time": {
                             "2": 726.4000000000013,
                             "3": 726.4000000000013,
                             "1": 726.4000000000013
                          },
                  "name": "RC206-25",
            "solve_time": 438.6640000343323,
          "relative_gap": 0,
                 "route": {
                             "2": [
                                    0,
                                    11,
                                    7,
                                    21,
                                    12,
                                    22,
                                    10,
                                    8,
                                    3,
                                    24,
                                    4,
                                    0
                                  ],
                             "3": [
                                    0,
                                    19,
                                    16,
                                    25,
                                    13,
                                    0
                                  ],
                             "1": [
                                    0,
                                    2,
                                    14,
                                    5,
                                    23,
                                    15,
                                    6,
                                    18,
                                    9,
                                    20,
                                    1,
                                    17,
                                    0
                                  ]
                          },
          "obj_function": 0,
             "total_com": 10930.100000000033,
           "num_vehicle": 3,
           "solver_name": "CPLEX",
                   "tex": "vehicle 1: [0, 2, 14, 5, 23, 15, 6, 18, 9, 20, 1, 17, 0]\nvehicle 2: [0, 11, 7, 21, 12, 22, 10, 8, 3, 24, 4, 0]\nvehicle 3: [0, 19, 16, 25, 13, 0]\n"
}