{
   "max_completion_time": {
                             "2": 876.6000000040021,
                             "3": 876.7999999939993,
                             "1": 876.7999999939993
                          },
                  "name": "RC202-25",
            "solve_time": 3601.1029999256134,
          "relative_gap": 0.99999999975,
                 "route": {
                             "2": [
                                    0,
                                    11,
                                    23,
                                    8,
                                    24,
                                    4,
                                    12,
                                    21,
                                    0
                                  ],
                             "3": [
                                    0,
                                    14,
                                    16,
                                    18,
                                    22,
                                    6,
                                    25,
                                    7,
                                    0
                                  ],
                             "1": [
                                    0,
                                    15,
                                    19,
                                    9,
                                    3,
                                    10,
                                    2,
                                    20,
                                    13,
                                    1,
                                    17,
                                    5,
                                    0
                                  ]
                          },
          "obj_function": 0.3999999849943167,
             "total_com": 13355.099999981005,
           "num_vehicle": 3,
           "solver_name": "CPLEX",
                   "tex": "vehicle 1: [0, 15, 19, 9, 3, 10, 2, 20, 13, 1, 17, 5, 0]\nvehicle 2: [0, 11, 23, 8, 24, 4, 12, 21, 0]\nvehicle 3: [0, 14, 16, 18, 22, 6, 25, 7, 0]\n"
}