{
   "max_completion_time": {
                             "2": 831,
                             "1": 831
                          },
                  "name": "RC205-25",
            "solve_time": 102.64499998092651,
          "relative_gap": 0,
                 "route": {
                             "2": [
                                    0,
                                    21,
                                    14,
                                    11,
                                    23,
                                    22,
                                    18,
                                    9,
                                    25,
                                    0
                                  ],
                             "1": [
                                    0,
                                    15,
                                    19,
                                    16,
                                    5,
                                    2,
                                    6,
                                    7,
                                    8,
                                    12,
                                    20,
                                    10,
                                    1,
                                    3,
                                    4,
                                    13,
                                    17,
                                    24,
                                    0
                                  ]
                          },
          "obj_function": 0,
             "total_com": 11829.299999999996,
           "num_vehicle": 2,
           "solver_name": "CPLEX",
                   "tex": "vehicle 1: [0, 15, 19, 16, 5, 2, 6, 7, 8, 12, 20, 10, 1, 3, 4, 13, 17, 24, 0]\nvehicle 2: [0, 21, 14, 11, 23, 22, 18, 9, 25, 0]\n"
}