{
   "max_completion_time": {
                             "2": 1003.0999999999985,
                             "3": 1007,
                             "1": 966.4000000000015
                          },
                  "name": "C103-25",
            "solve_time": 361.04700684547424,
          "relative_gap": 0,
                 "route": {
                             "2": [
                                    0,
                                    5,
                                    7,
                                    8,
                                    10,
                                    11,
                                    9,
                                    6,
                                    4,
                                    2,
                                    1,
                                    0
                                  ],
                             "3": [
                                    0,
                                    20,
                                    24,
                                    25,
                                    23,
                                    22,
                                    21,
                                    0
                                  ],
                             "1": [
                                    0,
                                    13,
                                    17,
                                    18,
                                    15,
                                    19,
                                    16,
                                    14,
                                    12,
                                    3,
                                    0
                                  ]
                          },
          "obj_function": 186.31999999999974,
             "total_com": 13975.899999999994,
           "num_vehicle": 3,
           "solver_name": "Gurobi",
                   "tex": "vehicle 1: [0, 13, 17, 18, 15, 19, 16, 14, 12, 3, 0]\nvehicle 2: [0, 5, 7, 8, 10, 11, 9, 6, 4, 2, 1, 0]\nvehicle 3: [0, 20, 24, 25, 23, 22, 21, 0]\n"
}