{
   "max_completion_time": {
                             "2": 1007,
                             "3": 1030.599999999995,
                             "1": 1041
                          },
                  "name": "C104-25",
            "solve_time": 1800.016193151474,
          "relative_gap": 0.044173596888238166,
                 "route": {
                             "2": [
                                    0,
                                    20,
                                    24,
                                    25,
                                    23,
                                    22,
                                    21,
                                    0
                                  ],
                             "3": [
                                    0,
                                    5,
                                    3,
                                    7,
                                    8,
                                    10,
                                    11,
                                    9,
                                    6,
                                    4,
                                    2,
                                    1,
                                    0
                                  ],
                             "1": [
                                    0,
                                    13,
                                    15,
                                    12,
                                    14,
                                    16,
                                    19,
                                    18,
                                    17,
                                    0
                                  ]
                          },
          "obj_function": 179.51,
             "total_com": 14993.599999999964,
           "num_vehicle": 3,
           "solver_name": "Gurobi",
                   "tex": "vehicle 1: [0, 13, 15, 12, 14, 16, 19, 18, 17, 0]\nvehicle 2: [0, 20, 24, 25, 23, 22, 21, 0]\nvehicle 3: [0, 5, 3, 7, 8, 10, 11, 9, 6, 4, 2, 1, 0]\n"
}