{
   "max_completion_time": {
                             "2": 939.6999999999971,
                             "3": 891.7999999999993,
                             "1": 944.5999999999985
                          },
                  "name": "C109-25",
            "solve_time": 682.3127310276031,
          "relative_gap": 0,
                 "route": {
                             "2": [
                                    0,
                                    5,
                                    3,
                                    7,
                                    8,
                                    10,
                                    11,
                                    9,
                                    6,
                                    2,
                                    1,
                                    0
                                  ],
                             "3": [
                                    0,
                                    13,
                                    17,
                                    18,
                                    19,
                                    15,
                                    16,
                                    14,
                                    12,
                                    4,
                                    0
                                  ],
                             "1": [
                                    0,
                                    20,
                                    24,
                                    25,
                                    22,
                                    23,
                                    21,
                                    0
                                  ]
                          },
          "obj_function": 186.05999999999986,
             "total_com": 12838.999999999975,
           "num_vehicle": 3,
           "solver_name": "Gurobi",
                   "tex": "vehicle 1: [0, 20, 24, 25, 22, 23, 21, 0]\nvehicle 2: [0, 5, 3, 7, 8, 10, 11, 9, 6, 2, 1, 0]\nvehicle 3: [0, 13, 17, 18, 19, 15, 16, 14, 12, 4, 0]\n"
}