{
   "max_completion_time": {
                             "2": 2977.000000000001,
                             "1": 2982.5999999999935
                          },
                  "name": "C202-25",
            "solve_time": 0.7300488948822021,
          "relative_gap": 0,
                 "route": {
                             "2": [
                                    0,
                                    4,
                                    3,
                                    7,
                                    1,
                                    2,
                                    5,
                                    8,
                                    0
                                  ],
                             "1": [
                                    0,
                                    20,
                                    22,
                                    24,
                                    6,
                                    23,
                                    18,
                                    19,
                                    16,
                                    14,
                                    12,
                                    15,
                                    17,
                                    13,
                                    25,
                                    9,
                                    11,
                                    10,
                                    21,
                                    0
                                  ]
                          },
          "obj_function": 198.6499999999993,
             "total_com": 46661.99999999997,
           "num_vehicle": 2,
           "solver_name": "Gurobi",
                   "tex": "vehicle 1: [0, 20, 22, 24, 6, 23, 18, 19, 16, 14, 12, 15, 17, 13, 25, 9, 11, 10, 21, 0]\nvehicle 2: [0, 4, 3, 7, 1, 2, 5, 8, 0]\n"
}