{
   "max_completion_time": {
                             "2": 2993,
                             "1": 2991.9999999999827
                          },
                  "name": "C205-25",
            "solve_time": 0.790910005569458,
          "relative_gap": 0,
                 "route": {
                             "2": [
                                    0,
                                    5,
                                    2,
                                    1,
                                    7,
                                    3,
                                    4,
                                    21,
                                    0
                                  ],
                             "1": [
                                    0,
                                    20,
                                    22,
                                    24,
                                    6,
                                    23,
                                    18,
                                    19,
                                    16,
                                    14,
                                    12,
                                    15,
                                    13,
                                    17,
                                    25,
                                    9,
                                    11,
                                    10,
                                    8,
                                    0
                                  ]
                          },
          "obj_function": 204.85000000000002,
             "total_com": 40776.79999999996,
           "num_vehicle": 2,
           "solver_name": "Gurobi",
                   "tex": "vehicle 1: [0, 20, 22, 24, 6, 23, 18, 19, 16, 14, 12, 15, 13, 17, 25, 9, 11, 10, 8, 0]\nvehicle 2: [0, 5, 2, 1, 7, 3, 4, 21, 0]\n"
}