{
   "max_completion_time": {
                             "2": 2706.9999999999973,
                             "1": 2721.899999999981
                          },
                  "name": "C207-25",
            "solve_time": 7.510459899902344,
          "relative_gap": 0,
                 "route": {
                             "2": [
                                    0,
                                    5,
                                    2,
                                    1,
                                    7,
                                    3,
                                    4,
                                    11,
                                    10,
                                    8,
                                    0
                                  ],
                             "1": [
                                    0,
                                    20,
                                    22,
                                    24,
                                    6,
                                    23,
                                    18,
                                    19,
                                    15,
                                    12,
                                    14,
                                    16,
                                    17,
                                    13,
                                    9,
                                    25,
                                    21,
                                    0
                                  ]
                          },
          "obj_function": 206.32999999999808,
             "total_com": 38765.899999999936,
           "num_vehicle": 2,
           "solver_name": "Gurobi",
                   "tex": "vehicle 1: [0, 20, 22, 24, 6, 23, 18, 19, 15, 12, 14, 16, 17, 13, 9, 25, 21, 0]\nvehicle 2: [0, 5, 2, 1, 7, 3, 4, 11, 10, 8, 0]\n"
}