{
   "max_completion_time": {
                             "5": 167,
                             "4": 163,
                             "6": 182,
                             "7": 158.09999999999854,
                             "2": 169,
                             "3": 162.70000000000073,
                             "1": 162.40000000000146
                          },
                  "name": "R102-25",
            "solve_time": 135.75291204452515,
          "relative_gap": 0,
                 "route": {
                             "5": [
                                    0,
                                    14,
                                    16,
                                    17,
                                    0
                                  ],
                             "4": [
                                    0,
                                    21,
                                    23,
                                    24,
                                    0
                                  ],
                             "6": [
                                    0,
                                    15,
                                    22,
                                    4,
                                    25,
                                    0
                                  ],
                             "7": [
                                    0,
                                    11,
                                    19,
                                    10,
                                    7,
                                    0
                                  ],
                             "2": [
                                    0,
                                    18,
                                    6,
                                    13,
                                    0
                                  ],
                             "3": [
                                    0,
                                    8,
                                    5,
                                    2,
                                    0
                                  ],
                             "1": [
                                    0,
                                    12,
                                    3,
                                    9,
                                    20,
                                    1,
                                    0
                                  ]
                          },
          "obj_function": 546.5900000000001,
             "total_com": 2784.2999999999993,
           "num_vehicle": 7,
           "solver_name": "Gurobi",
                   "tex": "vehicle 1: [0, 12, 3, 9, 20, 1, 0]\nvehicle 2: [0, 18, 6, 13, 0]\nvehicle 3: [0, 8, 5, 2, 0]\nvehicle 4: [0, 21, 23, 24, 0]\nvehicle 5: [0, 14, 16, 17, 0]\nvehicle 6: [0, 15, 22, 4, 25, 0]\nvehicle 7: [0, 11, 19, 10, 7, 0]\n"
}