{
   "max_completion_time": {
                             "5": 159.49999999999972,
                             "4": 182,
                             "2": 181.0999999999985,
                             "3": 169,
                             "1": 186.9999999999996
                          },
                  "name": "R103-25",
            "solve_time": 1800.0180780887604,
          "relative_gap": 0.026030358255718616,
                 "route": {
                             "5": [
                                    0,
                                    7,
                                    19,
                                    11,
                                    10,
                                    1,
                                    0
                                  ],
                             "4": [
                                    0,
                                    2,
                                    21,
                                    23,
                                    22,
                                    4,
                                    25,
                                    0
                                  ],
                             "2": [
                                    0,
                                    20,
                                    9,
                                    3,
                                    24,
                                    12,
                                    0
                                  ],
                             "3": [
                                    0,
                                    16,
                                    14,
                                    15,
                                    6,
                                    13,
                                    0
                                  ],
                             "1": [
                                    0,
                                    18,
                                    8,
                                    17,
                                    5,
                                    0
                                  ]
                          },
          "obj_function": 434.97999999999985,
             "total_com": 2549.099999999995,
           "num_vehicle": 5,
           "solver_name": "Gurobi",
                   "tex": "vehicle 1: [0, 18, 8, 17, 5, 0]\nvehicle 2: [0, 20, 9, 3, 24, 12, 0]\nvehicle 3: [0, 16, 14, 15, 6, 13, 0]\nvehicle 4: [0, 2, 21, 23, 22, 4, 25, 0]\nvehicle 5: [0, 7, 19, 11, 10, 1, 0]\n"
}