{
   "max_completion_time": {
                             "4": 169,
                             "2": 175,
                             "3": 179.39999999999782,
                             "1": 182
                          },
                  "name": "R104-25",
            "solve_time": 887.6159539222717,
          "relative_gap": 0,
                 "route": {
                             "4": [
                                    0,
                                    16,
                                    14,
                                    15,
                                    2,
                                    13,
                                    0
                                  ],
                             "2": [
                                    0,
                                    18,
                                    7,
                                    19,
                                    11,
                                    8,
                                    17,
                                    5,
                                    6,
                                    0
                                  ],
                             "3": [
                                    0,
                                    12,
                                    24,
                                    3,
                                    9,
                                    20,
                                    10,
                                    1,
                                    0
                                  ],
                             "1": [
                                    0,
                                    21,
                                    22,
                                    23,
                                    4,
                                    25,
                                    0
                                  ]
                          },
          "obj_function": 379.4599999999998,
             "total_com": 2331.7999999999884,
           "num_vehicle": 4,
           "solver_name": "Gurobi",
                   "tex": "vehicle 1: [0, 21, 22, 23, 4, 25, 0]\nvehicle 2: [0, 18, 7, 19, 11, 8, 17, 5, 6, 0]\nvehicle 3: [0, 12, 24, 3, 9, 20, 10, 1, 0]\nvehicle 4: [0, 16, 14, 15, 2, 13, 0]\n"
}