{
   "max_completion_time": {
                             "4": 177,
                             "2": 177.09999999999854,
                             "3": 171.49999999999636,
                             "1": 178.40000000000146
                          },
                  "name": "R107-25",
            "solve_time": 146.9281120300293,
          "relative_gap": 0,
                 "route": {
                             "4": [
                                    0,
                                    18,
                                    7,
                                    11,
                                    19,
                                    8,
                                    17,
                                    5,
                                    0
                                  ],
                             "2": [
                                    0,
                                    16,
                                    14,
                                    15,
                                    23,
                                    22,
                                    21,
                                    4,
                                    25,
                                    0
                                  ],
                             "3": [
                                    0,
                                    12,
                                    24,
                                    3,
                                    9,
                                    20,
                                    10,
                                    1,
                                    0
                                  ],
                             "1": [
                                    0,
                                    6,
                                    13,
                                    2,
                                    0
                                  ]
                          },
          "obj_function": 387.10000000000144,
             "total_com": 2588.499999999978,
           "num_vehicle": 4,
           "solver_name": "Gurobi",
                   "tex": "vehicle 1: [0, 6, 13, 2, 0]\nvehicle 2: [0, 16, 14, 15, 23, 22, 21, 4, 25, 0]\nvehicle 3: [0, 12, 24, 3, 9, 20, 10, 1, 0]\nvehicle 4: [0, 18, 7, 11, 19, 8, 17, 5, 0]\n"
}