{
   "max_completion_time": {
                             "4": 171.09999947509294,
                             "2": 169.50000000000003,
                             "3": 169.00000052490543,
                             "1": 169.00000052490543
                          },
                  "name": "R108-25",
            "solve_time": 1800.0171070098877,
          "relative_gap": 0.011128510162476853,
                 "route": {
                             "4": [
                                    0,
                                    1,
                                    20,
                                    9,
                                    3,
                                    24,
                                    12,
                                    0
                                  ],
                             "2": [
                                    0,
                                    7,
                                    10,
                                    11,
                                    19,
                                    8,
                                    18,
                                    13,
                                    0
                                  ],
                             "3": [
                                    0,
                                    21,
                                    22,
                                    23,
                                    4,
                                    25,
                                    0
                                  ],
                             "1": [
                                    0,
                                    2,
                                    15,
                                    14,
                                    16,
                                    17,
                                    5,
                                    6,
                                    0
                                  ]
                          },
          "obj_function": 369.7699996325656,
             "total_com": 2464.8000010497894,
           "num_vehicle": 4,
           "solver_name": "Gurobi",
                   "tex": "vehicle 1: [0, 2, 15, 14, 16, 17, 5, 6, 0]\nvehicle 2: [0, 7, 10, 11, 19, 8, 18, 13, 0]\nvehicle 3: [0, 21, 22, 23, 4, 25, 0]\nvehicle 4: [0, 1, 20, 9, 3, 24, 12, 0]\n"
}