{
   "max_completion_time": {
                             "5": 178,
                             "4": 146.89999999999782,
                             "2": 147.90000000000143,
                             "3": 155.6999999999971,
                             "1": 154.0999999999985
                          },
                  "name": "R109-25",
            "solve_time": 18.77089285850525,
          "relative_gap": 0,
                 "route": {
                             "5": [
                                    0,
                                    21,
                                    22,
                                    23,
                                    4,
                                    25,
                                    24,
                                    0
                                  ],
                             "4": [
                                    0,
                                    2,
                                    15,
                                    14,
                                    16,
                                    6,
                                    13,
                                    0
                                  ],
                             "2": [
                                    0,
                                    18,
                                    5,
                                    8,
                                    17,
                                    0
                                  ],
                             "3": [
                                    0,
                                    7,
                                    19,
                                    11,
                                    10,
                                    1,
                                    0
                                  ],
                             "1": [
                                    0,
                                    12,
                                    3,
                                    9,
                                    20,
                                    0
                                  ]
                          },
          "obj_function": 421.7900000000001,
             "total_com": 2702.799999999981,
           "num_vehicle": 5,
           "solver_name": "Gurobi",
                   "tex": "vehicle 1: [0, 12, 3, 9, 20, 0]\nvehicle 2: [0, 18, 5, 8, 17, 0]\nvehicle 3: [0, 7, 19, 11, 10, 1, 0]\nvehicle 4: [0, 2, 15, 14, 16, 6, 13, 0]\nvehicle 5: [0, 21, 22, 23, 4, 25, 24, 0]\n"
}