{
   "max_completion_time": {
                             "4": 185.70000000000073,
                             "2": 182.79999999999498,
                             "3": 187.39999999999682,
                             "1": 178.30000000000294
                          },
                  "name": "R110-25",
            "solve_time": 1800.00883102417,
          "relative_gap": 0.0756785277254981,
                 "route": {
                             "4": [
                                    0,
                                    2,
                                    21,
                                    12,
                                    9,
                                    3,
                                    24,
                                    25,
                                    0
                                  ],
                             "2": [
                                    0,
                                    5,
                                    16,
                                    14,
                                    15,
                                    22,
                                    23,
                                    4,
                                    0
                                  ],
                             "3": [
                                    0,
                                    7,
                                    19,
                                    11,
                                    10,
                                    20,
                                    1,
                                    0
                                  ],
                             "1": [
                                    0,
                                    18,
                                    8,
                                    17,
                                    6,
                                    13,
                                    0
                                  ]
                          },
          "obj_function": 406.8499999999986,
             "total_com": 2954.5999999999904,
           "num_vehicle": 4,
           "solver_name": "Gurobi",
                   "tex": "vehicle 1: [0, 18, 8, 17, 6, 13, 0]\nvehicle 2: [0, 5, 16, 14, 15, 22, 23, 4, 0]\nvehicle 3: [0, 7, 19, 11, 10, 20, 1, 0]\nvehicle 4: [0, 2, 21, 12, 9, 3, 24, 25, 0]\n"
}