{
   "max_completion_time": {
                             "5": 170.39999999999782,
                             "4": 132.10000000000218,
                             "2": 154,
                             "3": 193,
                             "1": 157
                          },
                  "name": "R111-25",
            "solve_time": 1117.1098589897156,
          "relative_gap": 0,
                 "route": {
                             "5": [
                                    0,
                                    12,
                                    3,
                                    9,
                                    20,
                                    10,
                                    1,
                                    0
                                  ],
                             "4": [
                                    0,
                                    7,
                                    11,
                                    19,
                                    8,
                                    18,
                                    0
                                  ],
                             "2": [
                                    0,
                                    2,
                                    15,
                                    14,
                                    16,
                                    17,
                                    5,
                                    0
                                  ],
                             "3": [
                                    0,
                                    21,
                                    23,
                                    22,
                                    4,
                                    25,
                                    24,
                                    0
                                  ],
                             "1": [
                                    0,
                                    6,
                                    13,
                                    0
                                  ]
                          },
          "obj_function": 415.3599999999988,
             "total_com": 2553.1999999999935,
           "num_vehicle": 5,
           "solver_name": "Gurobi",
                   "tex": "vehicle 1: [0, 6, 13, 0]\nvehicle 2: [0, 2, 15, 14, 16, 17, 5, 0]\nvehicle 3: [0, 21, 23, 22, 4, 25, 24, 0]\nvehicle 4: [0, 7, 11, 19, 8, 18, 0]\nvehicle 5: [0, 12, 3, 9, 20, 10, 1, 0]\n"
}