{
   "max_completion_time": {
                             "4": 164.5,
                             "2": 158.99999999999636,
                             "3": 158.79999999999927,
                             "1": 164.59999999999823
                          },
                  "name": "R112-25",
            "solve_time": 1800.020936012268,
          "relative_gap": 0.023383111848894016,
                 "route": {
                             "4": [
                                    0,
                                    21,
                                    22,
                                    23,
                                    25,
                                    4,
                                    13,
                                    0
                                  ],
                             "2": [
                                    0,
                                    2,
                                    15,
                                    14,
                                    16,
                                    17,
                                    5,
                                    6,
                                    0
                                  ],
                             "3": [
                                    0,
                                    18,
                                    8,
                                    7,
                                    19,
                                    11,
                                    10,
                                    0
                                  ],
                             "1": [
                                    0,
                                    12,
                                    24,
                                    3,
                                    9,
                                    20,
                                    1,
                                    0
                                  ]
                          },
          "obj_function": 360.9400000000001,
             "total_com": 2498.699999999978,
           "num_vehicle": 4,
           "solver_name": "Gurobi",
                   "tex": "vehicle 1: [0, 12, 24, 3, 9, 20, 1, 0]\nvehicle 2: [0, 2, 15, 14, 16, 17, 5, 6, 0]\nvehicle 3: [0, 18, 8, 7, 19, 11, 10, 0]\nvehicle 4: [0, 21, 22, 23, 25, 4, 13, 0]\n"
}