{
   "max_completion_time": {
                             "4": 763,
                             "2": 700,
                             "3": 739,
                             "1": 827
                          },
                  "name": "R202-25",
            "solve_time": 1184.6825819015503,
          "relative_gap": 0,
                 "route": {
                             "4": [
                                    0,
                                    2,
                                    15,
                                    14,
                                    16,
                                    17,
                                    5,
                                    0
                                  ],
                             "2": [
                                    0,
                                    7,
                                    11,
                                    19,
                                    8,
                                    18,
                                    6,
                                    13,
                                    0
                                  ],
                             "3": [
                                    0,
                                    9,
                                    20,
                                    10,
                                    1,
                                    3,
                                    24,
                                    12,
                                    0
                                  ],
                             "1": [
                                    0,
                                    21,
                                    23,
                                    22,
                                    4,
                                    25,
                                    0
                                  ]
                          },
          "obj_function": 434.52000000000004,
             "total_com": 11281.8,
           "num_vehicle": 4,
           "solver_name": "Gurobi",
                   "tex": "vehicle 1: [0, 21, 23, 22, 4, 25, 0]\nvehicle 2: [0, 7, 11, 19, 8, 18, 6, 13, 0]\nvehicle 3: [0, 9, 20, 10, 1, 3, 24, 12, 0]\nvehicle 4: [0, 2, 15, 14, 16, 17, 5, 0]\n"
}