{
   "max_completion_time": {
                             "2": 827,
                             "3": 699.9999999999999,
                             "1": 815.1999999999973
                          },
                  "name": "R203-25",
            "solve_time": 1800.007971048355,
          "relative_gap": 0.1236565372196797,
                 "route": {
                             "2": [
                                    0,
                                    2,
                                    15,
                                    23,
                                    22,
                                    21,
                                    12,
                                    9,
                                    20,
                                    10,
                                    1,
                                    3,
                                    24,
                                    4,
                                    25,
                                    0
                                  ],
                             "3": [
                                    0,
                                    6,
                                    13,
                                    0
                                  ],
                             "1": [
                                    0,
                                    18,
                                    7,
                                    11,
                                    19,
                                    8,
                                    17,
                                    16,
                                    14,
                                    5,
                                    0
                                  ]
                          },
          "obj_function": 405.3799999999999,
             "total_com": 11926.499999999982,
           "num_vehicle": 3,
           "solver_name": "Gurobi",
                   "tex": "vehicle 1: [0, 18, 7, 11, 19, 8, 17, 16, 14, 5, 0]\nvehicle 2: [0, 2, 15, 23, 22, 21, 12, 9, 20, 10, 1, 3, 24, 4, 25, 0]\nvehicle 3: [0, 6, 13, 0]\n"
}