{
   "max_completion_time": {
                             "2": 747.8000000000029,
                             "1": 858.2000000000007
                          },
                  "name": "R204-25",
            "solve_time": 827.9844009876251,
          "relative_gap": 0,
                 "route": {
                             "2": [
                                    0,
                                    6,
                                    5,
                                    17,
                                    16,
                                    14,
                                    15,
                                    22,
                                    23,
                                    4,
                                    21,
                                    2,
                                    13,
                                    0
                                  ],
                             "1": [
                                    0,
                                    1,
                                    10,
                                    11,
                                    19,
                                    7,
                                    8,
                                    18,
                                    20,
                                    9,
                                    3,
                                    24,
                                    25,
                                    12,
                                    0
                                  ]
                          },
          "obj_function": 336.02999999999986,
             "total_com": 9177.499999999989,
           "num_vehicle": 2,
           "solver_name": "Gurobi",
                   "tex": "vehicle 1: [0, 1, 10, 11, 19, 7, 8, 18, 20, 9, 3, 24, 25, 12, 0]\nvehicle 2: [0, 6, 5, 17, 16, 14, 15, 22, 23, 4, 21, 2, 13, 0]\n"
}