{
   "max_completion_time": {
                             "2": 751,
                             "3": 727.4000000000015,
                             "1": 668
                          },
                  "name": "R205-25",
            "solve_time": 16.435219049453735,
          "relative_gap": 0,
                 "route": {
                             "2": [
                                    0,
                                    12,
                                    21,
                                    22,
                                    23,
                                    4,
                                    25,
                                    24,
                                    0
                                  ],
                             "3": [
                                    0,
                                    6,
                                    17,
                                    13,
                                    0
                                  ],
                             "1": [
                                    0,
                                    2,
                                    15,
                                    14,
                                    16,
                                    5,
                                    18,
                                    8,
                                    7,
                                    19,
                                    11,
                                    10,
                                    20,
                                    9,
                                    3,
                                    1,
                                    0
                                  ]
                          },
          "obj_function": 370.30000000000007,
             "total_com": 10344.599999999991,
           "num_vehicle": 3,
           "solver_name": "Gurobi",
                   "tex": "vehicle 1: [0, 2, 15, 14, 16, 5, 18, 8, 7, 19, 11, 10, 20, 9, 3, 1, 0]\nvehicle 2: [0, 12, 21, 22, 23, 4, 25, 24, 0]\nvehicle 3: [0, 6, 17, 13, 0]\n"
}