{
   "max_completion_time": {
                             "2": 649,
                             "3": 771.7999999999986,
                             "1": 712
                          },
                  "name": "R207-25",
            "solve_time": 1800.0109839439392,
          "relative_gap": 0.0356932418895473,
                 "route": {
                             "2": [
                                    0,
                                    6,
                                    13,
                                    0
                                  ],
                             "3": [
                                    0,
                                    18,
                                    8,
                                    7,
                                    19,
                                    11,
                                    10,
                                    1,
                                    20,
                                    9,
                                    3,
                                    24,
                                    25,
                                    4,
                                    12,
                                    0
                                  ],
                             "1": [
                                    0,
                                    2,
                                    21,
                                    23,
                                    22,
                                    15,
                                    14,
                                    16,
                                    17,
                                    5,
                                    0
                                  ]
                          },
          "obj_function": 354.4999999999998,
             "total_com": 11226.4,
           "num_vehicle": 3,
           "solver_name": "Gurobi",
                   "tex": "vehicle 1: [0, 2, 21, 23, 22, 15, 14, 16, 17, 5, 0]\nvehicle 2: [0, 6, 13, 0]\nvehicle 3: [0, 18, 8, 7, 19, 11, 10, 1, 20, 9, 3, 24, 25, 4, 12, 0]\n"
}