{
   "max_completion_time": {
                             "2": 861,
                             "3": 704,
                             "1": 703
                          },
                  "name": "R210-25",
            "solve_time": 344.45895504951477,
          "relative_gap": 0,
                 "route": {
                             "2": [
                                    0,
                                    16,
                                    14,
                                    15,
                                    2,
                                    21,
                                    23,
                                    22,
                                    4,
                                    25,
                                    24,
                                    0
                                  ],
                             "3": [
                                    0,
                                    12,
                                    3,
                                    9,
                                    20,
                                    10,
                                    18,
                                    6,
                                    13,
                                    0
                                  ],
                             "1": [
                                    0,
                                    1,
                                    11,
                                    19,
                                    7,
                                    8,
                                    17,
                                    5,
                                    0
                                  ]
                          },
          "obj_function": 403.75000000000006,
             "total_com": 10151.900000000001,
           "num_vehicle": 3,
           "solver_name": "Gurobi",
                   "tex": "vehicle 1: [0, 1, 11, 19, 7, 8, 17, 5, 0]\nvehicle 2: [0, 16, 14, 15, 2, 21, 23, 22, 4, 25, 24, 0]\nvehicle 3: [0, 12, 3, 9, 20, 10, 18, 6, 13, 0]\n"
}