{
   "max_completion_time": {
                             "2": 638.8999999999978,
                             "1": 628.5999999999985
                          },
                  "name": "R211-25",
            "solve_time": 132.8121840953827,
          "relative_gap": 0,
                 "route": {
                             "2": [
                                    0,
                                    18,
                                    7,
                                    10,
                                    11,
                                    19,
                                    8,
                                    17,
                                    16,
                                    14,
                                    5,
                                    6,
                                    13,
                                    0
                                  ],
                             "1": [
                                    0,
                                    12,
                                    21,
                                    2,
                                    15,
                                    22,
                                    23,
                                    4,
                                    25,
                                    24,
                                    3,
                                    9,
                                    20,
                                    1,
                                    0
                                  ]
                          },
          "obj_function": 318.55,
             "total_com": 10706.39999999998,
           "num_vehicle": 2,
           "solver_name": "Gurobi",
                   "tex": "vehicle 1: [0, 12, 21, 2, 15, 22, 23, 4, 25, 24, 3, 9, 20, 1, 0]\nvehicle 2: [0, 18, 7, 10, 11, 19, 8, 17, 16, 14, 5, 6, 13, 0]\n"
}