{
   "max_completion_time": {
                             "4": 158,
                             "2": 164,
                             "3": 178.5999999999949,
                             "1": 177.99999999999636
                          },
                  "name": "RC101-25",
            "solve_time": 7.23909592628479,
          "relative_gap": 0,
                 "route": {
                             "4": [
                                    0,
                                    11,
                                    22,
                                    20,
                                    24,
                                    0
                                  ],
                             "2": [
                                    0,
                                    23,
                                    21,
                                    19,
                                    18,
                                    25,
                                    0
                                  ],
                             "3": [
                                    0,
                                    2,
                                    5,
                                    7,
                                    6,
                                    8,
                                    3,
                                    1,
                                    4,
                                    0
                                  ],
                             "1": [
                                    0,
                                    14,
                                    12,
                                    15,
                                    16,
                                    9,
                                    10,
                                    13,
                                    17,
                                    0
                                  ]
                          },
          "obj_function": 425.98999999999813,
             "total_com": 2913.399999999958,
           "num_vehicle": 4,
           "solver_name": "Gurobi",
                   "tex": "vehicle 1: [0, 14, 12, 15, 16, 9, 10, 13, 17, 0]\nvehicle 2: [0, 23, 21, 19, 18, 25, 0]\nvehicle 3: [0, 2, 5, 7, 6, 8, 3, 1, 4, 0]\nvehicle 4: [0, 11, 22, 20, 24, 0]\n"
}