{
   "max_completion_time": {
                             "2": 184.40000000000146,
                             "3": 169,
                             "1": 175.29999999999927
                          },
                  "name": "RC104-25",
            "solve_time": 50.01717495918274,
          "relative_gap": 0,
                 "route": {
                             "2": [
                                    0,
                                    22,
                                    20,
                                    19,
                                    18,
                                    21,
                                    23,
                                    25,
                                    24,
                                    0
                                  ],
                             "3": [
                                    0,
                                    12,
                                    14,
                                    17,
                                    16,
                                    15,
                                    11,
                                    9,
                                    13,
                                    10,
                                    0
                                  ],
                             "1": [
                                    0,
                                    6,
                                    7,
                                    8,
                                    5,
                                    3,
                                    1,
                                    4,
                                    2,
                                    0
                                  ]
                          },
          "obj_function": 273.35000000000036,
             "total_com": 2239.199999999997,
           "num_vehicle": 3,
           "solver_name": "Gurobi",
                   "tex": "vehicle 1: [0, 6, 7, 8, 5, 3, 1, 4, 2, 0]\nvehicle 2: [0, 22, 20, 19, 18, 21, 23, 25, 24, 0]\nvehicle 3: [0, 12, 14, 17, 16, 15, 11, 9, 13, 10, 0]\n"
}