{
   "max_completion_time": {
                             "2": 164.29999999999927,
                             "3": 169.5,
                             "1": 170.5
                          },
                  "name": "RC106-25",
            "solve_time": 13.262995958328247,
          "relative_gap": 0,
                 "route": {
                             "2": [
                                    0,
                                    2,
                                    5,
                                    8,
                                    7,
                                    6,
                                    4,
                                    3,
                                    1,
                                    0
                                  ],
                             "3": [
                                    0,
                                    14,
                                    12,
                                    16,
                                    15,
                                    11,
                                    10,
                                    9,
                                    13,
                                    17,
                                    0
                                  ],
                             "1": [
                                    0,
                                    23,
                                    21,
                                    18,
                                    19,
                                    20,
                                    22,
                                    25,
                                    24,
                                    0
                                  ]
                          },
          "obj_function": 313.0000000000002,
             "total_com": 2697.800000000003,
           "num_vehicle": 3,
           "solver_name": "Gurobi",
                   "tex": "vehicle 1: [0, 23, 21, 18, 19, 20, 22, 25, 24, 0]\nvehicle 2: [0, 2, 5, 8, 7, 6, 4, 3, 1, 0]\nvehicle 3: [0, 14, 12, 16, 15, 11, 10, 9, 13, 17, 0]\n"
}