{
   "max_completion_time": {
                             "2": 163,
                             "3": 155.39999999999782,
                             "1": 153
                          },
                  "name": "RC108-25",
            "solve_time": 84.70454812049866,
          "relative_gap": 0,
                 "route": {
                             "2": [
                                    0,
                                    24,
                                    25,
                                    23,
                                    21,
                                    18,
                                    19,
                                    22,
                                    20,
                                    0
                                  ],
                             "3": [
                                    0,
                                    12,
                                    14,
                                    17,
                                    16,
                                    15,
                                    13,
                                    9,
                                    11,
                                    10,
                                    0
                                  ],
                             "1": [
                                    0,
                                    2,
                                    6,
                                    7,
                                    8,
                                    4,
                                    5,
                                    3,
                                    1,
                                    0
                                  ]
                          },
          "obj_function": 267.32000000000005,
             "total_com": 2628.7999999999956,
           "num_vehicle": 3,
           "solver_name": "Gurobi",
                   "tex": "vehicle 1: [0, 2, 6, 7, 8, 4, 5, 3, 1, 0]\nvehicle 2: [0, 24, 25, 23, 21, 18, 19, 22, 20, 0]\nvehicle 3: [0, 12, 14, 17, 16, 15, 13, 9, 11, 10, 0]\n"
}