{
   "max_completion_time": {
                             "2": 172.09999999999854,
                             "3": 169,
                             "1": 163.29999999999927
                          },
                  "name": "RC107-25",
            "solve_time": 48.841161012649536,
          "relative_gap": 0,
                 "route": {
                             "2": [
                                    0,
                                    12,
                                    14,
                                    17,
                                    16,
                                    15,
                                    13,
                                    9,
                                    11,
                                    10,
                                    0
                                  ],
                             "3": [
                                    0,
                                    22,
                                    19,
                                    18,
                                    21,
                                    23,
                                    25,
                                    24,
                                    20,
                                    0
                                  ],
                             "1": [
                                    0,
                                    2,
                                    6,
                                    7,
                                    8,
                                    5,
                                    1,
                                    3,
                                    4,
                                    0
                                  ]
                          },
          "obj_function": 271.8499999999999,
             "total_com": 2808.7999999999884,
           "num_vehicle": 3,
           "solver_name": "Gurobi",
                   "tex": "vehicle 1: [0, 2, 6, 7, 8, 5, 1, 3, 4, 0]\nvehicle 2: [0, 12, 14, 17, 16, 15, 13, 9, 11, 10, 0]\nvehicle 3: [0, 22, 19, 18, 21, 23, 25, 24, 20, 0]\n"
}