{
   "max_completion_time": {
                             "2": 794,
                             "3": 723.0000000000049,
                             "1": 714.399999999993
                          },
                  "name": "RC204-25",
            "solve_time": 1800.0110421180725,
          "relative_gap": 0.06709556010284336,
                 "route": {
                             "2": [
                                    0,
                                    24,
                                    22,
                                    20,
                                    19,
                                    18,
                                    21,
                                    23,
                                    25,
                                    0
                                  ],
                             "3": [
                                    0,
                                    10,
                                    11,
                                    15,
                                    9,
                                    13,
                                    16,
                                    17,
                                    14,
                                    12,
                                    0
                                  ],
                             "1": [
                                    0,
                                    6,
                                    7,
                                    8,
                                    4,
                                    5,
                                    3,
                                    1,
                                    2,
                                    0
                                  ]
                          },
          "obj_function": 292.4900000000012,
             "total_com": 9614.599999999975,
           "num_vehicle": 3,
           "solver_name": "Gurobi",
                   "tex": "vehicle 1: [0, 6, 7, 8, 4, 5, 3, 1, 2, 0]\nvehicle 2: [0, 24, 22, 20, 19, 18, 21, 23, 25, 0]\nvehicle 3: [0, 10, 11, 15, 9, 13, 16, 17, 14, 12, 0]\n"
}