{
   "max_completion_time": {
                             "2": 502.70000000000067,
                             "1": 633.0999999999872
                          },
                  "name": "RC208-25",
            "solve_time": 1800.0179018974304,
          "relative_gap": 0.16178510387562486,
                 "route": {
                             "2": [
                                    0,
                                    20,
                                    19,
                                    18,
                                    21,
                                    23,
                                    25,
                                    24,
                                    22,
                                    0
                                  ],
                             "1": [
                                    0,
                                    12,
                                    14,
                                    17,
                                    16,
                                    15,
                                    13,
                                    9,
                                    11,
                                    10,
                                    2,
                                    6,
                                    7,
                                    8,
                                    4,
                                    5,
                                    3,
                                    1,
                                    0
                                  ]
                          },
          "obj_function": 255.22999999999865,
             "total_com": 11550.199999999903,
           "num_vehicle": 2,
           "solver_name": "Gurobi",
                   "tex": "vehicle 1: [0, 12, 14, 17, 16, 15, 13, 9, 11, 10, 2, 6, 7, 8, 4, 5, 3, 1, 0]\nvehicle 2: [0, 20, 19, 18, 21, 23, 25, 24, 22, 0]\n"
}