{
   "max_completion_time": {
                             "2": 522.7999999999993,
                             "3": 617.9999999999999,
                             "1": 607.9999999999999
                          },
                  "name": "RC207-25",
            "solve_time": 1800.0118191242218,
          "relative_gap": 0.026197395106590648,
                 "route": {
                             "2": [
                                    0,
                                    12,
                                    14,
                                    17,
                                    16,
                                    15,
                                    10,
                                    11,
                                    13,
                                    9,
                                    0
                                  ],
                             "3": [
                                    0,
                                    2,
                                    6,
                                    7,
                                    8,
                                    5,
                                    3,
                                    1,
                                    4,
                                    0
                                  ],
                             "1": [
                                    0,
                                    25,
                                    23,
                                    21,
                                    18,
                                    19,
                                    20,
                                    22,
                                    24,
                                    0
                                  ]
                          },
          "obj_function": 291.64996456737987,
             "total_com": 10063.899809799997,
           "num_vehicle": 3,
           "solver_name": "Gurobi",
                   "tex": "vehicle 1: [0, 25, 23, 21, 18, 19, 20, 22, 24, 0]\nvehicle 2: [0, 12, 14, 17, 16, 15, 10, 11, 13, 9, 0]\nvehicle 3: [0, 2, 6, 7, 8, 5, 3, 1, 4, 0]\n"
}