{
   "max_completion_time": {
                             "2": 741,
                             "3": 794,
                             "1": 714.4000273917383
                          },
                  "name": "RC203-25",
            "solve_time": 1800.0068039894104,
          "relative_gap": 0.09396858876420384,
                 "route": {
                             "2": [
                                    0,
                                    11,
                                    15,
                                    9,
                                    10,
                                    13,
                                    16,
                                    17,
                                    14,
                                    12,
                                    0
                                  ],
                             "3": [
                                    0,
                                    20,
                                    19,
                                    18,
                                    21,
                                    23,
                                    22,
                                    24,
                                    25,
                                    0
                                  ],
                             "1": [
                                    0,
                                    6,
                                    7,
                                    8,
                                    4,
                                    5,
                                    3,
                                    1,
                                    2,
                                    0
                                  ]
                          },
          "obj_function": 312.64998704523856,
             "total_com": 11565.000011145265,
           "num_vehicle": 3,
           "solver_name": "Gurobi",
                   "tex": "vehicle 1: [0, 6, 7, 8, 4, 5, 3, 1, 2, 0]\nvehicle 2: [0, 11, 15, 9, 10, 13, 16, 17, 14, 12, 0]\nvehicle 3: [0, 20, 19, 18, 21, 23, 22, 24, 25, 0]\n"
}