{
   "max_completion_time": {
                             "2": 1004,
                             "3": 972.8999999999978,
                             "1": 1007
                          },
                  "name": "C101-25",
            "solve_time": 1.7459380626678467,
          "relative_gap": 0,
                 "route": {
                             "2": [
                                    0,
                                    13,
                                    17,
                                    18,
                                    23,
                                    21,
                                    0
                                  ],
                             "3": [
                                    0,
                                    20,
                                    24,
                                    25,
                                    8,
                                    10,
                                    11,
                                    9,
                                    6,
                                    4,
                                    22,
                                    0
                                  ],
                             "1": [
                                    0,
                                    5,
                                    3,
                                    7,
                                    19,
                                    15,
                                    16,
                                    14,
                                    12,
                                    2,
                                    1,
                                    0
                                  ]
                          },
          "obj_function": 88.14000000000394,
             "total_com": 13289.399999999972,
           "num_vehicle": 3,
           "solver_name": "Gurobi",
                   "tex": "vehicle 1: [0, 5, 3, 7, 19, 15, 16, 14, 12, 2, 1, 0]\nvehicle 2: [0, 13, 17, 18, 23, 21, 0]\nvehicle 3: [0, 20, 24, 25, 8, 10, 11, 9, 6, 4, 22, 0]\n"
}