{
   "max_completion_time": {
                             "2": 1007,
                             "3": 1006.6999999999971,
                             "1": 1007
                          },
                  "name": "C102-25",
            "solve_time": 8058.187865972519,
          "relative_gap": 9.920171357909647e-5,
                 "route": {
                             "2": [
                                    0,
                                    20,
                                    24,
                                    25,
                                    23,
                                    22,
                                    21,
                                    0
                                  ],
                             "3": [
                                    0,
                                    13,
                                    12,
                                    8,
                                    10,
                                    11,
                                    9,
                                    6,
                                    3,
                                    1,
                                    5,
                                    0
                                  ],
                             "1": [
                                    0,
                                    17,
                                    18,
                                    19,
                                    15,
                                    16,
                                    14,
                                    4,
                                    2,
                                    7,
                                    0
                                  ]
                          },
          "obj_function": 24.82000000000524,
             "total_com": 14381.499999999989,
           "num_vehicle": 3,
           "solver_name": "Gurobi",
                   "tex": "vehicle 1: [0, 17, 18, 19, 15, 16, 14, 4, 2, 7, 0]\nvehicle 2: [0, 20, 24, 25, 23, 22, 21, 0]\nvehicle 3: [0, 13, 12, 8, 10, 11, 9, 6, 3, 1, 5, 0]\n"
}