{
   "max_completion_time": {
                             "2": 1099.1999999999923,
                             "3": 1099.00000000185,
                             "1": 1099.0999999999947
                          },
                  "name": "C103-25",
            "solve_time": 3600.0294468402863,
          "relative_gap": 0.3468426048717408,
                 "route": {
                             "2": [
                                    0,
                                    5,
                                    7,
                                    8,
                                    10,
                                    18,
                                    6,
                                    4,
                                    2,
                                    3,
                                    1,
                                    0
                                  ],
                             "3": [
                                    0,
                                    25,
                                    23,
                                    22,
                                    21,
                                    20,
                                    0
                                  ],
                             "1": [
                                    0,
                                    13,
                                    17,
                                    19,
                                    15,
                                    11,
                                    9,
                                    16,
                                    14,
                                    12,
                                    24,
                                    0
                                  ]
                          },
          "obj_function": 28.98999999665372,
             "total_com": 16420.599999999966,
           "num_vehicle": 3,
           "solver_name": "Gurobi",
                   "tex": "vehicle 1: [0, 13, 17, 19, 15, 11, 9, 16, 14, 12, 24, 0]\nvehicle 2: [0, 5, 7, 8, 10, 18, 6, 4, 2, 3, 1, 0]\nvehicle 3: [0, 25, 23, 22, 21, 20, 0]\n"
}