{
   "max_completion_time": {
                             "2": 1007,
                             "3": 1007,
                             "1": 1007
                          },
                  "name": "C104-25",
            "solve_time": 3600.035070180893,
          "relative_gap": 0.31693059299191123,
                 "route": {
                             "2": [
                                    0,
                                    20,
                                    24,
                                    25,
                                    8,
                                    9,
                                    4,
                                    5,
                                    10,
                                    0
                                  ],
                             "3": [
                                    0,
                                    18,
                                    19,
                                    14,
                                    12,
                                    11,
                                    6,
                                    1,
                                    2,
                                    3,
                                    7,
                                    0
                                  ],
                             "1": [
                                    0,
                                    13,
                                    16,
                                    15,
                                    17,
                                    23,
                                    22,
                                    21,
                                    0
                                  ]
                          },
          "obj_function": 26.5,
             "total_com": 14143.999999999989,
           "num_vehicle": 3,
           "solver_name": "Gurobi",
                   "tex": "vehicle 1: [0, 13, 16, 15, 17, 23, 22, 21, 0]\nvehicle 2: [0, 20, 24, 25, 8, 9, 4, 5, 10, 0]\nvehicle 3: [0, 18, 19, 14, 12, 11, 6, 1, 2, 3, 7, 0]\n"
}