{
   "max_completion_time": {
                             "2": 997.9999999999999,
                             "3": 978.4000000000015,
                             "1": 1008
                          },
                  "name": "C106-25",
            "solve_time": 2.0014867782592773,
          "relative_gap": 0,
                 "route": {
                             "2": [
                                    0,
                                    5,
                                    3,
                                    7,
                                    8,
                                    10,
                                    11,
                                    9,
                                    2,
                                    1,
                                    0
                                  ],
                             "3": [
                                    0,
                                    13,
                                    17,
                                    18,
                                    19,
                                    16,
                                    14,
                                    6,
                                    4,
                                    22,
                                    0
                                  ],
                             "1": [
                                    0,
                                    20,
                                    24,
                                    25,
                                    15,
                                    12,
                                    23,
                                    21,
                                    0
                                  ]
                          },
          "obj_function": 79.84999999999742,
             "total_com": 13134.799999999992,
           "num_vehicle": 3,
           "solver_name": "Gurobi",
                   "tex": "vehicle 1: [0, 20, 24, 25, 15, 12, 23, 21, 0]\nvehicle 2: [0, 5, 3, 7, 8, 10, 11, 9, 2, 1, 0]\nvehicle 3: [0, 13, 17, 18, 19, 16, 14, 6, 4, 22, 0]\n"
}