{
   "max_completion_time": {
                             "2": 939,
                             "3": 939,
                             "1": 939.5999999999985
                          },
                  "name": "C108-25",
            "solve_time": 3600.017753124237,
          "relative_gap": 0.09399050923147427,
                 "route": {
                             "2": [
                                    0,
                                    13,
                                    17,
                                    19,
                                    15,
                                    16,
                                    12,
                                    14,
                                    6,
                                    1,
                                    0
                                  ],
                             "3": [
                                    0,
                                    20,
                                    24,
                                    25,
                                    18,
                                    23,
                                    22,
                                    21,
                                    0
                                  ],
                             "1": [
                                    0,
                                    5,
                                    3,
                                    7,
                                    8,
                                    10,
                                    11,
                                    9,
                                    2,
                                    4,
                                    0
                                  ]
                          },
          "obj_function": 25.71999999999738,
             "total_com": 12689.599999999977,
           "num_vehicle": 3,
           "solver_name": "Gurobi",
                   "tex": "vehicle 1: [0, 5, 3, 7, 8, 10, 11, 9, 2, 4, 0]\nvehicle 2: [0, 13, 17, 19, 15, 16, 12, 14, 6, 1, 0]\nvehicle 3: [0, 20, 24, 25, 18, 23, 22, 21, 0]\n"
}