{
   "max_completion_time": {
                             "2": 850.0000000000001,
                             "3": 850,
                             "1": 850.1000000000013
                          },
                  "name": "C109-25",
            "solve_time": 3600.703593969345,
          "relative_gap": 0.18523482327620597,
                 "route": {
                             "2": [
                                    0,
                                    13,
                                    17,
                                    15,
                                    16,
                                    14,
                                    12,
                                    2,
                                    1,
                                    0
                                  ],
                             "3": [
                                    0,
                                    20,
                                    24,
                                    25,
                                    18,
                                    19,
                                    23,
                                    22,
                                    21,
                                    0
                                  ],
                             "1": [
                                    0,
                                    7,
                                    3,
                                    5,
                                    8,
                                    10,
                                    11,
                                    9,
                                    6,
                                    4,
                                    0
                                  ]
                          },
          "obj_function": 24.390000000001677,
             "total_com": 11838.499999999985,
           "num_vehicle": 3,
           "solver_name": "Gurobi",
                   "tex": "vehicle 1: [0, 7, 3, 5, 8, 10, 11, 9, 6, 4, 0]\nvehicle 2: [0, 13, 17, 15, 16, 14, 12, 2, 1, 0]\nvehicle 3: [0, 20, 24, 25, 18, 19, 23, 22, 21, 0]\n"
}