{
   "max_completion_time": {
                             "2": 2977.999999999985,
                             "1": 2977
                          },
                  "name": "C202-25",
            "solve_time": 22.466252088546753,
          "relative_gap": 0,
                 "route": {
                             "2": [
                                    0,
                                    4,
                                    3,
                                    7,
                                    1,
                                    2,
                                    11,
                                    10,
                                    5,
                                    0
                                  ],
                             "1": [
                                    0,
                                    20,
                                    22,
                                    24,
                                    6,
                                    23,
                                    18,
                                    19,
                                    16,
                                    14,
                                    12,
                                    15,
                                    17,
                                    13,
                                    25,
                                    9,
                                    21,
                                    8,
                                    0
                                  ]
                          },
          "obj_function": 23.599999999980014,
             "total_com": 47621.09999999996,
           "num_vehicle": 2,
           "solver_name": "Gurobi",
                   "tex": "vehicle 1: [0, 20, 22, 24, 6, 23, 18, 19, 16, 14, 12, 15, 17, 13, 25, 9, 21, 8, 0]\nvehicle 2: [0, 4, 3, 7, 1, 2, 11, 10, 5, 0]\n"
}