{
   "max_completion_time": {
                             "2": 2977,
                             "1": 2977
                          },
                  "name": "C204-25",
            "solve_time": 1607.3220160007477,
          "relative_gap": 0,
                 "route": {
                             "2": [
                                    0,
                                    4,
                                    3,
                                    7,
                                    1,
                                    2,
                                    5,
                                    8,
                                    0
                                  ],
                             "1": [
                                    0,
                                    21,
                                    22,
                                    20,
                                    24,
                                    6,
                                    23,
                                    18,
                                    16,
                                    14,
                                    12,
                                    15,
                                    19,
                                    17,
                                    13,
                                    25,
                                    9,
                                    11,
                                    10,
                                    0
                                  ]
                          },
          "obj_function": 22.609999999999996,
             "total_com": 44743.49999999997,
           "num_vehicle": 2,
           "solver_name": "Gurobi",
                   "tex": "vehicle 1: [0, 21, 22, 20, 24, 6, 23, 18, 16, 14, 12, 15, 19, 17, 13, 25, 9, 11, 10, 0]\nvehicle 2: [0, 4, 3, 7, 1, 2, 5, 8, 0]\n"
}