{
   "max_completion_time": {
                             "2": 2838.5999999999985,
                             "1": 2838.799999999999
                          },
                  "name": "C206-25",
            "solve_time": 23.455620050430298,
          "relative_gap": 0,
                 "route": {
                             "2": [
                                    0,
                                    5,
                                    2,
                                    1,
                                    7,
                                    3,
                                    4,
                                    8,
                                    21,
                                    0
                                  ],
                             "1": [
                                    0,
                                    20,
                                    22,
                                    24,
                                    6,
                                    23,
                                    18,
                                    19,
                                    16,
                                    12,
                                    14,
                                    15,
                                    17,
                                    13,
                                    25,
                                    9,
                                    11,
                                    10,
                                    0
                                  ]
                          },
          "obj_function": 22.950000000000244,
             "total_com": 39761.39999999998,
           "num_vehicle": 2,
           "solver_name": "Gurobi",
                   "tex": "vehicle 1: [0, 20, 22, 24, 6, 23, 18, 19, 16, 12, 14, 15, 17, 13, 25, 9, 11, 10, 0]\nvehicle 2: [0, 5, 2, 1, 7, 3, 4, 8, 21, 0]\n"
}