{
   "max_completion_time": {
                             "5": 162.99999999999991,
                             "4": 182,
                             "6": 142.79999999999924,
                             "7": 168.4,
                             "2": 169,
                             "8": 143.39999999999944,
                             "3": 167,
                             "1": 171
                          },
                  "name": "R101-25",
            "solve_time": 0.8903791904449463,
          "relative_gap": 0,
                 "route": {
                             "5": [
                                    0,
                                    23,
                                    3,
                                    4,
                                    0
                                  ],
                             "4": [
                                    0,
                                    2,
                                    21,
                                    22,
                                    25,
                                    0
                                  ],
                             "6": [
                                    0,
                                    14,
                                    15,
                                    20,
                                    0
                                  ],
                             "7": [
                                    0,
                                    18,
                                    6,
                                    24,
                                    0
                                  ],
                             "2": [
                                    0,
                                    5,
                                    16,
                                    13,
                                    0
                                  ],
                             "8": [
                                    0,
                                    12,
                                    9,
                                    10,
                                    0
                                  ],
                             "3": [
                                    0,
                                    7,
                                    8,
                                    17,
                                    0
                                  ],
                             "1": [
                                    0,
                                    11,
                                    19,
                                    1,
                                    0
                                  ]
                          },
          "obj_function": 466.0600000000065,
             "total_com": 2773.700000000001,
           "num_vehicle": 8,
           "solver_name": "Gurobi",
                   "tex": "vehicle 1: [0, 11, 19, 1, 0]\nvehicle 2: [0, 5, 16, 13, 0]\nvehicle 3: [0, 7, 8, 17, 0]\nvehicle 4: [0, 2, 21, 22, 25, 0]\nvehicle 5: [0, 23, 3, 4, 0]\nvehicle 6: [0, 14, 15, 20, 0]\nvehicle 7: [0, 18, 6, 24, 0]\nvehicle 8: [0, 12, 9, 10, 0]\n"
}