{
   "max_completion_time": {
                             "5": 181.9000007464591,
                             "4": 187.09999925359452,
                             "6": 188.40000000000128,
                             "7": 185.50000000000023,
                             "2": 184.000000744884,
                             "3": 186.99999999999963,
                             "1": 187
                          },
                  "name": "R102-25",
            "solve_time": 3600.024743080139,
          "relative_gap": 0.5561301010713608,
                 "route": {
                             "5": [
                                    0,
                                    15,
                                    20,
                                    7,
                                    0
                                  ],
                             "4": [
                                    0,
                                    23,
                                    22,
                                    24,
                                    3,
                                    0
                                  ],
                             "6": [
                                    0,
                                    18,
                                    13,
                                    2,
                                    0
                                  ],
                             "7": [
                                    0,
                                    8,
                                    4,
                                    25,
                                    0
                                  ],
                             "2": [
                                    0,
                                    9,
                                    10,
                                    12,
                                    0
                                  ],
                             "3": [
                                    0,
                                    11,
                                    19,
                                    17,
                                    5,
                                    0
                                  ],
                             "1": [
                                    0,
                                    14,
                                    16,
                                    6,
                                    1,
                                    21,
                                    0
                                  ]
                          },
          "obj_function": 126.87998327643872,
             "total_com": 3373.9999999999964,
           "num_vehicle": 7,
           "solver_name": "Gurobi",
                   "tex": "vehicle 1: [0, 14, 16, 6, 1, 21, 0]\nvehicle 2: [0, 9, 10, 12, 0]\nvehicle 3: [0, 11, 19, 17, 5, 0]\nvehicle 4: [0, 23, 22, 24, 3, 0]\nvehicle 5: [0, 15, 20, 7, 0]\nvehicle 6: [0, 18, 13, 2, 0]\nvehicle 7: [0, 8, 4, 25, 0]\n"
}