{
   "max_completion_time": {
                             "5": 186.09999999999854,
                             "4": 186.99999999999974,
                             "2": 187.29999999999916,
                             "3": 187,
                             "1": 188.40000000000146
                          },
                  "name": "R103-25",
            "solve_time": 3600.0256810188293,
          "relative_gap": 0.23938195510148727,
                 "route": {
                             "5": [
                                    0,
                                    7,
                                    19,
                                    11,
                                    10,
                                    1,
                                    12,
                                    0
                                  ],
                             "4": [
                                    0,
                                    21,
                                    23,
                                    22,
                                    4,
                                    24,
                                    0
                                  ],
                             "2": [
                                    0,
                                    3,
                                    9,
                                    20,
                                    25,
                                    0
                                  ],
                             "3": [
                                    0,
                                    18,
                                    8,
                                    17,
                                    5,
                                    0
                                  ],
                             "1": [
                                    0,
                                    16,
                                    14,
                                    15,
                                    6,
                                    13,
                                    2,
                                    0
                                  ]
                          },
          "obj_function": 61.24998158401337,
             "total_com": 2674.6999999999935,
           "num_vehicle": 5,
           "solver_name": "Gurobi",
                   "tex": "vehicle 1: [0, 16, 14, 15, 6, 13, 2, 0]\nvehicle 2: [0, 3, 9, 20, 25, 0]\nvehicle 3: [0, 18, 8, 17, 5, 0]\nvehicle 4: [0, 21, 23, 22, 4, 24, 0]\nvehicle 5: [0, 7, 19, 11, 10, 1, 12, 0]\n"
}