{
   "max_completion_time": {
                             "4": 186,
                             "2": 186.0999999999987,
                             "3": 184.80000000000007,
                             "1": 185.1999999999974
                          },
                  "name": "R104-25",
            "solve_time": 3600.0197048187256,
          "relative_gap": 0.17460211930914027,
                 "route": {
                             "4": [
                                    0,
                                    2,
                                    15,
                                    14,
                                    13,
                                    6,
                                    0
                                  ],
                             "2": [
                                    0,
                                    1,
                                    7,
                                    10,
                                    20,
                                    9,
                                    3,
                                    24,
                                    25,
                                    0
                                  ],
                             "3": [
                                    0,
                                    21,
                                    22,
                                    23,
                                    4,
                                    12,
                                    0
                                  ],
                             "1": [
                                    0,
                                    18,
                                    19,
                                    11,
                                    8,
                                    16,
                                    17,
                                    5,
                                    0
                                  ]
                          },
          "obj_function": 50.02999999999815,
             "total_com": 2584.9999999999845,
           "num_vehicle": 4,
           "solver_name": "Gurobi",
                   "tex": "vehicle 1: [0, 18, 19, 11, 8, 16, 17, 5, 0]\nvehicle 2: [0, 1, 7, 10, 20, 9, 3, 24, 25, 0]\nvehicle 3: [0, 21, 22, 23, 4, 12, 0]\nvehicle 4: [0, 2, 15, 14, 13, 6, 0]\n"
}