{
   "max_completion_time": {
                             "5": 171.40000000000137,
                             "4": 172.29999999999927,
                             "6": 171.60000000000218,
                             "2": 172.09999999999854,
                             "3": 171.79999999999927,
                             "1": 172.09999999999854
                          },
                  "name": "R105-25",
            "solve_time": 196.78920006752014,
          "relative_gap": 0,
                 "route": {
                             "5": [
                                    0,
                                    14,
                                    16,
                                    3,
                                    4,
                                    0
                                  ],
                             "4": [
                                    0,
                                    12,
                                    21,
                                    6,
                                    25,
                                    0
                                  ],
                             "6": [
                                    0,
                                    2,
                                    8,
                                    18,
                                    24,
                                    0
                                  ],
                             "2": [
                                    0,
                                    7,
                                    19,
                                    10,
                                    13,
                                    0
                                  ],
                             "3": [
                                    0,
                                    15,
                                    23,
                                    22,
                                    17,
                                    0
                                  ],
                             "1": [
                                    0,
                                    5,
                                    11,
                                    9,
                                    20,
                                    1,
                                    0
                                  ]
                          },
          "obj_function": 83.74999999998,
             "total_com": 2787.8999999999905,
           "num_vehicle": 6,
           "solver_name": "Gurobi",
                   "tex": "vehicle 1: [0, 5, 11, 9, 20, 1, 0]\nvehicle 2: [0, 7, 19, 10, 13, 0]\nvehicle 3: [0, 15, 23, 22, 17, 0]\nvehicle 4: [0, 12, 21, 6, 25, 0]\nvehicle 5: [0, 14, 16, 3, 4, 0]\nvehicle 6: [0, 2, 8, 18, 24, 0]\n"
}