{
   "max_completion_time": {
                             "4": 178.4000000000015,
                             "2": 177.09999953698386,
                             "3": 178.29999999999492,
                             "1": 177
                          },
                  "name": "R107-25",
            "solve_time": 3600.0196108818054,
          "relative_gap": 0.13854882355053114,
                 "route": {
                             "4": [
                                    0,
                                    6,
                                    13,
                                    2,
                                    0
                                  ],
                             "2": [
                                    0,
                                    16,
                                    14,
                                    15,
                                    23,
                                    22,
                                    21,
                                    4,
                                    25,
                                    0
                                  ],
                             "3": [
                                    0,
                                    12,
                                    24,
                                    3,
                                    9,
                                    20,
                                    10,
                                    18,
                                    0
                                  ],
                             "1": [
                                    0,
                                    1,
                                    7,
                                    11,
                                    19,
                                    8,
                                    17,
                                    5,
                                    0
                                  ]
                          },
          "obj_function": 49.41999916657415,
             "total_com": 2563.29999953696,
           "num_vehicle": 4,
           "solver_name": "Gurobi",
                   "tex": "vehicle 1: [0, 1, 7, 11, 19, 8, 17, 5, 0]\nvehicle 2: [0, 16, 14, 15, 23, 22, 21, 4, 25, 0]\nvehicle 3: [0, 12, 24, 3, 9, 20, 10, 18, 0]\nvehicle 4: [0, 6, 13, 2, 0]\n"
}