{
   "max_completion_time": {
                             "4": 196.7999999999982,
                             "2": 199,
                             "3": 197.19999999999683,
                             "1": 195.99999999999915
                          },
                  "name": "R108-25",
            "solve_time": 3600.017748117447,
          "relative_gap": 0.25532664018696616,
                 "route": {
                             "4": [
                                    0,
                                    7,
                                    19,
                                    8,
                                    18,
                                    17,
                                    14,
                                    16,
                                    0
                                  ],
                             "2": [
                                    0,
                                    2,
                                    15,
                                    23,
                                    22,
                                    4,
                                    25,
                                    21,
                                    0
                                  ],
                             "3": [
                                    0,
                                    1,
                                    10,
                                    11,
                                    20,
                                    9,
                                    3,
                                    24,
                                    12,
                                    0
                                  ],
                             "1": [
                                    0,
                                    13,
                                    6,
                                    5,
                                    0
                                  ]
                          },
          "obj_function": 54.04000000000089,
             "total_com": 3014.999999999988,
           "num_vehicle": 4,
           "solver_name": "Gurobi",
                   "tex": "vehicle 1: [0, 13, 6, 5, 0]\nvehicle 2: [0, 2, 15, 23, 22, 4, 25, 21, 0]\nvehicle 3: [0, 1, 10, 11, 20, 9, 3, 24, 12, 0]\nvehicle 4: [0, 7, 19, 8, 18, 17, 14, 16, 0]\n"
}