{
   "max_completion_time": {
                             "5": 163.8000001000002,
                             "4": 169.39999990220377,
                             "2": 165.69999999999771,
                             "3": 164.90000009669365,
                             "1": 165.89999999999728
                          },
                  "name": "R109-25",
            "solve_time": 3600.0232260227203,
          "relative_gap": 0.3805420565206218,
                 "route": {
                             "5": [
                                    0,
                                    7,
                                    11,
                                    19,
                                    10,
                                    20,
                                    0
                                  ],
                             "4": [
                                    0,
                                    18,
                                    8,
                                    17,
                                    13,
                                    0
                                  ],
                             "2": [
                                    0,
                                    5,
                                    16,
                                    14,
                                    6,
                                    24,
                                    0
                                  ],
                             "3": [
                                    0,
                                    15,
                                    12,
                                    3,
                                    9,
                                    1,
                                    0
                                  ],
                             "1": [
                                    0,
                                    21,
                                    2,
                                    23,
                                    22,
                                    4,
                                    25,
                                    0
                                  ]
                          },
          "obj_function": 78.30999885557475,
             "total_com": 2719.2000004933793,
           "num_vehicle": 5,
           "solver_name": "Gurobi",
                   "tex": "vehicle 1: [0, 21, 2, 23, 22, 4, 25, 0]\nvehicle 2: [0, 5, 16, 14, 6, 24, 0]\nvehicle 3: [0, 15, 12, 3, 9, 1, 0]\nvehicle 4: [0, 18, 8, 17, 13, 0]\nvehicle 5: [0, 7, 11, 19, 10, 20, 0]\n"
}