{
   "max_completion_time": {
                             "4": 186.3999999999971,
                             "2": 185.6999999999971,
                             "3": 185.3000007969784,
                             "1": 186.49999920448914
                          },
                  "name": "R110-25",
            "solve_time": 3600.015925884247,
          "relative_gap": 0.1914311965822784,
                 "route": {
                             "4": [
                                    0,
                                    14,
                                    16,
                                    5,
                                    18,
                                    8,
                                    6,
                                    17,
                                    0
                                  ],
                             "2": [
                                    0,
                                    11,
                                    19,
                                    7,
                                    10,
                                    20,
                                    9,
                                    1,
                                    0
                                  ],
                             "3": [
                                    0,
                                    21,
                                    2,
                                    15,
                                    22,
                                    23,
                                    25,
                                    4,
                                    0
                                  ],
                             "1": [
                                    0,
                                    12,
                                    3,
                                    24,
                                    13,
                                    0
                                  ]
                          },
          "obj_function": 51.91999427012437,
             "total_com": 2848.200000796959,
           "num_vehicle": 4,
           "solver_name": "Gurobi",
                   "tex": "vehicle 1: [0, 12, 3, 24, 13, 0]\nvehicle 2: [0, 11, 19, 7, 10, 20, 9, 1, 0]\nvehicle 3: [0, 21, 2, 15, 22, 23, 25, 4, 0]\nvehicle 4: [0, 14, 16, 5, 18, 8, 6, 17, 0]\n"
}