{
   "max_completion_time": {
                             "5": 179.49999901323204,
                             "4": 179.00000098735495,
                             "2": 179.0999999999982,
                             "3": 179.39999999999708,
                             "1": 179.20000000000059
                          },
                  "name": "R111-25",
            "solve_time": 3600.0419821739197,
          "relative_gap": 0.26444052571247667,
                 "route": {
                             "5": [
                                    0,
                                    2,
                                    15,
                                    6,
                                    16,
                                    17,
                                    7,
                                    0
                                  ],
                             "4": [
                                    0,
                                    11,
                                    19,
                                    8,
                                    18,
                                    5,
                                    13,
                                    0
                                  ],
                             "2": [
                                    0,
                                    21,
                                    23,
                                    22,
                                    24,
                                    4,
                                    25,
                                    0
                                  ],
                             "3": [
                                    0,
                                    3,
                                    20,
                                    9,
                                    12,
                                    1,
                                    0
                                  ],
                             "1": [
                                    0,
                                    10,
                                    14,
                                    0
                                  ]
                          },
          "obj_function": 62.47999200935292,
             "total_com": 2918.2999990138137,
           "num_vehicle": 5,
           "solver_name": "Gurobi",
                   "tex": "vehicle 1: [0, 10, 14, 0]\nvehicle 2: [0, 21, 23, 22, 24, 4, 25, 0]\nvehicle 3: [0, 3, 20, 9, 12, 1, 0]\nvehicle 4: [0, 11, 19, 8, 18, 5, 13, 0]\nvehicle 5: [0, 2, 15, 6, 16, 17, 7, 0]\n"
}