{
   "max_completion_time": {
                             "4": 189.99999999999991,
                             "2": 189.59999999999854,
                             "3": 189.79920122372442,
                             "1": 189.79920122372442
                          },
                  "name": "R112-25",
            "solve_time": 3600.0405349731445,
          "relative_gap": 0.29951323637918875,
                 "route": {
                             "4": [
                                    0,
                                    3,
                                    12,
                                    9,
                                    20,
                                    1,
                                    0
                                  ],
                             "2": [
                                    0,
                                    7,
                                    19,
                                    11,
                                    10,
                                    17,
                                    13,
                                    0
                                  ],
                             "3": [
                                    0,
                                    2,
                                    5,
                                    16,
                                    8,
                                    18,
                                    6,
                                    14,
                                    0
                                  ],
                             "1": [
                                    0,
                                    15,
                                    21,
                                    23,
                                    22,
                                    4,
                                    25,
                                    24,
                                    0
                                  ]
                          },
          "obj_function": 53.96999997307069,
             "total_com": 2939.0999999999804,
           "num_vehicle": 4,
           "solver_name": "Gurobi",
                   "tex": "vehicle 1: [0, 15, 21, 23, 22, 4, 25, 24, 0]\nvehicle 2: [0, 7, 19, 11, 10, 17, 13, 0]\nvehicle 3: [0, 2, 5, 16, 8, 18, 6, 14, 0]\nvehicle 4: [0, 3, 12, 9, 20, 1, 0]\n"
}