{
   "max_completion_time": {
                             "4": 759.2000000000002,
                             "2": 760.3999999999966,
                             "3": 743,
                             "1": 827
                          },
                  "name": "R201-25",
            "solve_time": 22.361820936203003,
          "relative_gap": 0,
                 "route": {
                             "4": [
                                    0,
                                    12,
                                    9,
                                    20,
                                    10,
                                    1,
                                    4,
                                    0
                                  ],
                             "2": [
                                    0,
                                    5,
                                    19,
                                    11,
                                    7,
                                    8,
                                    18,
                                    6,
                                    3,
                                    24,
                                    13,
                                    0
                                  ],
                             "3": [
                                    0,
                                    2,
                                    15,
                                    14,
                                    16,
                                    17,
                                    0
                                  ],
                             "1": [
                                    0,
                                    21,
                                    23,
                                    22,
                                    25,
                                    0
                                  ]
                          },
          "obj_function": 282.24999999999477,
             "total_com": 10903.100000000002,
           "num_vehicle": 4,
           "solver_name": "Gurobi",
                   "tex": "vehicle 1: [0, 21, 23, 22, 25, 0]\nvehicle 2: [0, 5, 19, 11, 7, 8, 18, 6, 3, 24, 13, 0]\nvehicle 3: [0, 2, 15, 14, 16, 17, 0]\nvehicle 4: [0, 12, 9, 20, 10, 1, 4, 0]\n"
}