{
   "max_completion_time": {
                             "4": 826.9999999999999,
                             "2": 826.9000000000017,
                             "3": 825.0000000000001,
                             "1": 827
                          },
                  "name": "R202-25",
            "solve_time": 3600.023561000824,
          "relative_gap": 0.4204931356822988,
                 "route": {
                             "4": [
                                    0,
                                    23,
                                    25,
                                    0
                                  ],
                             "2": [
                                    0,
                                    9,
                                    20,
                                    10,
                                    24,
                                    5,
                                    3,
                                    0
                                  ],
                             "3": [
                                    0,
                                    11,
                                    19,
                                    8,
                                    18,
                                    6,
                                    22,
                                    4,
                                    12,
                                    13,
                                    1,
                                    2,
                                    0
                                  ],
                             "1": [
                                    0,
                                    15,
                                    14,
                                    16,
                                    17,
                                    7,
                                    21,
                                    0
                                  ]
                          },
          "obj_function": 74.68999999999734,
             "total_com": 14049.700000000003,
           "num_vehicle": 4,
           "solver_name": "Gurobi",
                   "tex": "vehicle 1: [0, 15, 14, 16, 17, 7, 21, 0]\nvehicle 2: [0, 9, 20, 10, 24, 5, 3, 0]\nvehicle 3: [0, 11, 19, 8, 18, 6, 22, 4, 12, 13, 1, 2, 0]\nvehicle 4: [0, 23, 25, 0]\n"
}