{
   "max_completion_time": {
                             "2": 825.7999999999993,
                             "3": 827,
                             "1": 826
                          },
                  "name": "R203-25",
            "solve_time": 3600.0132899284363,
          "relative_gap": 0.26392246360379557,
                 "route": {
                             "2": [
                                    0,
                                    6,
                                    18,
                                    8,
                                    17,
                                    14,
                                    2,
                                    13,
                                    0
                                  ],
                             "3": [
                                    0,
                                    7,
                                    19,
                                    11,
                                    20,
                                    9,
                                    10,
                                    1,
                                    12,
                                    24,
                                    25,
                                    0
                                  ],
                             "1": [
                                    0,
                                    15,
                                    23,
                                    22,
                                    4,
                                    3,
                                    21,
                                    16,
                                    5,
                                    0
                                  ]
                          },
          "obj_function": 52.72000000000131,
             "total_com": 13404.099999999995,
           "num_vehicle": 3,
           "solver_name": "Gurobi",
                   "tex": "vehicle 1: [0, 15, 23, 22, 4, 3, 21, 16, 5, 0]\nvehicle 2: [0, 6, 18, 8, 17, 14, 2, 13, 0]\nvehicle 3: [0, 7, 19, 11, 20, 9, 10, 1, 12, 24, 25, 0]\n"
}