{
   "max_completion_time": {
                             "2": 826.7999999999993,
                             "1": 827
                          },
                  "name": "R204-25",
            "solve_time": 3600.0226550102234,
          "relative_gap": 0.12007961516177798,
                 "route": {
                             "2": [
                                    0,
                                    6,
                                    5,
                                    17,
                                    16,
                                    14,
                                    15,
                                    22,
                                    23,
                                    4,
                                    24,
                                    3,
                                    12,
                                    21,
                                    2,
                                    13,
                                    0
                                  ],
                             "1": [
                                    0,
                                    1,
                                    10,
                                    11,
                                    19,
                                    7,
                                    8,
                                    18,
                                    20,
                                    9,
                                    25,
                                    0
                                  ]
                          },
          "obj_function": 40.630000000000656,
             "total_com": 9697.899999999976,
           "num_vehicle": 2,
           "solver_name": "Gurobi",
                   "tex": "vehicle 1: [0, 1, 10, 11, 19, 7, 8, 18, 20, 9, 25, 0]\nvehicle 2: [0, 6, 5, 17, 16, 14, 15, 22, 23, 4, 24, 3, 12, 21, 2, 13, 0]\n"
}