{
   "max_completion_time": {
                             "2": 726.8013420999998,
                             "3": 727.4000000000015,
                             "1": 726.0002495000001
                          },
                  "name": "R206-25",
            "solve_time": 3600.014683008194,
          "relative_gap": 0.12234287096145138,
                 "route": {
                             "2": [
                                    0,
                                    18,
                                    8,
                                    7,
                                    19,
                                    11,
                                    10,
                                    1,
                                    20,
                                    9,
                                    3,
                                    24,
                                    21,
                                    12,
                                    0
                                  ],
                             "3": [
                                    0,
                                    6,
                                    5,
                                    17,
                                    13,
                                    0
                                  ],
                             "1": [
                                    0,
                                    16,
                                    14,
                                    15,
                                    2,
                                    22,
                                    23,
                                    4,
                                    25,
                                    0
                                  ]
                          },
          "obj_function": 43.909550591530326,
             "total_com": 11771.402886649994,
           "num_vehicle": 3,
           "solver_name": "Gurobi",
                   "tex": "vehicle 1: [0, 16, 14, 15, 2, 22, 23, 4, 25, 0]\nvehicle 2: [0, 18, 8, 7, 19, 11, 10, 1, 20, 9, 3, 24, 21, 12, 0]\nvehicle 3: [0, 6, 5, 17, 13, 0]\n"
}