{
   "max_completion_time": {
                             "2": 726,
                             "3": 726.0999999999982,
                             "1": 727.1999999999941
                          },
                  "name": "R207-25",
            "solve_time": 3600.011694908142,
          "relative_gap": 0.19771393963521447,
                 "route": {
                             "2": [
                                    0,
                                    18,
                                    8,
                                    7,
                                    19,
                                    11,
                                    10,
                                    20,
                                    9,
                                    3,
                                    24,
                                    25,
                                    0
                                  ],
                             "3": [
                                    0,
                                    2,
                                    14,
                                    15,
                                    22,
                                    23,
                                    4,
                                    16,
                                    17,
                                    5,
                                    0
                                  ],
                             "1": [
                                    0,
                                    6,
                                    13,
                                    21,
                                    12,
                                    1,
                                    0
                                  ]
                          },
          "obj_function": 45.86999999998849,
             "total_com": 11699.199999999975,
           "num_vehicle": 3,
           "solver_name": "Gurobi",
                   "tex": "vehicle 1: [0, 6, 13, 21, 12, 1, 0]\nvehicle 2: [0, 18, 8, 7, 19, 11, 10, 20, 9, 3, 24, 25, 0]\nvehicle 3: [0, 2, 14, 15, 22, 23, 4, 16, 17, 5, 0]\n"
}