{
   "max_completion_time": {
                             "2": 771.7999999999993,
                             "1": 772.3999999999978
                          },
                  "name": "R208-25",
            "solve_time": 3600.0333230495453,
          "relative_gap": 0.04857677883983064,
                 "route": {
                             "2": [
                                    0,
                                    18,
                                    8,
                                    7,
                                    19,
                                    11,
                                    10,
                                    1,
                                    20,
                                    9,
                                    3,
                                    24,
                                    25,
                                    4,
                                    12,
                                    0
                                  ],
                             "1": [
                                    0,
                                    21,
                                    23,
                                    22,
                                    15,
                                    2,
                                    13,
                                    14,
                                    16,
                                    5,
                                    17,
                                    6,
                                    0
                                  ]
                          },
          "obj_function": 37.069999999998686,
             "total_com": 11641.899999999972,
           "num_vehicle": 2,
           "solver_name": "Gurobi",
                   "tex": "vehicle 1: [0, 21, 23, 22, 15, 2, 13, 14, 16, 5, 17, 6, 0]\nvehicle 2: [0, 18, 8, 7, 19, 11, 10, 1, 20, 9, 3, 24, 25, 4, 12, 0]\n"
}