{
   "max_completion_time": {
                             "2": 835.9999999999984,
                             "3": 836,
                             "1": 836.1000000000012
                          },
                  "name": "R210-25",
            "solve_time": 3600.009331226349,
          "relative_gap": 0.2530065892029169,
                 "route": {
                             "2": [
                                    0,
                                    6,
                                    18,
                                    8,
                                    17,
                                    21,
                                    5,
                                    24,
                                    0
                                  ],
                             "3": [
                                    0,
                                    7,
                                    19,
                                    11,
                                    20,
                                    9,
                                    10,
                                    25,
                                    0
                                  ],
                             "1": [
                                    0,
                                    16,
                                    14,
                                    15,
                                    23,
                                    22,
                                    4,
                                    12,
                                    3,
                                    2,
                                    13,
                                    1,
                                    0
                                  ]
                          },
          "obj_function": 60.68000000000183,
             "total_com": 12396.59999999999,
           "num_vehicle": 3,
           "solver_name": "Gurobi",
                   "tex": "vehicle 1: [0, 16, 14, 15, 23, 22, 4, 12, 3, 2, 13, 1, 0]\nvehicle 2: [0, 6, 18, 8, 17, 21, 5, 24, 0]\nvehicle 3: [0, 7, 19, 11, 20, 9, 10, 25, 0]\n"
}