{
   "max_completion_time": {
                             "2": 620.3999999999978,
                             "1": 620.5
                          },
                  "name": "R211-25",
            "solve_time": 3411.426681995392,
          "relative_gap": 9.569616887907632e-5,
                 "route": {
                             "2": [
                                    0,
                                    16,
                                    14,
                                    15,
                                    2,
                                    21,
                                    22,
                                    23,
                                    25,
                                    24,
                                    4,
                                    12,
                                    3,
                                    9,
                                    20,
                                    1,
                                    0
                                  ],
                             "1": [
                                    0,
                                    10,
                                    11,
                                    19,
                                    7,
                                    18,
                                    8,
                                    17,
                                    5,
                                    6,
                                    13,
                                    0
                                  ]
                          },
          "obj_function": 36.40000000000196,
             "total_com": 10913.49999999997,
           "num_vehicle": 2,
           "solver_name": "Gurobi",
                   "tex": "vehicle 1: [0, 10, 11, 19, 7, 18, 8, 17, 5, 6, 13, 0]\nvehicle 2: [0, 16, 14, 15, 2, 21, 22, 23, 25, 24, 4, 12, 3, 9, 20, 1, 0]\n"
}