{
   "max_completion_time": {
                             "2": 199,
                             "3": 199,
                             "1": 199
                          },
                  "name": "RC104-25",
            "solve_time": 3600.1087288856506,
          "relative_gap": 0.05044590554717048,
                 "route": {
                             "2": [
                                    0,
                                    22,
                                    20,
                                    18,
                                    21,
                                    23,
                                    25,
                                    19,
                                    24,
                                    0
                                  ],
                             "3": [
                                    0,
                                    1,
                                    3,
                                    5,
                                    8,
                                    4,
                                    7,
                                    2,
                                    6,
                                    0
                                  ],
                             "1": [
                                    0,
                                    12,
                                    15,
                                    11,
                                    10,
                                    9,
                                    13,
                                    16,
                                    17,
                                    14,
                                    0
                                  ]
                          },
          "obj_function": 32.28,
             "total_com": 3010.1999999999935,
           "num_vehicle": 3,
           "solver_name": "Gurobi",
                   "tex": "vehicle 1: [0, 12, 15, 11, 10, 9, 13, 16, 17, 14, 0]\nvehicle 2: [0, 22, 20, 18, 21, 23, 25, 19, 24, 0]\nvehicle 3: [0, 1, 3, 5, 8, 4, 7, 2, 6, 0]\n"
}