{
   "max_completion_time": {
                             "2": 170.5,
                             "3": 170.59984939926488,
                             "1": 170.99988485380473
                          },
                  "name": "RC106-25",
            "solve_time": 3565.4040780067444,
          "relative_gap": 0,
                 "route": {
                             "2": [
                                    0,
                                    23,
                                    21,
                                    18,
                                    19,
                                    20,
                                    22,
                                    25,
                                    24,
                                    0
                                  ],
                             "3": [
                                    0,
                                    14,
                                    15,
                                    16,
                                    12,
                                    11,
                                    10,
                                    9,
                                    13,
                                    17,
                                    0
                                  ],
                             "1": [
                                    0,
                                    2,
                                    7,
                                    8,
                                    5,
                                    3,
                                    6,
                                    4,
                                    1,
                                    0
                                  ]
                          },
          "obj_function": 36.249792627172475,
             "total_com": 2735.1996562666613,
           "num_vehicle": 3,
           "solver_name": "Gurobi",
                   "tex": "vehicle 1: [0, 2, 7, 8, 5, 3, 6, 4, 1, 0]\nvehicle 2: [0, 23, 21, 18, 19, 20, 22, 25, 24, 0]\nvehicle 3: [0, 14, 15, 16, 12, 11, 10, 9, 13, 17, 0]\n"
}