{
   "max_completion_time": {
                             "4": 164.1999999999971,
                             "2": 176.79999999999927,
                             "3": 178.5999999999949,
                             "1": 178.40000000000146
                          },
                  "name": "RC101-25",
            "solve_time": 311.40559911727905,
          "relative_gap": 0,
                 "route": {
                             "4": [
                                    0,
                                    12,
                                    11,
                                    16,
                                    9,
                                    10,
                                    17,
                                    0
                                  ],
                             "2": [
                                    0,
                                    23,
                                    21,
                                    19,
                                    18,
                                    13,
                                    0
                                  ],
                             "3": [
                                    0,
                                    2,
                                    5,
                                    7,
                                    6,
                                    8,
                                    3,
                                    1,
                                    4,
                                    0
                                  ],
                             "1": [
                                    0,
                                    14,
                                    15,
                                    22,
                                    20,
                                    24,
                                    25,
                                    0
                                  ]
                          },
          "obj_function": 92.42999999999608,
             "total_com": 2946.5999999999694,
           "num_vehicle": 4,
           "solver_name": "Gurobi",
                   "tex": "vehicle 1: [0, 14, 15, 22, 20, 24, 25, 0]\nvehicle 2: [0, 23, 21, 19, 18, 13, 0]\nvehicle 3: [0, 2, 5, 7, 6, 8, 3, 1, 4, 0]\nvehicle 4: [0, 12, 11, 16, 9, 10, 17, 0]\n"
}