{
   "max_completion_time": {
                             "2": 155.29999999999927,
                             "3": 155.29999999999927,
                             "1": 155.3999999999978
                          },
                  "name": "RC108-25",
            "solve_time": 3600.0420899391174,
          "relative_gap": 0.03164920273698434,
                 "route": {
                             "2": [
                                    0,
                                    21,
                                    25,
                                    23,
                                    18,
                                    19,
                                    20,
                                    24,
                                    22,
                                    0
                                  ],
                             "3": [
                                    0,
                                    2,
                                    6,
                                    7,
                                    8,
                                    4,
                                    3,
                                    5,
                                    1,
                                    0
                                  ],
                             "1": [
                                    0,
                                    12,
                                    14,
                                    17,
                                    16,
                                    15,
                                    13,
                                    9,
                                    11,
                                    10,
                                    0
                                  ]
                          },
          "obj_function": 30.71999994211249,
             "total_com": 2568.3999999999833,
           "num_vehicle": 3,
           "solver_name": "Gurobi",
                   "tex": "vehicle 1: [0, 12, 14, 17, 16, 15, 13, 9, 11, 10, 0]\nvehicle 2: [0, 21, 25, 23, 18, 19, 20, 24, 22, 0]\nvehicle 3: [0, 2, 6, 7, 8, 4, 3, 5, 1, 0]\n"
}