{
   "max_completion_time": {
                             "2": 184.40000000000146,
                             "3": 183.99999999999636,
                             "1": 184.39999999999782
                          },
                  "name": "RC102-25",
            "solve_time": 126.67662000656128,
          "relative_gap": 0,
                 "route": {
                             "2": [
                                    0,
                                    21,
                                    23,
                                    19,
                                    18,
                                    22,
                                    20,
                                    25,
                                    24,
                                    0
                                  ],
                             "3": [
                                    0,
                                    14,
                                    12,
                                    15,
                                    11,
                                    16,
                                    9,
                                    10,
                                    13,
                                    17,
                                    0
                                  ],
                             "1": [
                                    0,
                                    2,
                                    7,
                                    6,
                                    8,
                                    3,
                                    1,
                                    4,
                                    5,
                                    0
                                  ]
                          },
          "obj_function": 38.1300000000059,
             "total_com": 2917.3999999999833,
           "num_vehicle": 3,
           "solver_name": "Gurobi",
                   "tex": "vehicle 1: [0, 2, 7, 6, 8, 3, 1, 4, 5, 0]\nvehicle 2: [0, 21, 23, 19, 18, 22, 20, 25, 24, 0]\nvehicle 3: [0, 14, 12, 15, 11, 16, 9, 10, 13, 17, 0]\n"
}