{
   "max_completion_time": {
                             "4": 181.89999999999782,
                             "2": 182.29999999999927,
                             "3": 182.79999999999927,
                             "1": 183.09999999999854
                          },
                  "name": "RC105-25",
            "solve_time": 1394.8922390937805,
          "relative_gap": 0,
                 "route": {
                             "4": [
                                    0,
                                    5,
                                    8,
                                    6,
                                    2,
                                    7,
                                    1,
                                    0
                                  ],
                             "2": [
                                    0,
                                    15,
                                    16,
                                    14,
                                    12,
                                    4,
                                    3,
                                    0
                                  ],
                             "3": [
                                    0,
                                    19,
                                    23,
                                    18,
                                    22,
                                    20,
                                    24,
                                    21,
                                    25,
                                    0
                                  ],
                             "1": [
                                    0,
                                    11,
                                    9,
                                    10,
                                    13,
                                    17,
                                    0
                                  ]
                          },
          "obj_function": 51.750000000001975,
             "total_com": 3188.6999999999935,
           "num_vehicle": 4,
           "solver_name": "Gurobi",
                   "tex": "vehicle 1: [0, 11, 9, 10, 13, 17, 0]\nvehicle 2: [0, 15, 16, 14, 12, 4, 3, 0]\nvehicle 3: [0, 19, 23, 18, 22, 20, 24, 21, 25, 0]\nvehicle 4: [0, 5, 8, 6, 2, 7, 1, 0]\n"
}