{
   "max_completion_time": {
                             "2": 191.09999999999766,
                             "3": 191.0000000996655,
                             "1": 191.00000009966507
                          },
                  "name": "RC103-25",
            "solve_time": 3600.0205450057983,
          "relative_gap": 0.0685355097625822,
                 "route": {
                             "2": [
                                    0,
                                    14,
                                    16,
                                    15,
                                    11,
                                    9,
                                    10,
                                    13,
                                    17,
                                    12,
                                    0
                                  ],
                             "3": [
                                    0,
                                    2,
                                    7,
                                    6,
                                    8,
                                    4,
                                    5,
                                    3,
                                    1,
                                    0
                                  ],
                             "1": [
                                    0,
                                    23,
                                    18,
                                    21,
                                    22,
                                    20,
                                    19,
                                    25,
                                    24,
                                    0
                                  ]
                          },
          "obj_function": 34.639999820597644,
             "total_com": 2992.200000797304,
           "num_vehicle": 3,
           "solver_name": "Gurobi",
                   "tex": "vehicle 1: [0, 23, 18, 21, 22, 20, 19, 25, 24, 0]\nvehicle 2: [0, 14, 16, 15, 11, 9, 10, 13, 17, 12, 0]\nvehicle 3: [0, 2, 7, 6, 8, 4, 5, 3, 1, 0]\n"
}