{
   "max_completion_time": {
                             "2": 163.29999999999927,
                             "3": 163.29999999999927,
                             "1": 163.29999999999927
                          },
                  "name": "RC107-25",
            "solve_time": 2480.3968958854675,
          "relative_gap": 0,
                 "route": {
                             "2": [
                                    0,
                                    2,
                                    6,
                                    7,
                                    8,
                                    5,
                                    1,
                                    3,
                                    4,
                                    0
                                  ],
                             "3": [
                                    0,
                                    25,
                                    21,
                                    23,
                                    18,
                                    19,
                                    20,
                                    24,
                                    22,
                                    0
                                  ],
                             "1": [
                                    0,
                                    11,
                                    12,
                                    14,
                                    17,
                                    15,
                                    16,
                                    13,
                                    10,
                                    9,
                                    0
                                  ]
                          },
          "obj_function": 31.490000000000002,
             "total_com": 2673.4999999999927,
           "num_vehicle": 3,
           "solver_name": "Gurobi",
                   "tex": "vehicle 1: [0, 11, 12, 14, 17, 15, 16, 13, 10, 9, 0]\nvehicle 2: [0, 2, 6, 7, 8, 5, 1, 3, 4, 0]\nvehicle 3: [0, 25, 21, 23, 18, 19, 20, 24, 22, 0]\n"
}