{
   "max_completion_time": {
                             "2": 579.5999999999971,
                             "1": 579.0999999999984
                          },
                  "name": "RC208-25",
            "solve_time": 3600.1654229164124,
          "relative_gap": 0.23341503267970032,
                 "route": {
                             "2": [
                                    0,
                                    12,
                                    14,
                                    17,
                                    15,
                                    16,
                                    2,
                                    6,
                                    7,
                                    8,
                                    4,
                                    5,
                                    3,
                                    1,
                                    0
                                  ],
                             "1": [
                                    0,
                                    9,
                                    13,
                                    11,
                                    10,
                                    25,
                                    23,
                                    21,
                                    18,
                                    19,
                                    20,
                                    22,
                                    24,
                                    0
                                  ]
                          },
          "obj_function": 30.599999999998477,
             "total_com": 11376.599999999975,
           "num_vehicle": 2,
           "solver_name": "Gurobi",
                   "tex": "vehicle 1: [0, 9, 13, 11, 10, 25, 23, 21, 18, 19, 20, 22, 24, 0]\nvehicle 2: [0, 12, 14, 17, 15, 16, 2, 6, 7, 8, 4, 5, 3, 1, 0]\n"
}