{
   "max_completion_time": {
                             "2": 837.5999999999985,
                             "3": 831.8999999999905,
                             "1": 831
                          },
                  "name": "RC205-25",
            "solve_time": 40.98766613006592,
          "relative_gap": 0,
                 "route": {
                             "2": [
                                    0,
                                    14,
                                    16,
                                    15,
                                    11,
                                    9,
                                    13,
                                    3,
                                    24,
                                    0
                                  ],
                             "3": [
                                    0,
                                    6,
                                    8,
                                    2,
                                    5,
                                    12,
                                    7,
                                    10,
                                    20,
                                    4,
                                    17,
                                    1,
                                    0
                                  ],
                             "1": [
                                    0,
                                    23,
                                    21,
                                    18,
                                    19,
                                    22,
                                    25,
                                    0
                                  ]
                          },
          "obj_function": 85.7099999999974,
             "total_com": 12138.299999999948,
           "num_vehicle": 3,
           "solver_name": "Gurobi",
                   "tex": "vehicle 1: [0, 23, 21, 18, 19, 22, 25, 0]\nvehicle 2: [0, 14, 16, 15, 11, 9, 13, 3, 24, 0]\nvehicle 3: [0, 6, 8, 2, 5, 12, 7, 10, 20, 4, 17, 1, 0]\n"
}