{
   "max_completion_time": {
                             "2": 794,
                             "3": 794,
                             "1": 793.9999999999862
                          },
                  "name": "RC204-25",
            "solve_time": 3600.084356069565,
          "relative_gap": 0.3161431117089294,
                 "route": {
                             "2": [
                                    0,
                                    22,
                                    19,
                                    21,
                                    23,
                                    25,
                                    0
                                  ],
                             "3": [
                                    0,
                                    12,
                                    14,
                                    15,
                                    11,
                                    10,
                                    9,
                                    13,
                                    16,
                                    17,
                                    6,
                                    3,
                                    1,
                                    2,
                                    0
                                  ],
                             "1": [
                                    0,
                                    7,
                                    8,
                                    4,
                                    5,
                                    20,
                                    18,
                                    24,
                                    0
                                  ]
                          },
          "obj_function": 43.699967878111714,
             "total_com": 11440.602924127897,
           "num_vehicle": 3,
           "solver_name": "Gurobi",
                   "tex": "vehicle 1: [0, 7, 8, 4, 5, 20, 18, 24, 0]\nvehicle 2: [0, 22, 19, 21, 23, 25, 0]\nvehicle 3: [0, 12, 14, 15, 11, 10, 9, 13, 16, 17, 6, 3, 1, 2, 0]\n"
}