{
   "max_completion_time": {
                             "2": 621.9999999999986,
                             "3": 622.5999999999985,
                             "1": 623.2000000000008
                          },
                  "name": "RC207-25",
            "solve_time": 3600.0197150707245,
          "relative_gap": 0.25943533512048195,
                 "route": {
                             "2": [
                                    0,
                                    25,
                                    23,
                                    21,
                                    18,
                                    19,
                                    22,
                                    24,
                                    20,
                                    0
                                  ],
                             "3": [
                                    0,
                                    12,
                                    14,
                                    17,
                                    16,
                                    11,
                                    10,
                                    13,
                                    15,
                                    4,
                                    9,
                                    0
                                  ],
                             "1": [
                                    0,
                                    2,
                                    7,
                                    8,
                                    5,
                                    3,
                                    1,
                                    6,
                                    0
                                  ]
                          },
          "obj_function": 41.90999946622613,
             "total_com": 10488.1,
           "num_vehicle": 3,
           "solver_name": "Gurobi",
                   "tex": "vehicle 1: [0, 2, 7, 8, 5, 3, 1, 6, 0]\nvehicle 2: [0, 25, 23, 21, 18, 19, 22, 24, 20, 0]\nvehicle 3: [0, 12, 14, 17, 16, 11, 10, 13, 15, 4, 9, 0]\n"
}