{
   "max_completion_time": {
                             "2": 677.4000000000016,
                             "3": 674.0999999999984,
                             "1": 674
                          },
                  "name": "RC206-25",
            "solve_time": 3600.0181169509888,
          "relative_gap": 0.19366136928415778,
                 "route": {
                             "2": [
                                    0,
                                    12,
                                    14,
                                    16,
                                    15,
                                    11,
                                    9,
                                    13,
                                    4,
                                    1,
                                    0
                                  ],
                             "3": [
                                    0,
                                    2,
                                    5,
                                    3,
                                    8,
                                    6,
                                    7,
                                    17,
                                    10,
                                    0
                                  ],
                             "1": [
                                    0,
                                    23,
                                    21,
                                    18,
                                    19,
                                    20,
                                    22,
                                    24,
                                    25,
                                    0
                                  ]
                          },
          "obj_function": 47.160000000002846,
             "total_com": 9803.699999999993,
           "num_vehicle": 3,
           "solver_name": "Gurobi",
                   "tex": "vehicle 1: [0, 23, 21, 18, 19, 20, 22, 24, 25, 0]\nvehicle 2: [0, 12, 14, 16, 15, 11, 9, 13, 4, 1, 0]\nvehicle 3: [0, 2, 5, 3, 8, 6, 7, 17, 10, 0]\n"
}