{
   "max_completion_time": {
                             "2": 793.499999999999,
                             "3": 797.8999999999978,
                             "1": 794
                          },
                  "name": "RC201-25",
            "solve_time": 24.999322175979614,
          "relative_gap": 0,
                 "route": {
                             "2": [
                                    0,
                                    2,
                                    5,
                                    7,
                                    6,
                                    8,
                                    9,
                                    3,
                                    10,
                                    20,
                                    4,
                                    24,
                                    0
                                  ],
                             "3": [
                                    0,
                                    14,
                                    12,
                                    11,
                                    15,
                                    16,
                                    17,
                                    13,
                                    1,
                                    0
                                  ],
                             "1": [
                                    0,
                                    23,
                                    21,
                                    18,
                                    19,
                                    22,
                                    25,
                                    0
                                  ]
                          },
          "obj_function": 77.17999999999769,
             "total_com": 10830.899999999987,
           "num_vehicle": 3,
           "solver_name": "Gurobi",
                   "tex": "vehicle 1: [0, 23, 21, 18, 19, 22, 25, 0]\nvehicle 2: [0, 2, 5, 7, 6, 8, 9, 3, 10, 20, 4, 24, 0]\nvehicle 3: [0, 14, 12, 11, 15, 16, 17, 13, 1, 0]\n"
}