{
   "max_completion_time": {
                             "2": 794.0000000000003,
                             "3": 793.8001137977519,
                             "1": 793.8001137977519
                          },
                  "name": "RC203-25",
            "solve_time": 3600.008101940155,
          "relative_gap": 0.32334915125149155,
                 "route": {
                             "2": [
                                    0,
                                    20,
                                    19,
                                    21,
                                    23,
                                    22,
                                    24,
                                    25,
                                    0
                                  ],
                             "3": [
                                    0,
                                    11,
                                    15,
                                    9,
                                    10,
                                    13,
                                    16,
                                    17,
                                    14,
                                    18,
                                    0
                                  ],
                             "1": [
                                    0,
                                    6,
                                    8,
                                    4,
                                    1,
                                    2,
                                    7,
                                    5,
                                    3,
                                    12,
                                    0
                                  ]
                          },
          "obj_function": 45.35979513734183,
             "total_com": 12682.500428192128,
           "num_vehicle": 3,
           "solver_name": "Gurobi",
                   "tex": "vehicle 1: [0, 6, 8, 4, 1, 2, 7, 5, 3, 12, 0]\nvehicle 2: [0, 20, 19, 21, 23, 22, 24, 25, 0]\nvehicle 3: [0, 11, 15, 9, 10, 13, 16, 17, 14, 18, 0]\n"
}