{
   "max_completion_time": {
                             "2": 793.7000000000007,
                             "3": 793.6000002962553,
                             "1": 793.9999999999999
                          },
                  "name": "RC202-25",
            "solve_time": 3600.0497200489044,
          "relative_gap": 0.22621297179938193,
                 "route": {
                             "2": [
                                    0,
                                    6,
                                    8,
                                    4,
                                    13,
                                    12,
                                    7,
                                    5,
                                    0
                                  ],
                             "3": [
                                    0,
                                    14,
                                    16,
                                    15,
                                    11,
                                    9,
                                    10,
                                    17,
                                    2,
                                    1,
                                    3,
                                    0
                                  ],
                             "1": [
                                    0,
                                    23,
                                    21,
                                    18,
                                    19,
                                    22,
                                    20,
                                    24,
                                    25,
                                    0
                                  ]
                          },
          "obj_function": 47.609999466737726,
             "total_com": 12869.000000592503,
           "num_vehicle": 3,
           "solver_name": "Gurobi",
                   "tex": "vehicle 1: [0, 23, 21, 18, 19, 22, 20, 24, 25, 0]\nvehicle 2: [0, 6, 8, 4, 13, 12, 7, 5, 0]\nvehicle 3: [0, 14, 16, 15, 11, 9, 10, 17, 2, 1, 3, 0]\n"
}