{
   "max_completion_time": {
                             "2": 1224.9999999999998,
                             "3": 1220,
                             "1": 865.4000000000015
                          },
                  "name": "C104-25",
            "solve_time": 76.62100005149841,
          "relative_gap": 0,
                 "route": {
                             "2": [
                                    0,
                                    20,
                                    24,
                                    25,
                                    18,
                                    19,
                                    23,
                                    22,
                                    21,
                                    0
                                  ],
                             "3": [
                                    0,
                                    7,
                                    8,
                                    11,
                                    9,
                                    6,
                                    4,
                                    2,
                                    1,
                                    3,
                                    5,
                                    0
                                  ],
                             "1": [
                                    0,
                                    13,
                                    17,
                                    15,
                                    16,
                                    14,
                                    12,
                                    10,
                                    0
                                  ]
                          },
          "obj_function": 719.1999999999966,
             "total_com": 15875.300000000014,
           "num_vehicle": 3,
           "solver_name": "CPLEX",
                   "tex": "vehicle 1: [0, 13, 17, 15, 16, 14, 12, 10, 0]\nvehicle 2: [0, 20, 24, 25, 18, 19, 23, 22, 21, 0]\nvehicle 3: [0, 7, 8, 11, 9, 6, 4, 2, 1, 3, 5, 0]\n"
}