{
   "max_completion_time": {
                             "2": 2696.7999999999993,
                             "1": 2977
                          },
                  "name": "C202-25",
            "solve_time": 0.18199992179870605,
          "relative_gap": 0,
                 "route": {
                             "2": [
                                    0,
                                    20,
                                    22,
                                    24,
                                    6,
                                    23,
                                    18,
                                    19,
                                    25,
                                    21,
                                    0
                                  ],
                             "1": [
                                    0,
                                    5,
                                    2,
                                    4,
                                    3,
                                    7,
                                    1,
                                    12,
                                    16,
                                    14,
                                    15,
                                    17,
                                    13,
                                    9,
                                    11,
                                    10,
                                    8,
                                    0
                                  ]
                          },
          "obj_function": 280.2000000000007,
             "total_com": 45893.8,
           "num_vehicle": 2,
           "solver_name": "CPLEX",
                   "tex": "vehicle 1: [0, 5, 2, 4, 3, 7, 1, 12, 16, 14, 15, 17, 13, 9, 11, 10, 8, 0]\nvehicle 2: [0, 20, 22, 24, 6, 23, 18, 19, 25, 21, 0]\n"
}