{
   "max_completion_time": {
                             "2": 2856.7999999999993,
                             "1": 2977
                          },
                  "name": "C203-25",
            "solve_time": 5.0959999561309814,
          "relative_gap": 0,
                 "route": {
                             "2": [
                                    0,
                                    20,
                                    22,
                                    24,
                                    6,
                                    23,
                                    18,
                                    19,
                                    25,
                                    21,
                                    0
                                  ],
                             "1": [
                                    0,
                                    5,
                                    2,
                                    4,
                                    3,
                                    7,
                                    1,
                                    12,
                                    14,
                                    16,
                                    15,
                                    17,
                                    13,
                                    9,
                                    11,
                                    10,
                                    8,
                                    0
                                  ]
                          },
          "obj_function": 120.20000000000073,
             "total_com": 43450.19999999998,
           "num_vehicle": 2,
           "solver_name": "CPLEX",
                   "tex": "vehicle 1: [0, 5, 2, 4, 3, 7, 1, 12, 14, 16, 15, 17, 13, 9, 11, 10, 8, 0]\nvehicle 2: [0, 20, 22, 24, 6, 23, 18, 19, 25, 21, 0]\n"
}