{
   "max_completion_time": {
                             "2": 2738.0000000000005,
                             "1": 3377
                          },
                  "name": "C208-25",
            "solve_time": 0.8110001087188721,
          "relative_gap": 0,
                 "route": {
                             "2": [
                                    0,
                                    20,
                                    22,
                                    24,
                                    6,
                                    23,
                                    18,
                                    19,
                                    25,
                                    21,
                                    0
                                  ],
                             "1": [
                                    0,
                                    5,
                                    2,
                                    1,
                                    7,
                                    3,
                                    4,
                                    12,
                                    14,
                                    16,
                                    15,
                                    17,
                                    13,
                                    9,
                                    11,
                                    10,
                                    8,
                                    0
                                  ]
                          },
          "obj_function": 638.9999999999995,
             "total_com": 40086.59999999999,
           "num_vehicle": 2,
           "solver_name": "CPLEX",
                   "tex": "vehicle 1: [0, 5, 2, 1, 7, 3, 4, 12, 14, 16, 15, 17, 13, 9, 11, 10, 8, 0]\nvehicle 2: [0, 20, 22, 24, 6, 23, 18, 19, 25, 21, 0]\n"
}