{
   "max_completion_time": {
                              "5": 179,
                              "8": 186.99999999998545,
                              "1": 192,
                              "6": 215,
                             "11": 198,
                              "9": 126.99999999998545,
                              "3": 159,
                              "7": 184.5,
                              "4": 160.8000000000029,
                              "2": 119,
                             "10": 105
                          },
                  "name": "R102-50",
            "solve_time": 3603.9110000133514,
          "relative_gap": 0.11168618747529972,
                 "route": {
                              "5": [
                                     0,
                                     42,
                                     44,
                                     38,
                                     43,
                                     13,
                                     0
                                   ],
                              "8": [
                                     0,
                                     45,
                                     8,
                                     17,
                                     5,
                                     0
                                   ],
                              "1": [
                                     0,
                                     21,
                                     39,
                                     23,
                                     22,
                                     4,
                                     25,
                                     0
                                   ],
                              "6": [
                                     0,
                                     2,
                                     15,
                                     41,
                                     24,
                                     12,
                                     0
                                   ],
                             "11": [
                                     0,
                                     27,
                                     18,
                                     10,
                                     31,
                                     26,
                                     0
                                   ],
                              "9": [
                                     0,
                                     11,
                                     19,
                                     46,
                                     0
                                   ],
                              "3": [
                                     0,
                                     50,
                                     33,
                                     29,
                                     34,
                                     20,
                                     32,
                                     0
                                   ],
                              "7": [
                                     0,
                                     1,
                                     30,
                                     9,
                                     35,
                                     3,
                                     0
                                   ],
                              "4": [
                                     0,
                                     48,
                                     36,
                                     47,
                                     49,
                                     7,
                                     0
                                   ],
                              "2": [
                                     0,
                                     37,
                                     14,
                                     16,
                                     6,
                                     0
                                   ],
                             "10": [
                                     0,
                                     28,
                                     40,
                                     0
                                   ]
                          },
          "obj_function": 2281.4000000000233,
             "total_com": 5234.999999999709,
           "num_vehicle": 11,
           "solver_name": "CPLEX",
                   "tex": "vehicle 1: [0, 21, 39, 23, 22, 4, 25, 0]\nvehicle 2: [0, 37, 14, 16, 6, 0]\nvehicle 3: [0, 50, 33, 29, 34, 20, 32, 0]\nvehicle 4: [0, 48, 36, 47, 49, 7, 0]\nvehicle 5: [0, 42, 44, 38, 43, 13, 0]\nvehicle 6: [0, 2, 15, 41, 24, 12, 0]\nvehicle 7: [0, 1, 30, 9, 35, 3, 0]\nvehicle 8: [0, 45, 8, 17, 5, 0]\nvehicle 9: [0, 11, 19, 46, 0]\nvehicle 10: [0, 28, 40, 0]\nvehicle 11: [0, 27, 18, 10, 31, 26, 0]\n"
}