{
   "max_completion_time": {
                             "5": 134,
                             "4": 182,
                             "6": 97,
                             "7": 209,
                             "2": 188,
                             "3": 169,
                             "1": 213.99999999999997
                          },
                  "name": "R102-25",
            "solve_time": 13.565999984741211,
          "relative_gap": 0,
                 "route": {
                             "5": [
                                    0,
                                    7,
                                    11,
                                    19,
                                    10,
                                    0
                                  ],
                             "4": [
                                    0,
                                    2,
                                    15,
                                    22,
                                    4,
                                    25,
                                    0
                                  ],
                             "6": [
                                    0,
                                    18,
                                    0
                                  ],
                             "7": [
                                    0,
                                    8,
                                    17,
                                    5,
                                    0
                                  ],
                             "2": [
                                    0,
                                    21,
                                    23,
                                    24,
                                    12,
                                    0
                                  ],
                             "3": [
                                    0,
                                    14,
                                    16,
                                    6,
                                    13,
                                    0
                                  ],
                             "1": [
                                    0,
                                    3,
                                    9,
                                    20,
                                    1,
                                    0
                                  ]
                          },
          "obj_function": 1039.9999999999998,
             "total_com": 2902.800000000003,
           "num_vehicle": 7,
           "solver_name": "CPLEX",
                   "tex": "vehicle 1: [0, 3, 9, 20, 1, 0]\nvehicle 2: [0, 21, 23, 24, 12, 0]\nvehicle 3: [0, 14, 16, 6, 13, 0]\nvehicle 4: [0, 2, 15, 22, 4, 25, 0]\nvehicle 5: [0, 7, 11, 19, 10, 0]\nvehicle 6: [0, 18, 0]\nvehicle 7: [0, 8, 17, 5, 0]\n"
}