{
   "max_completion_time": {
                             "5": 186.99999999999997,
                             "4": 189,
                             "2": 213.99999999999997,
                             "3": 179,
                             "1": 214.00000000000728
                          },
                  "name": "R103-25",
            "solve_time": 17.80999994277954,
          "relative_gap": 0,
                 "route": {
                             "5": [
                                    0,
                                    2,
                                    15,
                                    14,
                                    16,
                                    17,
                                    5,
                                    0
                                  ],
                             "4": [
                                    0,
                                    21,
                                    23,
                                    22,
                                    4,
                                    25,
                                    0
                                  ],
                             "2": [
                                    0,
                                    7,
                                    19,
                                    11,
                                    8,
                                    18,
                                    0
                                  ],
                             "3": [
                                    0,
                                    6,
                                    13,
                                    0
                                  ],
                             "1": [
                                    0,
                                    12,
                                    24,
                                    3,
                                    9,
                                    10,
                                    20,
                                    1,
                                    0
                                  ]
                          },
          "obj_function": 194.0000000000291,
             "total_com": 2808.2000000000153,
           "num_vehicle": 5,
           "solver_name": "CPLEX",
                   "tex": "vehicle 1: [0, 12, 24, 3, 9, 10, 20, 1, 0]\nvehicle 2: [0, 7, 19, 11, 8, 18, 0]\nvehicle 3: [0, 6, 13, 0]\nvehicle 4: [0, 21, 23, 22, 4, 25, 0]\nvehicle 5: [0, 2, 15, 14, 16, 17, 5, 0]\n"
}