{
   "max_completion_time": {
                             "4": 191.99999999999997,
                             "2": 179,
                             "3": 153.09999999999854,
                             "1": 209
                          },
                  "name": "R104-25",
            "solve_time": 229.59500002861023,
          "relative_gap": 0,
                 "route": {
                             "4": [
                                    0,
                                    21,
                                    22,
                                    23,
                                    24,
                                    4,
                                    25,
                                    0
                                  ],
                             "2": [
                                    0,
                                    7,
                                    19,
                                    11,
                                    8,
                                    18,
                                    6,
                                    13,
                                    0
                                  ],
                             "3": [
                                    0,
                                    1,
                                    10,
                                    20,
                                    9,
                                    3,
                                    12,
                                    0
                                  ],
                             "1": [
                                    0,
                                    2,
                                    15,
                                    14,
                                    16,
                                    17,
                                    5,
                                    0
                                  ]
                          },
          "obj_function": 180.70000000000434,
             "total_com": 2587.399999999994,
           "num_vehicle": 4,
           "solver_name": "CPLEX",
                   "tex": "vehicle 1: [0, 2, 15, 14, 16, 17, 5, 0]\nvehicle 2: [0, 7, 19, 11, 8, 18, 6, 13, 0]\nvehicle 3: [0, 1, 10, 20, 9, 3, 12, 0]\nvehicle 4: [0, 21, 22, 23, 24, 4, 25, 0]\n"
}