{
   "max_completion_time": {
                             "5": 187,
                             "4": 191,
                             "6": 196,
                             "7": 195,
                             "2": 189,
                             "9": 162,
                             "8": 167.09999999999857,
                             "3": 171.00000000000003,
                             "1": 183.00000000000003
                          },
                  "name": "R105-50",
            "solve_time": 637.5120000839233,
          "relative_gap": 9.985607161909282e-5,
                 "route": {
                             "5": [
                                    0,
                                    5,
                                    45,
                                    44,
                                    38,
                                    43,
                                    17,
                                    0
                                  ],
                             "4": [
                                    0,
                                    47,
                                    36,
                                    19,
                                    49,
                                    10,
                                    1,
                                    0
                                  ],
                             "6": [
                                    0,
                                    14,
                                    42,
                                    15,
                                    41,
                                    4,
                                    25,
                                    0
                                  ],
                             "7": [
                                    0,
                                    31,
                                    7,
                                    18,
                                    8,
                                    46,
                                    48,
                                    0
                                  ],
                             "2": [
                                    0,
                                    28,
                                    27,
                                    16,
                                    6,
                                    37,
                                    13,
                                    0
                                  ],
                             "9": [
                                    0,
                                    11,
                                    30,
                                    50,
                                    26,
                                    0
                                  ],
                             "8": [
                                    0,
                                    2,
                                    21,
                                    40,
                                    34,
                                    35,
                                    0
                                  ],
                             "3": [
                                    0,
                                    33,
                                    12,
                                    29,
                                    9,
                                    20,
                                    32,
                                    0
                                  ],
                             "1": [
                                    0,
                                    39,
                                    23,
                                    22,
                                    3,
                                    24,
                                    0
                                  ]
                          },
          "obj_function": 531.4000000000084,
             "total_com": 5567.899999999994,
           "num_vehicle": 9,
           "solver_name": "CPLEX",
                   "tex": "vehicle 1: [0, 39, 23, 22, 3, 24, 0]\nvehicle 2: [0, 28, 27, 16, 6, 37, 13, 0]\nvehicle 3: [0, 33, 12, 29, 9, 20, 32, 0]\nvehicle 4: [0, 47, 36, 19, 49, 10, 1, 0]\nvehicle 5: [0, 5, 45, 44, 38, 43, 17, 0]\nvehicle 6: [0, 14, 42, 15, 41, 4, 25, 0]\nvehicle 7: [0, 31, 7, 18, 8, 46, 48, 0]\nvehicle 8: [0, 2, 21, 40, 34, 35, 0]\nvehicle 9: [0, 11, 30, 50, 26, 0]\n"
}