{
   "max_completion_time": {
                             "4": 200.00000000000728,
                             "2": 159,
                             "3": 179.5,
                             "1": 207
                          },
                  "name": "R107-25",
            "solve_time": 87.84500002861023,
          "relative_gap": 0,
                 "route": {
                             "4": [
                                    0,
                                    21,
                                    2,
                                    15,
                                    23,
                                    22,
                                    4,
                                    25,
                                    24,
                                    0
                                  ],
                             "2": [
                                    0,
                                    7,
                                    19,
                                    11,
                                    18,
                                    6,
                                    13,
                                    0
                                  ],
                             "3": [
                                    0,
                                    12,
                                    3,
                                    9,
                                    20,
                                    10,
                                    1,
                                    0
                                  ],
                             "1": [
                                    0,
                                    14,
                                    16,
                                    8,
                                    17,
                                    5,
                                    0
                                  ]
                          },
          "obj_function": 164.50000000000728,
             "total_com": 2662.200000000008,
           "num_vehicle": 4,
           "solver_name": "CPLEX",
                   "tex": "vehicle 1: [0, 14, 16, 8, 17, 5, 0]\nvehicle 2: [0, 7, 19, 11, 18, 6, 13, 0]\nvehicle 3: [0, 12, 3, 9, 20, 10, 1, 0]\nvehicle 4: [0, 21, 2, 15, 23, 22, 4, 25, 24, 0]\n"
}