{
   "max_completion_time": {
                             "4": 200,
                             "2": 166.5,
                             "3": 215,
                             "1": 174.79999999999558
                          },
                  "name": "R108-25",
            "solve_time": 6.700000047683716,
          "relative_gap": 0,
                 "route": {
                             "4": [
                                    0,
                                    21,
                                    22,
                                    23,
                                    4,
                                    25,
                                    24,
                                    0
                                  ],
                             "2": [
                                    0,
                                    7,
                                    10,
                                    11,
                                    19,
                                    8,
                                    18,
                                    6,
                                    0
                                  ],
                             "3": [
                                    0,
                                    1,
                                    20,
                                    9,
                                    3,
                                    12,
                                    0
                                  ],
                             "1": [
                                    0,
                                    2,
                                    15,
                                    14,
                                    16,
                                    17,
                                    5,
                                    13,
                                    0
                                  ]
                          },
          "obj_function": 170.70000000000442,
             "total_com": 2829.2999999999884,
           "num_vehicle": 4,
           "solver_name": "CPLEX",
                   "tex": "vehicle 1: [0, 2, 15, 14, 16, 17, 5, 13, 0]\nvehicle 2: [0, 7, 10, 11, 19, 8, 18, 6, 0]\nvehicle 3: [0, 1, 20, 9, 3, 12, 0]\nvehicle 4: [0, 21, 22, 23, 4, 25, 24, 0]\n"
}