{
   "max_completion_time": {
                             "4": 200,
                             "2": 211,
                             "3": 159.99999999999997,
                             "1": 218
                          },
                  "name": "R110-25",
            "solve_time": 3487.4059998989105,
          "relative_gap": 0,
                 "route": {
                             "4": [
                                    0,
                                    2,
                                    15,
                                    21,
                                    22,
                                    23,
                                    4,
                                    25,
                                    24,
                                    0
                                  ],
                             "2": [
                                    0,
                                    7,
                                    19,
                                    11,
                                    10,
                                    20,
                                    1,
                                    0
                                  ],
                             "3": [
                                    0,
                                    6,
                                    12,
                                    3,
                                    9,
                                    0
                                  ],
                             "1": [
                                    0,
                                    14,
                                    16,
                                    5,
                                    18,
                                    8,
                                    17,
                                    13,
                                    0
                                  ]
                          },
          "obj_function": 185.00000000000009,
             "total_com": 3050.400000000005,
           "num_vehicle": 4,
           "solver_name": "CPLEX",
                   "tex": "vehicle 1: [0, 14, 16, 5, 18, 8, 17, 13, 0]\nvehicle 2: [0, 7, 19, 11, 10, 20, 1, 0]\nvehicle 3: [0, 6, 12, 3, 9, 0]\nvehicle 4: [0, 2, 15, 21, 22, 23, 4, 25, 24, 0]\n"
}