{
   "max_completion_time": {
                             "4": 151.09999999999854,
                             "2": 182.00000000000009,
                             "3": 158.5,
                             "1": 202.79999999999927
                          },
                  "name": "R112-25",
            "solve_time": 26.323000192642212,
          "relative_gap": 0,
                 "route": {
                             "4": [
                                    0,
                                    21,
                                    22,
                                    23,
                                    4,
                                    25,
                                    24,
                                    0
                                  ],
                             "2": [
                                    0,
                                    6,
                                    18,
                                    8,
                                    7,
                                    19,
                                    11,
                                    10,
                                    0
                                  ],
                             "3": [
                                    0,
                                    12,
                                    3,
                                    9,
                                    20,
                                    1,
                                    0
                                  ],
                             "1": [
                                    0,
                                    2,
                                    15,
                                    14,
                                    16,
                                    17,
                                    5,
                                    13,
                                    0
                                  ]
                          },
          "obj_function": 178.60000000000227,
             "total_com": 2782.800000000003,
           "num_vehicle": 4,
           "solver_name": "CPLEX",
                   "tex": "vehicle 1: [0, 2, 15, 14, 16, 17, 5, 13, 0]\nvehicle 2: [0, 6, 18, 8, 7, 19, 11, 10, 0]\nvehicle 3: [0, 12, 3, 9, 20, 1, 0]\nvehicle 4: [0, 21, 22, 23, 4, 25, 24, 0]\n"
}