{
   "max_completion_time": {
                             "4": 857,
                             "2": 455.5,
                             "3": 717,
                             "1": 837
                          },
                  "name": "R201-25",
            "solve_time": 0.23400020599365234,
          "relative_gap": 0,
                 "route": {
                             "4": [
                                    0,
                                    21,
                                    23,
                                    22,
                                    4,
                                    25,
                                    24,
                                    0
                                  ],
                             "2": [
                                    0,
                                    5,
                                    19,
                                    11,
                                    7,
                                    8,
                                    18,
                                    6,
                                    0
                                  ],
                             "3": [
                                    0,
                                    12,
                                    9,
                                    3,
                                    20,
                                    10,
                                    1,
                                    0
                                  ],
                             "1": [
                                    0,
                                    2,
                                    15,
                                    14,
                                    16,
                                    17,
                                    13,
                                    0
                                  ]
                          },
          "obj_function": 1324.5,
             "total_com": 11328.60000000001,
           "num_vehicle": 4,
           "solver_name": "CPLEX",
                   "tex": "vehicle 1: [0, 2, 15, 14, 16, 17, 13, 0]\nvehicle 2: [0, 5, 19, 11, 7, 8, 18, 6, 0]\nvehicle 3: [0, 12, 9, 3, 20, 10, 1, 0]\nvehicle 4: [0, 21, 23, 22, 4, 25, 24, 0]\n"
}