{
   "max_completion_time": {
                             "4": 852,
                             "2": 455.5,
                             "3": 984,
                             "1": 788.7999999999993
                          },
                  "name": "R202-25",
            "solve_time": 1.125999927520752,
          "relative_gap": 0,
                 "route": {
                             "4": [
                                    0,
                                    21,
                                    23,
                                    22,
                                    4,
                                    25,
                                    24,
                                    0
                                  ],
                             "2": [
                                    0,
                                    7,
                                    11,
                                    19,
                                    8,
                                    18,
                                    6,
                                    0
                                  ],
                             "3": [
                                    0,
                                    12,
                                    3,
                                    9,
                                    20,
                                    10,
                                    1,
                                    0
                                  ],
                             "1": [
                                    0,
                                    2,
                                    15,
                                    14,
                                    16,
                                    17,
                                    5,
                                    13,
                                    0
                                  ]
                          },
          "obj_function": 1648.7000000000007,
             "total_com": 10746.8,
           "num_vehicle": 4,
           "solver_name": "CPLEX",
                   "tex": "vehicle 1: [0, 2, 15, 14, 16, 17, 5, 13, 0]\nvehicle 2: [0, 7, 11, 19, 8, 18, 6, 0]\nvehicle 3: [0, 12, 3, 9, 20, 10, 1, 0]\nvehicle 4: [0, 21, 23, 22, 4, 25, 24, 0]\n"
}