{
   "max_completion_time": {
                             "2": 965.9999999999999,
                             "3": 977.0000000000093,
                             "1": 837
                          },
                  "name": "R203-25",
            "solve_time": 1418.2309999465942,
          "relative_gap": 0,
                 "route": {
                             "2": [
                                    0,
                                    18,
                                    7,
                                    11,
                                    19,
                                    8,
                                    6,
                                    1,
                                    9,
                                    20,
                                    10,
                                    24,
                                    25,
                                    0
                                  ],
                             "3": [
                                    0,
                                    21,
                                    23,
                                    22,
                                    4,
                                    12,
                                    3,
                                    0
                                  ],
                             "1": [
                                    0,
                                    2,
                                    15,
                                    14,
                                    16,
                                    17,
                                    5,
                                    13,
                                    0
                                  ]
                          },
          "obj_function": 280.00000000001864,
             "total_com": 12827.900000000012,
           "num_vehicle": 3,
           "solver_name": "CPLEX",
                   "tex": "vehicle 1: [0, 2, 15, 14, 16, 17, 5, 13, 0]\nvehicle 2: [0, 18, 7, 11, 19, 8, 6, 1, 9, 20, 10, 24, 25, 0]\nvehicle 3: [0, 21, 23, 22, 4, 12, 3, 0]\n"
}