{
   "max_completion_time": {
                             "2": 858.2000000000007,
                             "1": 837
                          },
                  "name": "R204-25",
            "solve_time": 98.7739999294281,
          "relative_gap": 0,
                 "route": {
                             "2": [
                                    0,
                                    6,
                                    18,
                                    7,
                                    19,
                                    11,
                                    1,
                                    21,
                                    22,
                                    23,
                                    25,
                                    12,
                                    0
                                  ],
                             "1": [
                                    0,
                                    2,
                                    15,
                                    14,
                                    16,
                                    17,
                                    5,
                                    8,
                                    10,
                                    20,
                                    9,
                                    3,
                                    24,
                                    4,
                                    13,
                                    0
                                  ]
                          },
          "obj_function": 21.200000000000728,
             "total_com": 9547,
           "num_vehicle": 2,
           "solver_name": "CPLEX",
                   "tex": "vehicle 1: [0, 2, 15, 14, 16, 17, 5, 8, 10, 20, 9, 3, 24, 4, 13, 0]\nvehicle 2: [0, 6, 18, 7, 19, 11, 1, 21, 22, 23, 25, 12, 0]\n"
}