{
   "max_completion_time": {
                             "2": 726,
                             "3": 689.5,
                             "1": 727.4000000000015
                          },
                  "name": "R205-25",
            "solve_time": 4.884000062942505,
          "relative_gap": 0,
                 "route": {
                             "2": [
                                    0,
                                    7,
                                    11,
                                    19,
                                    8,
                                    18,
                                    6,
                                    10,
                                    20,
                                    9,
                                    24,
                                    25,
                                    0
                                  ],
                             "3": [
                                    0,
                                    12,
                                    21,
                                    22,
                                    23,
                                    4,
                                    3,
                                    1,
                                    0
                                  ],
                             "1": [
                                    0,
                                    2,
                                    15,
                                    14,
                                    16,
                                    5,
                                    17,
                                    13,
                                    0
                                  ]
                          },
          "obj_function": 75.80000000000291,
             "total_com": 10522.999999999993,
           "num_vehicle": 3,
           "solver_name": "CPLEX",
                   "tex": "vehicle 1: [0, 2, 15, 14, 16, 5, 17, 13, 0]\nvehicle 2: [0, 7, 11, 19, 8, 18, 6, 10, 20, 9, 24, 25, 0]\nvehicle 3: [0, 12, 21, 22, 23, 4, 3, 1, 0]\n"
}