{
   "max_completion_time": {
                             "2": 726,
                             "3": 984,
                             "1": 889
                          },
                  "name": "R206-25",
            "solve_time": 52.49499988555908,
          "relative_gap": 0,
                 "route": {
                             "2": [
                                    0,
                                    7,
                                    11,
                                    19,
                                    8,
                                    18,
                                    6,
                                    10,
                                    20,
                                    9,
                                    24,
                                    25,
                                    0
                                  ],
                             "3": [
                                    0,
                                    21,
                                    22,
                                    23,
                                    4,
                                    12,
                                    3,
                                    1,
                                    0
                                  ],
                             "1": [
                                    0,
                                    2,
                                    15,
                                    14,
                                    16,
                                    17,
                                    5,
                                    13,
                                    0
                                  ]
                          },
          "obj_function": 516,
             "total_com": 12904.399999999976,
           "num_vehicle": 3,
           "solver_name": "CPLEX",
                   "tex": "vehicle 1: [0, 2, 15, 14, 16, 17, 5, 13, 0]\nvehicle 2: [0, 7, 11, 19, 8, 18, 6, 10, 20, 9, 24, 25, 0]\nvehicle 3: [0, 21, 22, 23, 4, 12, 3, 1, 0]\n"
}