{
   "max_completion_time": {
                             "2": 776.0000000000001,
                             "3": 977.0000000000073,
                             "1": 979
                          },
                  "name": "R207-25",
            "solve_time": 249.5849997997284,
          "relative_gap": 0,
                 "route": {
                             "2": [
                                    0,
                                    1,
                                    9,
                                    20,
                                    11,
                                    19,
                                    10,
                                    7,
                                    8,
                                    18,
                                    6,
                                    13,
                                    21,
                                    25,
                                    24,
                                    12,
                                    0
                                  ],
                             "3": [
                                    0,
                                    22,
                                    23,
                                    4,
                                    3,
                                    0
                                  ],
                             "1": [
                                    0,
                                    2,
                                    15,
                                    14,
                                    16,
                                    17,
                                    5,
                                    0
                                  ]
                          },
          "obj_function": 405.9999999999998,
             "total_com": 13511.400000000005,
           "num_vehicle": 3,
           "solver_name": "CPLEX",
                   "tex": "vehicle 1: [0, 2, 15, 14, 16, 17, 5, 0]\nvehicle 2: [0, 1, 9, 20, 11, 19, 10, 7, 8, 18, 6, 13, 21, 25, 24, 12, 0]\nvehicle 3: [0, 22, 23, 4, 3, 0]\n"
}