{
   "max_completion_time": {
                             "2": 987.9999999999998,
                             "1": 889
                          },
                  "name": "R208-25",
            "solve_time": 107.80999994277954,
          "relative_gap": 0,
                 "route": {
                             "2": [
                                    0,
                                    21,
                                    22,
                                    23,
                                    25,
                                    24,
                                    1,
                                    19,
                                    7,
                                    18,
                                    5,
                                    6,
                                    0
                                  ],
                             "1": [
                                    0,
                                    2,
                                    15,
                                    14,
                                    16,
                                    17,
                                    8,
                                    11,
                                    10,
                                    20,
                                    9,
                                    3,
                                    12,
                                    4,
                                    13,
                                    0
                                  ]
                          },
          "obj_function": 98.99999999999977,
             "total_com": 14312.499999999953,
           "num_vehicle": 2,
           "solver_name": "CPLEX",
                   "tex": "vehicle 1: [0, 2, 15, 14, 16, 17, 8, 11, 10, 20, 9, 3, 12, 4, 13, 0]\nvehicle 2: [0, 21, 22, 23, 25, 24, 1, 19, 7, 18, 5, 6, 0]\n"
}