{
   "max_completion_time": {
                             "2": 713.2999999999994,
                             "1": 646
                          },
                  "name": "R209-25",
            "solve_time": 10.110999822616577,
          "relative_gap": 0,
                 "route": {
                             "2": [
                                    0,
                                    12,
                                    21,
                                    23,
                                    22,
                                    2,
                                    6,
                                    18,
                                    8,
                                    7,
                                    19,
                                    11,
                                    10,
                                    20,
                                    9,
                                    24,
                                    25,
                                    13,
                                    0
                                  ],
                             "1": [
                                    0,
                                    5,
                                    16,
                                    17,
                                    14,
                                    15,
                                    4,
                                    3,
                                    1,
                                    0
                                  ]
                          },
          "obj_function": 67.29999999999939,
             "total_com": 11450.300000000007,
           "num_vehicle": 2,
           "solver_name": "CPLEX",
                   "tex": "vehicle 1: [0, 5, 16, 17, 14, 15, 4, 3, 1, 0]\nvehicle 2: [0, 12, 21, 23, 22, 2, 6, 18, 8, 7, 19, 11, 10, 20, 9, 24, 25, 13, 0]\n"
}