{
   "max_completion_time": {
                             "2": 836,
                             "3": 832,
                             "1": 728.7999999999993
                          },
                  "name": "R210-25",
            "solve_time": 59.5239999294281,
          "relative_gap": 0,
                 "route": {
                             "2": [
                                    0,
                                    7,
                                    11,
                                    19,
                                    8,
                                    18,
                                    6,
                                    9,
                                    20,
                                    10,
                                    1,
                                    24,
                                    25,
                                    0
                                  ],
                             "3": [
                                    0,
                                    21,
                                    23,
                                    22,
                                    4,
                                    12,
                                    3,
                                    0
                                  ],
                             "1": [
                                    0,
                                    2,
                                    15,
                                    14,
                                    16,
                                    17,
                                    5,
                                    13,
                                    0
                                  ]
                          },
          "obj_function": 214.40000000000146,
             "total_com": 12805.19999999999,
           "num_vehicle": 3,
           "solver_name": "CPLEX",
                   "tex": "vehicle 1: [0, 2, 15, 14, 16, 17, 5, 13, 0]\nvehicle 2: [0, 7, 11, 19, 8, 18, 6, 9, 20, 10, 1, 24, 25, 0]\nvehicle 3: [0, 21, 23, 22, 4, 12, 3, 0]\n"
}