{
   "max_completion_time": {
                             "2": 563.4000000000015,
                             "1": 721.3999999999905
                          },
                  "name": "R211-25",
            "solve_time": 67.8899998664856,
          "relative_gap": 0,
                 "route": {
                             "2": [
                                    0,
                                    6,
                                    18,
                                    8,
                                    7,
                                    19,
                                    11,
                                    12,
                                    25,
                                    23,
                                    21,
                                    2,
                                    13,
                                    0
                                  ],
                             "1": [
                                    0,
                                    5,
                                    17,
                                    16,
                                    14,
                                    15,
                                    22,
                                    4,
                                    24,
                                    3,
                                    9,
                                    20,
                                    10,
                                    1,
                                    0
                                  ]
                          },
          "obj_function": 157.9999999999891,
             "total_com": 12278.799999999934,
           "num_vehicle": 2,
           "solver_name": "CPLEX",
                   "tex": "vehicle 1: [0, 5, 17, 16, 14, 15, 22, 4, 24, 3, 9, 20, 10, 1, 0]\nvehicle 2: [0, 6, 18, 8, 7, 19, 11, 12, 25, 23, 21, 2, 13, 0]\n"
}