{
   "max_completion_time": {
                             "2": 170.5,
                             "3": 177,
                             "1": 182.09999999999854
                          },
                  "name": "RC106-25",
            "solve_time": 2.496999979019165,
          "relative_gap": 0,
                 "route": {
                             "2": [
                                    0,
                                    23,
                                    21,
                                    18,
                                    19,
                                    20,
                                    22,
                                    25,
                                    24,
                                    0
                                  ],
                             "3": [
                                    0,
                                    2,
                                    5,
                                    8,
                                    7,
                                    6,
                                    4,
                                    3,
                                    1,
                                    0
                                  ],
                             "1": [
                                    0,
                                    11,
                                    15,
                                    16,
                                    14,
                                    12,
                                    10,
                                    9,
                                    13,
                                    17,
                                    0
                                  ]
                          },
          "obj_function": 23.19999999999709,
             "total_com": 2834.4000000000015,
           "num_vehicle": 3,
           "solver_name": "CPLEX",
                   "tex": "vehicle 1: [0, 11, 15, 16, 14, 12, 10, 9, 13, 17, 0]\nvehicle 2: [0, 23, 21, 18, 19, 20, 22, 25, 24, 0]\nvehicle 3: [0, 2, 5, 8, 7, 6, 4, 3, 1, 0]\n"
}