{
   "max_completion_time": {
                             "2": 184.40000000000146,
                             "3": 195.09999999999854,
                             "1": 173.09999999999854
                          },
                  "name": "RC102-25",
            "solve_time": 2.884999990463257,
          "relative_gap": 0,
                 "route": {
                             "2": [
                                    0,
                                    21,
                                    23,
                                    19,
                                    18,
                                    22,
                                    20,
                                    25,
                                    24,
                                    0
                                  ],
                             "3": [
                                    0,
                                    7,
                                    6,
                                    8,
                                    5,
                                    3,
                                    1,
                                    4,
                                    2,
                                    0
                                  ],
                             "1": [
                                    0,
                                    12,
                                    14,
                                    11,
                                    15,
                                    16,
                                    9,
                                    10,
                                    13,
                                    17,
                                    0
                                  ]
                          },
          "obj_function": 44,
             "total_com": 2933.0999999999985,
           "num_vehicle": 3,
           "solver_name": "CPLEX",
                   "tex": "vehicle 1: [0, 12, 14, 11, 15, 16, 9, 10, 13, 17, 0]\nvehicle 2: [0, 21, 23, 19, 18, 22, 20, 25, 24, 0]\nvehicle 3: [0, 7, 6, 8, 5, 3, 1, 4, 2, 0]\n"
}