{
   "max_completion_time": {
                             "2": 608,
                             "3": 618,
                             "1": 480
                          },
                  "name": "RC207-25",
            "solve_time": 2.2779998779296875,
          "relative_gap": 0,
                 "route": {
                             "2": [
                                    0,
                                    25,
                                    23,
                                    21,
                                    18,
                                    19,
                                    20,
                                    22,
                                    24,
                                    0
                                  ],
                             "3": [
                                    0,
                                    2,
                                    6,
                                    7,
                                    8,
                                    5,
                                    3,
                                    1,
                                    4,
                                    0
                                  ],
                             "1": [
                                    0,
                                    12,
                                    14,
                                    17,
                                    16,
                                    15,
                                    13,
                                    9,
                                    11,
                                    10,
                                    0
                                  ]
                          },
          "obj_function": 276,
             "total_com": 10458.600000000006,
           "num_vehicle": 3,
           "solver_name": "CPLEX",
                   "tex": "vehicle 1: [0, 12, 14, 17, 16, 15, 13, 9, 11, 10, 0]\nvehicle 2: [0, 25, 23, 21, 18, 19, 20, 22, 24, 0]\nvehicle 3: [0, 2, 6, 7, 8, 5, 3, 1, 4, 0]\n"
}