{
   "max_completion_time": {
                             "2": 924,
                             "3": 921,
                             "1": 927.0000000000001
                          },
                  "name": "RC203-25",
            "solve_time": 35.42199993133545,
          "relative_gap": 0,
                 "route": {
                             "2": [
                                    0,
                                    20,
                                    19,
                                    18,
                                    21,
                                    23,
                                    22,
                                    25,
                                    24,
                                    0
                                  ],
                             "3": [
                                    0,
                                    2,
                                    6,
                                    7,
                                    8,
                                    4,
                                    5,
                                    3,
                                    1,
                                    0
                                  ],
                             "1": [
                                    0,
                                    11,
                                    15,
                                    9,
                                    10,
                                    13,
                                    16,
                                    17,
                                    14,
                                    12,
                                    0
                                  ]
                          },
          "obj_function": 12.000000000000227,
             "total_com": 14303.7,
           "num_vehicle": 3,
           "solver_name": "CPLEX",
                   "tex": "vehicle 1: [0, 11, 15, 9, 10, 13, 16, 17, 14, 12, 0]\nvehicle 2: [0, 20, 19, 18, 21, 23, 22, 25, 24, 0]\nvehicle 3: [0, 2, 6, 7, 8, 4, 5, 3, 1, 0]\n"
}