{
   "max_completion_time": {
                             "2": 794,
                             "3": 921,
                             "1": 804.0999999999985
                          },
                  "name": "RC202-25",
            "solve_time": 1.055999994277954,
          "relative_gap": 0,
                 "route": {
                             "2": [
                                    0,
                                    23,
                                    21,
                                    18,
                                    19,
                                    22,
                                    20,
                                    24,
                                    25,
                                    0
                                  ],
                             "3": [
                                    0,
                                    2,
                                    6,
                                    7,
                                    8,
                                    4,
                                    5,
                                    3,
                                    1,
                                    0
                                  ],
                             "1": [
                                    0,
                                    12,
                                    14,
                                    16,
                                    15,
                                    11,
                                    9,
                                    10,
                                    13,
                                    17,
                                    0
                                  ]
                          },
          "obj_function": 254,
             "total_com": 12245.8,
           "num_vehicle": 3,
           "solver_name": "CPLEX",
                   "tex": "vehicle 1: [0, 12, 14, 16, 15, 11, 9, 10, 13, 17, 0]\nvehicle 2: [0, 23, 21, 18, 19, 22, 20, 24, 25, 0]\nvehicle 3: [0, 2, 6, 7, 8, 4, 5, 3, 1, 0]\n"
}