{
   "max_completion_time": {
                             "2": 650,
                             "1": 731
                          },
                  "name": "RC208-25",
            "solve_time": 3621.5680000782013,
          "relative_gap": 0.22344437460712374,
                 "route": {
                             "2": [
                                    0,
                                    2,
                                    6,
                                    24,
                                    25,
                                    23,
                                    21,
                                    18,
                                    19,
                                    20,
                                    22,
                                    0
                                  ],
                             "1": [
                                    0,
                                    10,
                                    11,
                                    9,
                                    13,
                                    15,
                                    16,
                                    17,
                                    14,
                                    12,
                                    7,
                                    8,
                                    4,
                                    5,
                                    3,
                                    1,
                                    0
                                  ]
                          },
          "obj_function": 81,
             "total_com": 12508.100000000006,
           "num_vehicle": 2,
           "solver_name": "CPLEX",
                   "tex": "vehicle 1: [0, 10, 11, 9, 13, 15, 16, 17, 14, 12, 7, 8, 4, 5, 3, 1, 0]\nvehicle 2: [0, 2, 6, 24, 25, 23, 21, 18, 19, 20, 22, 0]\n"
}