{
   "max_completion_time": {
                             "2": 1052,
                             "3": 776.9999999999982,
                             "1": 1187.699999999997
                          },
                  "name": "C102-25",
            "solve_time": 2.0747878551483154,
          "relative_gap": 0,
                 "route": {
                             "2": [
                                    0,
                                    20,
                                    24,
                                    25,
                                    23,
                                    22,
                                    21,
                                    0
                                  ],
                             "3": [
                                    0,
                                    13,
                                    17,
                                    18,
                                    19,
                                    15,
                                    16,
                                    14,
                                    12,
                                    0
                                  ],
                             "1": [
                                    0,
                                    7,
                                    8,
                                    10,
                                    11,
                                    9,
                                    6,
                                    4,
                                    2,
                                    1,
                                    3,
                                    5,
                                    0
                                  ]
                          },
          "obj_function": 821.3999999999978,
             "total_com": 15011.499999999989,
           "num_vehicle": 3,
           "solver_name": "Gurobi",
                   "tex": "vehicle 1: [0, 7, 8, 10, 11, 9, 6, 4, 2, 1, 3, 5, 0]\nvehicle 2: [0, 20, 24, 25, 23, 22, 21, 0]\nvehicle 3: [0, 13, 17, 18, 19, 15, 16, 14, 12, 0]\n"
}