{
   "max_completion_time": {
                             "2": 1210,
                             "3": 1210,
                             "1": 956.9999999999999
                          },
                  "name": "C109-25",
            "solve_time": 14.573804140090942,
          "relative_gap": 0,
                 "route": {
                             "2": [
                                    0,
                                    5,
                                    3,
                                    7,
                                    8,
                                    10,
                                    11,
                                    9,
                                    6,
                                    4,
                                    2,
                                    1,
                                    0
                                  ],
                             "3": [
                                    0,
                                    20,
                                    24,
                                    25,
                                    23,
                                    22,
                                    21,
                                    0
                                  ],
                             "1": [
                                    0,
                                    13,
                                    17,
                                    18,
                                    19,
                                    15,
                                    16,
                                    14,
                                    12,
                                    0
                                  ]
                          },
          "obj_function": 506.0000000000002,
             "total_com": 14486.199999999964,
           "num_vehicle": 3,
           "solver_name": "Gurobi",
                   "tex": "vehicle 1: [0, 13, 17, 18, 19, 15, 16, 14, 12, 0]\nvehicle 2: [0, 5, 3, 7, 8, 10, 11, 9, 6, 4, 2, 1, 0]\nvehicle 3: [0, 20, 24, 25, 23, 22, 21, 0]\n"
}