{
   "max_completion_time": {
                             "2": 3152.7000000000116,
                             "3": 3366.7000000000553,
                             "1": 3026.4000000000087
                          },
                  "name": "C201-100",
            "solve_time": 5.587000131607056,
          "relative_gap": 0,
                 "route": {
                             "2": [
                                    0,
                                    20,
                                    22,
                                    24,
                                    27,
                                    30,
                                    29,
                                    6,
                                    32,
                                    33,
                                    31,
                                    35,
                                    37,
                                    38,
                                    39,
                                    36,
                                    34,
                                    28,
                                    26,
                                    23,
                                    18,
                                    19,
                                    16,
                                    14,
                                    12,
                                    15,
                                    17,
                                    13,
                                    25,
                                    9,
                                    11,
                                    10,
                                    8,
                                    21,
                                    0
                                  ],
                             "3": [
                                    0,
                                    93,
                                    5,
                                    75,
                                    2,
                                    1,
                                    99,
                                    100,
                                    97,
                                    92,
                                    94,
                                    95,
                                    98,
                                    7,
                                    3,
                                    4,
                                    89,
                                    91,
                                    88,
                                    84,
                                    86,
                                    83,
                                    82,
                                    85,
                                    76,
                                    71,
                                    70,
                                    73,
                                    80,
                                    79,
                                    81,
                                    78,
                                    77,
                                    96,
                                    87,
                                    90,
                                    0
                                  ],
                             "1": [
                                    0,
                                    67,
                                    63,
                                    62,
                                    74,
                                    72,
                                    61,
                                    64,
                                    66,
                                    69,
                                    68,
                                    65,
                                    49,
                                    55,
                                    54,
                                    53,
                                    56,
                                    58,
                                    60,
                                    59,
                                    57,
                                    40,
                                    44,
                                    46,
                                    45,
                                    51,
                                    50,
                                    52,
                                    47,
                                    43,
                                    42,
                                    41,
                                    48,
                                    0
                                  ]
                          },
          "obj_function": 680.6000000000931,
             "total_com": 163861.70000000123,
           "num_vehicle": 3,
           "solver_name": "CPLEX",
                   "tex": "vehicle 1: [0, 67, 63, 62, 74, 72, 61, 64, 66, 69, 68, 65, 49, 55, 54, 53, 56, 58, 60, 59, 57, 40, 44, 46, 45, 51, 50, 52, 47, 43, 42, 41, 48, 0]\nvehicle 2: [0, 20, 22, 24, 27, 30, 29, 6, 32, 33, 31, 35, 37, 38, 39, 36, 34, 28, 26, 23, 18, 19, 16, 14, 12, 15, 17, 13, 25, 9, 11, 10, 8, 21, 0]\nvehicle 3: [0, 93, 5, 75, 2, 1, 99, 100, 97, 92, 94, 95, 98, 7, 3, 4, 89, 91, 88, 84, 86, 83, 82, 85, 76, 71, 70, 73, 80, 79, 81, 78, 77, 96, 87, 90, 0]\n"
}