{
   "max_completion_time": {
                             "2": 1337,
                             "1": 3378
                          },
                  "name": "C207-25",
            "solve_time": 1.4747531414031982,
          "relative_gap": 0,
                 "route": {
                             "2": [
                                    0,
                                    5,
                                    2,
                                    1,
                                    7,
                                    3,
                                    4,
                                    0
                                  ],
                             "1": [
                                    0,
                                    20,
                                    22,
                                    24,
                                    6,
                                    23,
                                    17,
                                    18,
                                    19,
                                    16,
                                    14,
                                    12,
                                    15,
                                    13,
                                    25,
                                    9,
                                    11,
                                    10,
                                    8,
                                    21,
                                    0
                                  ]
                          },
          "obj_function": 2041,
             "total_com": 46586.20000000008,
           "num_vehicle": 2,
           "solver_name": "Gurobi",
                   "tex": "vehicle 1: [0, 20, 22, 24, 6, 23, 17, 18, 19, 16, 14, 12, 15, 13, 25, 9, 11, 10, 8, 21, 0]\nvehicle 2: [0, 5, 2, 1, 7, 3, 4, 0]\n"
}