{
   "max_completion_time": {
                             "2": 3378,
                             "1": 1111
                          },
                  "name": "C208-25",
            "solve_time": 0.543198823928833,
          "relative_gap": 0,
                 "route": {
                             "2": [
                                    0,
                                    20,
                                    22,
                                    24,
                                    6,
                                    23,
                                    18,
                                    17,
                                    19,
                                    16,
                                    14,
                                    12,
                                    15,
                                    13,
                                    25,
                                    9,
                                    11,
                                    10,
                                    8,
                                    21,
                                    0
                                  ],
                             "1": [
                                    0,
                                    5,
                                    2,
                                    1,
                                    7,
                                    3,
                                    4,
                                    0
                                  ]
                          },
          "obj_function": 2267,
             "total_com": 45588.79999999999,
           "num_vehicle": 2,
           "solver_name": "Gurobi",
                   "tex": "vehicle 1: [0, 5, 2, 1, 7, 3, 4, 0]\nvehicle 2: [0, 20, 22, 24, 6, 23, 18, 17, 19, 16, 14, 12, 15, 13, 25, 9, 11, 10, 8, 21, 0]\n"
}