{
   "max_completion_time": {
                              "5": 172.80000000000288,
                             "16": 220,
                             "20": 202,
                             "12": 101,
                              "8": 142,
                             "17": 119,
                              "1": 156,
                             "19": 208,
                              "6": 202,
                             "11": 199,
                              "9": 145.1000000000058,
                             "14": 134,
                              "3": 192,
                              "7": 145,
                              "4": 175.30000000000288,
                             "13": 160.80000000000288,
                             "15": 177,
                              "2": 196,
                             "10": 205,
                             "18": 175.30000000000288
                          },
                  "name": "R101-100",
            "solve_time": 117.04200005531311,
          "relative_gap": 8.756126822436771e-5,
                 "route": {
                              "5": [
                                     0,
                                     65,
                                     71,
                                     9,
                                     66,
                                     1,
                                     0
                                   ],
                             "16": [
                                     0,
                                     72,
                                     75,
                                     22,
                                     74,
                                     58,
                                     0
                                   ],
                             "20": [
                                     0,
                                     27,
                                     69,
                                     30,
                                     51,
                                     20,
                                     32,
                                     70,
                                     0
                                   ],
                             "12": [
                                     0,
                                     31,
                                     88,
                                     7,
                                     0
                                   ],
                              "8": [
                                     0,
                                     40,
                                     53,
                                     26,
                                     0
                                   ],
                             "17": [
                                     0,
                                     52,
                                     6,
                                     0
                                   ],
                              "1": [
                                     0,
                                     33,
                                     81,
                                     50,
                                     68,
                                     0
                                   ],
                             "19": [
                                     0,
                                     5,
                                     83,
                                     61,
                                     85,
                                     37,
                                     93,
                                     0
                                   ],
                              "6": [
                                     0,
                                     12,
                                     76,
                                     79,
                                     3,
                                     54,
                                     24,
                                     80,
                                     0
                                   ],
                             "11": [
                                     0,
                                     28,
                                     29,
                                     78,
                                     34,
                                     35,
                                     77,
                                     0
                                   ],
                              "9": [
                                     0,
                                     42,
                                     15,
                                     87,
                                     57,
                                     97,
                                     0
                                   ],
                             "14": [
                                     0,
                                     62,
                                     11,
                                     90,
                                     10,
                                     0
                                   ],
                              "3": [
                                     0,
                                     39,
                                     23,
                                     67,
                                     55,
                                     25,
                                     0
                                   ],
                              "7": [
                                     0,
                                     59,
                                     99,
                                     94,
                                     96,
                                     0
                                   ],
                              "4": [
                                     0,
                                     63,
                                     64,
                                     49,
                                     48,
                                     0
                                   ],
                             "13": [
                                     0,
                                     2,
                                     21,
                                     73,
                                     41,
                                     56,
                                     4,
                                     0
                                   ],
                             "15": [
                                     0,
                                     36,
                                     47,
                                     19,
                                     8,
                                     46,
                                     17,
                                     0
                                   ],
                              "2": [
                                     0,
                                     45,
                                     82,
                                     18,
                                     84,
                                     60,
                                     89,
                                     0
                                   ],
                             "10": [
                                     0,
                                     95,
                                     98,
                                     16,
                                     86,
                                     91,
                                     100,
                                     0
                                   ],