{
   "max_completion_time": {
                             "5": 97,
                             "4": 116.70000000000073,
                             "6": 192,
                             "7": 169,
                             "2": 177,
                             "8": 179,
                             "3": 144,
                             "1": 181
                          },
                  "name": "R101-25",
            "solve_time": 0.06609296798706055,
          "relative_gap": 0,
                 "route": {
                             "5": [
                                    0,
                                    18,
                                    0
                                  ],
                             "4": [
                                    0,
                                    5,
                                    16,
                                    6,
                                    0
                                  ],
                             "6": [
                                    0,
                                    2,
                                    21,
                                    3,
                                    24,
                                    25,
                                    0
                                  ],
                             "7": [
                                    0,
                                    23,
                                    22,
                                    4,
                                    0
                                  ],
                             "2": [
                                    0,
                                    7,
                                    8,
                                    17,
                                    0
                                  ],
                             "8": [
                                    0,
                                    14,
                                    15,
                                    13,
                                    0
                                  ],
                             "3": [
                                    0,
                                    11,
                                    19,
                                    10,
                                    0
                                  ],
                             "1": [
                                    0,
                                    12,
                                    9,
                                    20,
                                    1,
                                    0
                                  ]
                          },
          "obj_function": 1099.4999999999964,
             "total_com": 2839.0000000000027,
           "num_vehicle": 8,
           "solver_name": "Gurobi",
                   "tex": "vehicle 1: [0, 12, 9, 20, 1, 0]\nvehicle 2: [0, 7, 8, 17, 0]\nvehicle 3: [0, 11, 19, 10, 0]\nvehicle 4: [0, 5, 16, 6, 0]\nvehicle 5: [0, 18, 0]\nvehicle 6: [0, 2, 21, 3, 24, 25, 0]\nvehicle 7: [0, 23, 22, 4, 0]\nvehicle 8: [0, 14, 15, 13, 0]\n"
}