{
   "max_completion_time": {
                              "5": 179,
                              "8": 207,
                              "1": 187,
                              "6": 212,
                             "11": 218,
                              "9": 150.8000000000029,
                              "3": 215,
                              "7": 119,
                              "4": 95,
                              "2": 156.6999999999971,
                             "10": 157.3000000000029
                          },
                  "name": "R102-50",
            "solve_time": 3600.0647900104523,
          "relative_gap": 0.05671245015507327,
                 "route": {
                              "5": [
                                     0,
                                     37,
                                     14,
                                     44,
                                     38,
                                     43,
                                     13,
                                     0
                                   ],
                              "8": [
                                     0,
                                     50,
                                     33,
                                     9,
                                     35,
                                     34,
                                     3,
                                     0
                                   ],
                              "1": [
                                     0,
                                     48,
                                     36,
                                     47,
                                     8,
                                     46,
                                     17,
                                     5,
                                     0
                                   ],
                              "6": [
                                     0,
                                     42,
                                     15,
                                     41,
                                     2,
                                     0
                                   ],
                             "11": [
                                     0,
                                     21,
                                     39,
                                     23,
                                     22,
                                     4,
                                     25,
                                     26,
                                     0
                                   ],
                              "9": [
                                     0,
                                     11,
                                     19,
                                     49,
                                     7,
                                     0
                                   ],
                              "3": [
                                     0,
                                     28,
                                     29,
                                     24,
                                     12,
                                     0
                                   ],
                              "7": [
                                     0,
                                     45,
                                     16,
                                     6,
                                     0
                                   ],
                              "4": [
                                     0,
                                     40,
                                     0
                                   ],
                              "2": [
                                     0,
                                     27,
                                     1,
                                     30,
                                     20,
                                     32,
                                     0
                                   ],
                             "10": [
                                     0,
                                     18,
                                     10,
                                     31,
                                     0
                                   ]
                          },
          "obj_function": 2625.7999999999884,
             "total_com": 5528.700000000019,
           "num_vehicle": 11,
           "solver_name": "Gurobi",
                   "tex": "vehicle 1: [0, 48, 36, 47, 8, 46, 17, 5, 0]\nvehicle 2: [0, 27, 1, 30, 20, 32, 0]\nvehicle 3: [0, 28, 29, 24, 12, 0]\nvehicle 4: [0, 40, 0]\nvehicle 5: [0, 37, 14, 44, 38, 43, 13, 0]\nvehicle 6: [0, 42, 15, 41, 2, 0]\nvehicle 7: [0, 45, 16, 6, 0]\nvehicle 8: [0, 50, 33, 9, 35, 34, 3, 0]\nvehicle 9: [0, 11, 19, 49, 7, 0]\nvehicle 10: [0, 18, 10, 31, 0]\nvehicle 11: [0, 21, 39, 23, 22, 4, 25, 26, 0]\n"
}