{
   "max_completion_time": {
                             "5": 207,
                             "4": 208,
                             "6": 214,
                             "7": 209,
                             "2": 215,
                             "9": 109,
                             "8": 223,
                             "3": 95,
                             "1": 179
                          },
                  "name": "R103-50",
            "solve_time": 3600.050090074539,
          "relative_gap": 0.1449980281319839,
                 "route": {
                             "5": [
                                    0,
                                    24,
                                    29,
                                    33,
                                    9,
                                    35,
                                    34,
                                    3,
                                    0
                                  ],
                             "4": [
                                    0,
                                    46,
                                    36,
                                    11,
                                    19,
                                    49,
                                    47,
                                    48,
                                    7,
                                    0
                                  ],
                             "6": [
                                    0,
                                    45,
                                    8,
                                    18,
                                    0
                                  ],
                             "7": [
                                    0,
                                    37,
                                    14,
                                    44,
                                    38,
                                    16,
                                    17,
                                    5,
                                    0
                                  ],
                             "2": [
                                    0,
                                    26,
                                    21,
                                    39,
                                    23,
                                    22,
                                    4,
                                    25,
                                    12,
                                    0
                                  ],
                             "9": [
                                    0,
                                    6,
                                    0
                                  ],
                             "8": [
                                    0,
                                    27,
                                    30,
                                    20,
                                    32,
                                    10,
                                    31,
                                    1,
                                    50,
                                    28,
                                    0
                                  ],
                             "3": [
                                    0,
                                    40,
                                    0
                                  ],
                             "1": [
                                    0,
                                    42,
                                    43,
                                    15,
                                    41,
                                    2,
                                    13,
                                    0
                                  ]
                          },
          "obj_function": 1804,
             "total_com": 5723.19999999999,
           "num_vehicle": 9,
           "solver_name": "Gurobi",
                   "tex": "vehicle 1: [0, 42, 43, 15, 41, 2, 13, 0]\nvehicle 2: [0, 26, 21, 39, 23, 22, 4, 25, 12, 0]\nvehicle 3: [0, 40, 0]\nvehicle 4: [0, 46, 36, 11, 19, 49, 47, 48, 7, 0]\nvehicle 5: [0, 24, 29, 33, 9, 35, 34, 3, 0]\nvehicle 6: [0, 45, 8, 18, 0]\nvehicle 7: [0, 37, 14, 44, 38, 16, 17, 5, 0]\nvehicle 8: [0, 27, 30, 20, 32, 10, 31, 1, 50, 28, 0]\nvehicle 9: [0, 6, 0]\n"
}