{
   "max_completion_time": {
                             "4": 218,
                             "2": 179,
                             "3": 192,
                             "1": 215
                          },
                  "name": "R104-25",
            "solve_time": 91.25296998023987,
          "relative_gap": 0,
                 "route": {
                             "4": [
                                    0,
                                    18,
                                    7,
                                    19,
                                    11,
                                    8,
                                    17,
                                    5,
                                    6,
                                    0
                                  ],
                             "2": [
                                    0,
                                    16,
                                    14,
                                    15,
                                    2,
                                    13,
                                    0
                                  ],
                             "3": [
                                    0,
                                    21,
                                    22,
                                    23,
                                    4,
                                    25,
                                    0
                                  ],
                             "1": [
                                    0,
                                    1,
                                    10,
                                    20,
                                    9,
                                    3,
                                    24,
                                    12,
                                    0
                                  ]
                          },
          "obj_function": 140,
             "total_com": 2591.4999999999964,
           "num_vehicle": 4,
           "solver_name": "Gurobi",
                   "tex": "vehicle 1: [0, 1, 10, 20, 9, 3, 24, 12, 0]\nvehicle 2: [0, 16, 14, 15, 2, 13, 0]\nvehicle 3: [0, 21, 22, 23, 4, 25, 0]\nvehicle 4: [0, 18, 7, 19, 11, 8, 17, 5, 6, 0]\n"
}