{
   "max_completion_time": {
                             "4": 214,
                             "2": 200,
                             "3": 209,
                             "1": 159
                          },
                  "name": "R107-25",
            "solve_time": 127.22576904296875,
          "relative_gap": 0,
                 "route": {
                             "4": [
                                    0,
                                    12,
                                    3,
                                    9,
                                    20,
                                    10,
                                    1,
                                    0
                                  ],
                             "2": [
                                    0,
                                    21,
                                    23,
                                    22,
                                    4,
                                    25,
                                    24,
                                    0
                                  ],
                             "3": [
                                    0,
                                    18,
                                    7,
                                    11,
                                    19,
                                    8,
                                    17,
                                    16,
                                    5,
                                    0
                                  ],
                             "1": [
                                    0,
                                    2,
                                    15,
                                    14,
                                    6,
                                    13,
                                    0
                                  ]
                          },
          "obj_function": 174,
             "total_com": 2668.399999999998,
           "num_vehicle": 4,
           "solver_name": "Gurobi",
                   "tex": "vehicle 1: [0, 2, 15, 14, 6, 13, 0]\nvehicle 2: [0, 21, 23, 22, 4, 25, 24, 0]\nvehicle 3: [0, 18, 7, 11, 19, 8, 17, 16, 5, 0]\nvehicle 4: [0, 12, 3, 9, 20, 10, 1, 0]\n"
}