{
   "max_completion_time": {
                             "4": 187.79999999999927,
                             "2": 165,
                             "3": 180,
                             "1": 185.09999999999854
                          },
                  "name": "R110-25",
            "solve_time": 3600.022162914276,
          "relative_gap": 0.011018664268046076,
                 "route": {
                             "4": [
                                    0,
                                    11,
                                    19,
                                    7,
                                    10,
                                    20,
                                    9,
                                    1,
                                    0
                                  ],
                             "2": [
                                    0,
                                    5,
                                    16,
                                    14,
                                    15,
                                    22,
                                    23,
                                    0
                                  ],
                             "3": [
                                    0,
                                    18,
                                    8,
                                    17,
                                    6,
                                    13,
                                    0
                                  ],
                             "1": [
                                    0,
                                    2,
                                    21,
                                    12,
                                    3,
                                    24,
                                    25,
                                    4,
                                    0
                                  ]
                          },
          "obj_function": 73.49999999999636,
             "total_com": 2879.8000000000357,
           "num_vehicle": 4,
           "solver_name": "Gurobi",
                   "tex": "vehicle 1: [0, 2, 21, 12, 3, 24, 25, 4, 0]\nvehicle 2: [0, 5, 16, 14, 15, 22, 23, 0]\nvehicle 3: [0, 18, 8, 17, 6, 13, 0]\nvehicle 4: [0, 11, 19, 7, 10, 20, 9, 1, 0]\n"
}