{
   "max_completion_time": {
                             "5": 857,
                             "4": 700,
                             "2": 982.0000000000002,
                             "3": 524,
                             "1": 743
                          },
                  "name": "R202-50",
            "solve_time": 3622.9430000782013,
          "relative_gap": 0.24630905335697498,
                 "route": {
                             "5": [
                                    0,
                                    27,
                                    1,
                                    33,
                                    34,
                                    29,
                                    9,
                                    35,
                                    50,
                                    3,
                                    24,
                                    4,
                                    25,
                                    21,
                                    0
                                  ],
                             "4": [
                                    0,
                                    42,
                                    14,
                                    15,
                                    43,
                                    37,
                                    13,
                                    0
                                  ],
                             "2": [
                                    0,
                                    47,
                                    36,
                                    19,
                                    11,
                                    30,
                                    20,
                                    10,
                                    32,
                                    31,
                                    0
                                  ],
                             "3": [
                                    0,
                                    28,
                                    12,
                                    26,
                                    39,
                                    23,
                                    41,
                                    22,
                                    40,
                                    2,
                                    6,
                                    0
                                  ],
                             "1": [
                                    0,
                                    45,
                                    16,
                                    44,
                                    38,
                                    5,
                                    18,
                                    8,
                                    7,
                                    48,
                                    49,
                                    46,
                                    17,
                                    0
                                  ]
                          },
          "obj_function": 2146.000000000001,
             "total_com": 22287.6,
           "num_vehicle": 5,
           "solver_name": "CPLEX",
                   "tex": "vehicle 1: [0, 45, 16, 44, 38, 5, 18, 8, 7, 48, 49, 46, 17, 0]\nvehicle 2: [0, 47, 36, 19, 11, 30, 20, 10, 32, 31, 0]\nvehicle 3: [0, 28, 12, 26, 39, 23, 41, 22, 40, 2, 6, 0]\nvehicle 4: [0, 42, 14, 15, 43, 37, 13, 0]\nvehicle 5: [0, 27, 1, 33, 34, 29, 9, 35, 50, 3, 24, 4, 25, 21, 0]\n"
}