{
   "max_completion_time": {
                             "2": 985,
                             "1": 984
                          },
                  "name": "R204-25",
            "solve_time": 66.93773198127747,
          "relative_gap": 0,
                 "route": {
                             "2": [
                                    0,
                                    2,
                                    22,
                                    23,
                                    15,
                                    14,
                                    16,
                                    17,
                                    8,
                                    5,
                                    6,
                                    13,
                                    21,
                                    4,
                                    25,
                                    24,
                                    3,
                                    12,
                                    0
                                  ],
                             "1": [
                                    0,
                                    18,
                                    7,
                                    19,
                                    11,
                                    10,
                                    20,
                                    9,
                                    1,
                                    0
                                  ]
                          },
          "obj_function": 1,
             "total_com": 11917.800000000007,
           "num_vehicle": 2,
           "solver_name": "Gurobi",
                   "tex": "vehicle 1: [0, 18, 7, 19, 11, 10, 20, 9, 1, 0]\nvehicle 2: [0, 2, 22, 23, 15, 14, 16, 17, 8, 5, 6, 13, 21, 4, 25, 24, 3, 12, 0]\n"
}