{
   "max_completion_time": {
                             "4": 788.6999999999971,
                             "2": 981.0000000000146,
                             "3": 751.1999999999971,
                             "1": 889.0000000000146
                          },
                  "name": "R206-50",
            "solve_time": 3609.3420000076294,
          "relative_gap": 0.6455393271429527,
                 "route": {
                             "4": [
                                    0,
                                    37,
                                    15,
                                    30,
                                    50,
                                    41,
                                    5,
                                    19,
                                    49,
                                    7,
                                    6,
                                    20,
                                    25,
                                    24,
                                    1,
                                    0
                                  ],
                             "2": [
                                    0,
                                    2,
                                    42,
                                    3,
                                    12,
                                    14,
                                    44,
                                    16,
                                    36,
                                    47,
                                    29,
                                    35,
                                    10,
                                    34,
                                    21,
                                    0
                                  ],
                             "3": [
                                    0,
                                    33,
                                    39,
                                    23,
                                    11,
                                    48,
                                    46,
                                    9,
                                    17,
                                    32,
                                    0
                                  ],
                             "1": [
                                    0,
                                    45,
                                    26,
                                    28,
                                    27,
                                    18,
                                    38,
                                    31,
                                    8,
                                    40,
                                    22,
                                    4,
                                    43,
                                    13,
                                    0
                                  ]
                          },
          "obj_function": 789.7000000000698,
             "total_com": 22032.40000001409,
           "num_vehicle": 4,
           "solver_name": "CPLEX",
                   "tex": "vehicle 1: [0, 45, 26, 28, 27, 18, 38, 31, 8, 40, 22, 4, 43, 13, 0]\nvehicle 2: [0, 2, 42, 3, 12, 14, 44, 16, 36, 47, 29, 35, 10, 34, 21, 0]\nvehicle 3: [0, 33, 39, 23, 11, 48, 46, 9, 17, 32, 0]\nvehicle 4: [0, 37, 15, 30, 50, 41, 5, 19, 49, 7, 6, 20, 25, 24, 1, 0]\n"
}