{
   "max_completion_time": {
                             "2": 561.4999999999961,
                             "1": 805.7999999999984
                          },
                  "name": "R208-25",
            "solve_time": 0.8094289302825928,
          "relative_gap": 0,
                 "route": {
                             "2": [
                                    0,
                                    18,
                                    8,
                                    7,
                                    19,
                                    11,
                                    10,
                                    1,
                                    20,
                                    9,
                                    3,
                                    24,
                                    12,
                                    0
                                  ],
                             "1": [
                                    0,
                                    6,
                                    5,
                                    17,
                                    16,
                                    14,
                                    15,
                                    22,
                                    23,
                                    25,
                                    4,
                                    21,
                                    2,
                                    13,
                                    0
                                  ]
                          },
          "obj_function": 244.30000000000223,
             "total_com": 10782.999999999998,
           "num_vehicle": 2,
           "solver_name": "Gurobi",
                   "tex": "vehicle 1: [0, 6, 5, 17, 16, 14, 15, 22, 23, 25, 4, 21, 2, 13, 0]\nvehicle 2: [0, 18, 8, 7, 19, 11, 10, 1, 20, 9, 3, 24, 12, 0]\n"
}