{
   "max_completion_time": {
                             "2": 970,
                             "3": 552.5,
                             "1": 833
                          },
                  "name": "R210-25",
            "solve_time": 8.2356538772583,
          "relative_gap": 0,
                 "route": {
                             "2": [
                                    0,
                                    2,
                                    15,
                                    23,
                                    22,
                                    21,
                                    4,
                                    25,
                                    24,
                                    0
                                  ],
                             "3": [
                                    0,
                                    12,
                                    3,
                                    9,
                                    20,
                                    10,
                                    1,
                                    0
                                  ],
                             "1": [
                                    0,
                                    7,
                                    11,
                                    19,
                                    8,
                                    18,
                                    6,
                                    14,
                                    16,
                                    17,
                                    5,
                                    13,
                                    0
                                  ]
                          },
          "obj_function": 835,
             "total_com": 12042.800000000003,
           "num_vehicle": 3,
           "solver_name": "Gurobi",
                   "tex": "vehicle 1: [0, 7, 11, 19, 8, 18, 6, 14, 16, 17, 5, 13, 0]\nvehicle 2: [0, 2, 15, 23, 22, 21, 4, 25, 24, 0]\nvehicle 3: [0, 12, 3, 9, 20, 10, 1, 0]\n"
}