{
   "max_completion_time": {
                             "2": 180,
                             "3": 174,
                             "1": 165
                          },
                  "name": "RC107-25",
            "solve_time": 8.564493179321289,
          "relative_gap": 0,
                 "route": {
                             "2": [
                                    0,
                                    25,
                                    23,
                                    21,
                                    18,
                                    19,
                                    20,
                                    22,
                                    24,
                                    0
                                  ],
                             "3": [
                                    0,
                                    12,
                                    14,
                                    17,
                                    16,
                                    15,
                                    13,
                                    9,
                                    11,
                                    10,
                                    0
                                  ],
                             "1": [
                                    0,
                                    2,
                                    6,
                                    7,
                                    8,
                                    5,
                                    3,
                                    1,
                                    4,
                                    0
                                  ]
                          },
          "obj_function": 30,
             "total_com": 2817.199999999993,
           "num_vehicle": 3,
           "solver_name": "Gurobi",
                   "tex": "vehicle 1: [0, 2, 6, 7, 8, 5, 3, 1, 4, 0]\nvehicle 2: [0, 25, 23, 21, 18, 19, 20, 22, 24, 0]\nvehicle 3: [0, 12, 14, 17, 16, 15, 13, 9, 11, 10, 0]\n"
}