{
   "max_completion_time": {
                             "4": 201.40000000000146,
                             "2": 163,
                             "3": 190,
                             "1": 138
                          },
                  "name": "RC105-25",
            "solve_time": 14.435880899429321,
          "relative_gap": 0,
                 "route": {
                             "4": [
                                    0,
                                    19,
                                    23,
                                    18,
                                    22,
                                    20,
                                    21,
                                    25,
                                    24,
                                    0
                                  ],
                             "2": [
                                    0,
                                    2,
                                    5,
                                    3,
                                    1,
                                    8,
                                    6,
                                    7,
                                    4,
                                    0
                                  ],
                             "3": [
                                    0,
                                    12,
                                    14,
                                    15,
                                    16,
                                    13,
                                    17,
                                    0
                                  ],
                             "1": [
                                    0,
                                    11,
                                    9,
                                    10,
                                    0
                                  ]
                          },
          "obj_function": 217.20000000000437,
             "total_com": 2869.4000000000015,
           "num_vehicle": 4,
           "solver_name": "Gurobi",
                   "tex": "vehicle 1: [0, 11, 9, 10, 0]\nvehicle 2: [0, 2, 5, 3, 1, 8, 6, 7, 4, 0]\nvehicle 3: [0, 12, 14, 15, 16, 13, 17, 0]\nvehicle 4: [0, 19, 23, 18, 22, 20, 21, 25, 24, 0]\n"
}