{
   "max_completion_time": {
                             "5": 653,
                             "4": 727,
                             "2": 843,
                             "3": 578,
                             "1": 687.6999999999971
                          },
                  "name": "RC206-50",
            "solve_time": 3604.7850000858307,
          "relative_gap": 0.24795036747800747,
                 "route": {
                             "5": [
                                    0,
                                    12,
                                    14,
                                    47,
                                    16,
                                    15,
                                    11,
                                    10,
                                    9,
                                    17,
                                    0
                                  ],
                             "4": [
                                    0,
                                    22,
                                    21,
                                    23,
                                    18,
                                    19,
                                    49,
                                    24,
                                    20,
                                    0
                                  ],
                             "2": [
                                    0,
                                    33,
                                    30,
                                    28,
                                    27,
                                    29,
                                    31,
                                    32,
                                    34,
                                    50,
                                    26,
                                    48,
                                    25,
                                    13,
                                    0
                                  ],
                             "3": [
                                    0,
                                    2,
                                    45,
                                    5,
                                    3,
                                    8,
                                    46,
                                    7,
                                    6,
                                    0
                                  ],
                             "1": [
                                    0,
                                    42,
                                    44,
                                    39,
                                    36,
                                    40,
                                    38,
                                    41,
                                    43,
                                    35,
                                    37,
                                    1,
                                    4,
                                    0
                                  ]
                          },
          "obj_function": 1208,
             "total_com": 20832.99999999913,
           "num_vehicle": 5,
           "solver_name": "CPLEX",
                   "tex": "vehicle 1: [0, 42, 44, 39, 36, 40, 38, 41, 43, 35, 37, 1, 4, 0]\nvehicle 2: [0, 33, 30, 28, 27, 29, 31, 32, 34, 50, 26, 48, 25, 13, 0]\nvehicle 3: [0, 2, 45, 5, 3, 8, 46, 7, 6, 0]\nvehicle 4: [0, 22, 21, 23, 18, 19, 49, 24, 20, 0]\nvehicle 5: [0, 12, 14, 47, 16, 15, 11, 10, 9, 17, 0]\n"
}