{
   "max_completion_time": {
                             "2": 708.4000000000017,
                             "3": 674,
                             "1": 709
                          },
                  "name": "RC206-25",
            "solve_time": 0.7109200954437256,
          "relative_gap": 0,
                 "route": {
                             "2": [
                                    0,
                                    22,
                                    19,
                                    18,
                                    21,
                                    23,
                                    25,
                                    24,
                                    20,
                                    0
                                  ],
                             "3": [
                                    0,
                                    2,
                                    5,
                                    8,
                                    7,
                                    6,
                                    4,
                                    3,
                                    1,
                                    0
                                  ],
                             "1": [
                                    0,
                                    12,
                                    14,
                                    11,
                                    9,
                                    15,
                                    16,
                                    17,
                                    13,
                                    10,
                                    0
                                  ]
                          },
          "obj_function": 70,
             "total_com": 11031.800000000007,
           "num_vehicle": 3,
           "solver_name": "Gurobi",
                   "tex": "vehicle 1: [0, 12, 14, 11, 9, 15, 16, 17, 13, 10, 0]\nvehicle 2: [0, 22, 19, 18, 21, 23, 25, 24, 20, 0]\nvehicle 3: [0, 2, 5, 8, 7, 6, 4, 3, 1, 0]\n"
}