{
   "max_completion_time": {
                             "2": 921,
                             "1": 579
                          },
                  "name": "RC208-25",
            "solve_time": 3600.012032032013,
          "relative_gap": 0.09698996655518402,
                 "route": {
                             "2": [
                                    0,
                                    12,
                                    14,
                                    17,
                                    16,
                                    15,
                                    13,
                                    9,
                                    11,
                                    10,
                                    2,
                                    6,
                                    7,
                                    8,
                                    4,
                                    5,
                                    3,
                                    1,
                                    0
                                  ],
                             "1": [
                                    0,
                                    24,
                                    25,
                                    23,
                                    21,
                                    18,
                                    19,
                                    20,
                                    22,
                                    0
                                  ]
                          },
          "obj_function": 342,
             "total_com": 13119.000000000004,
           "num_vehicle": 2,
           "solver_name": "Gurobi",
                   "tex": "vehicle 1: [0, 24, 25, 23, 21, 18, 19, 20, 22, 0]\nvehicle 2: [0, 12, 14, 17, 16, 15, 13, 9, 11, 10, 2, 6, 7, 8, 4, 5, 3, 1, 0]\n"
}