{
   "max_completion_time": {
                             "5": 851.4000000000016,
                             "4": 744,
                             "2": 687,
                             "3": 714.0999999999987,
                             "1": 610.2999999990029
                          },
                  "name": "RC205-50",
            "solve_time": 3603.9509999752045,
          "relative_gap": 0.09928844450380753,
                 "route": {
                             "5": [
                                    0,
                                    19,
                                    23,
                                    21,
                                    48,
                                    18,
                                    49,
                                    22,
                                    20,
                                    25,
                                    24,
                                    0
                                  ],
                             "4": [
                                    0,
                                    2,
                                    45,
                                    5,
                                    3,
                                    1,
                                    8,
                                    7,
                                    6,
                                    46,
                                    4,
                                    0
                                  ],
                             "2": [
                                    0,
                                    42,
                                    39,
                                    36,
                                    44,
                                    40,
                                    38,
                                    41,
                                    37,
                                    35,
                                    43,
                                    0
                                  ],
                             "3": [
                                    0,
                                    12,
                                    14,
                                    47,
                                    16,
                                    15,
                                    11,
                                    9,
                                    10,
                                    13,
                                    17,
                                    0
                                  ],
                             "1": [
                                    0,
                                    33,
                                    30,
                                    27,
                                    28,
                                    26,
                                    29,
                                    31,
                                    32,
                                    34,
                                    50,
                                    0
                                  ]
                          },
          "obj_function": 1078.4000000039946,
             "total_com": 20263.49999999697,
           "num_vehicle": 5,
           "solver_name": "CPLEX",
                   "tex": "vehicle 1: [0, 33, 30, 27, 28, 26, 29, 31, 32, 34, 50, 0]\nvehicle 2: [0, 42, 39, 36, 44, 40, 38, 41, 37, 35, 43, 0]\nvehicle 3: [0, 12, 14, 47, 16, 15, 11, 9, 10, 13, 17, 0]\nvehicle 4: [0, 2, 45, 5, 3, 1, 8, 7, 6, 46, 4, 0]\nvehicle 5: [0, 19, 23, 21, 48, 18, 49, 22, 20, 25, 24, 0]\n"
}