{
   "max_completion_time": {
                             "2": 899.8000000000029,
                             "3": 929,
                             "1": 861.9000000000015
                          },
                  "name": "RC204-50",
            "solve_time": 3603.621999979019,
          "relative_gap": 0.26849281647006884,
                 "route": {
                             "2": [
                                    0,
                                    12,
                                    14,
                                    47,
                                    17,
                                    16,
                                    15,
                                    11,
                                    9,
                                    13,
                                    10,
                                    34,
                                    31,
                                    29,
                                    27,
                                    26,
                                    28,
                                    30,
                                    32,
                                    33,
                                    50,
                                    0
                                  ],
                             "3": [
                                    0,
                                    41,
                                    39,
                                    44,
                                    42,
                                    43,
                                    40,
                                    36,
                                    35,
                                    37,
                                    38,
                                    1,
                                    5,
                                    3,
                                    45,
                                    46,
                                    8,
                                    6,
                                    7,
                                    4,
                                    2,
                                    0
                                  ],
                             "1": [
                                    0,
                                    24,
                                    18,
                                    48,
                                    23,
                                    25,
                                    21,
                                    19,
                                    49,
                                    22,
                                    20,
                                    0
                                  ]
                          },
          "obj_function": 134.1999999999971,
             "total_com": 24537.499999995976,
           "num_vehicle": 3,
           "solver_name": "CPLEX",
                   "tex": "vehicle 1: [0, 24, 18, 48, 23, 25, 21, 19, 49, 22, 20, 0]\nvehicle 2: [0, 12, 14, 47, 17, 16, 15, 11, 9, 13, 10, 34, 31, 29, 27, 26, 28, 30, 32, 33, 50, 0]\nvehicle 3: [0, 41, 39, 44, 42, 43, 40, 36, 35, 37, 38, 1, 5, 3, 45, 46, 8, 6, 7, 4, 2, 0]\n"
}