i,vehi,obj,vehiBest,objBest,loFunc,note
1,26,7450.740000000004,25,5883.680000000001,2opt,acceptBad
2,26,7520.200000000002,25,5883.680000000001,2opt,acceptBad
3,26,7525.879999999999,25,5883.680000000001,swap,acceptBad
4,26,7525.879999999999,25,5883.680000000001,move,improve
5,26,7214.040000000001,25,5883.680000000001,move,improve
6,26,7214.040000000001,25,5883.680000000001,move,improve
7,26,7078.880000000006,25,5883.680000000001,2opt,improve
8,26,6982.060000000004,25,5883.680000000001,move,improve
9,26,6969.980000000004,25,5883.680000000001,swap,improve
