i,vehi,obj,vehiBest,objBest,loFunc,note
1,25,5883.680000000001,25,5883.680000000001,move,improve
2,25,5893.580000000002,25,5883.680000000001,swap,acceptBad
3,25,5894.699999999999,25,5883.680000000001,2opt,acceptBad
4,25,5937.519999999998,25,5883.680000000001,swap,acceptBad
5,25,5937.379999999997,25,5883.680000000001,move,improve
6,25,5940.359999999997,25,5883.680000000001,swap,acceptBad
7,25,5938.139999999998,25,5883.680000000001,move,improve
